时间(s)	位置x(m)	位置y(m)	位置z(m)	欧拉角roll(rad)	欧拉角pitch(rad)	欧拉角yaw(rad)	速度x(m/s)	速度y(m/s)	速度z(m/s)
1763641961.059853	-0.591183	0.042115	1.300710	0.014617	0.270253	1.020430	0.278185	0.054574	-0.256035
1763641961.069923	-0.590410	0.044947	1.298492	0.015729	0.290944	1.017192	0.278185	0.054574	-0.256035
1763641961.079613	-0.590410	0.044947	1.298492	0.015729	0.290944	1.017192	0.308558	0.065557	-0.304053
1763641961.090116	-0.589508	0.048052	1.294780	0.015553	0.307860	1.013950	0.370942	0.059919	-0.401921
1763641961.099759	-0.588407	0.051397	1.289536	0.015134	0.323759	1.010449	0.370942	0.059919	-0.401921
1763641961.109884	-0.588407	0.051397	1.289536	0.015134	0.323759	1.010449	0.402060	0.062352	-0.452586
1763641961.120827	-0.587239	0.055051	1.282753	0.014810	0.335677	1.006547	0.469958	0.070591	-0.555054
1763641961.131082	-0.587239	0.055051	1.282753	0.014810	0.335677	1.006547	0.502947	0.068938	-0.606464
1763641961.142510	-0.585965	0.058911	1.274180	0.015207	0.344160	1.002508	0.502947	0.068938	-0.606464
1763641961.150610	-0.585965	0.058911	1.274180	0.015207	0.344160	1.002508	0.568129	0.072916	-0.707335
1763641961.160741	-0.584622	0.063023	1.263867	0.015982	0.350920	0.998878	0.568129	0.072916	-0.707335
1763641961.169606	-0.583065	0.067433	1.251989	0.015782	0.355725	0.994747	0.599537	0.077090	-0.762802
1763641961.180181	-0.583065	0.067433	1.251989	0.015782	0.355725	0.994747	0.632944	0.079643	-0.816875
1763641961.190735	-0.581311	0.071958	1.238328	0.015724	0.358496	0.990134	0.690710	0.071799	-0.923200
1763641961.200464	-0.581311	0.071958	1.238328	0.015724	0.358496	0.990134	0.690710	0.071799	-0.923200
1763641961.211432	-0.579375	0.076771	1.222892	0.016205	0.358330	0.985394	0.723206	0.077587	-0.977273
1763641961.220164	-0.577401	0.081729	1.205833	0.017246	0.356155	0.980976	0.751498	0.083545	-1.037561
1763641961.230242	-0.577401	0.081729	1.205833	0.017246	0.356155	0.980976	0.780074	0.084130	-1.094598
1763641961.240257	-0.575260	0.087059	1.186966	0.019726	0.353443	0.976929	0.805626	0.082025	-1.151765
1763641961.250422	-0.575260	0.087059	1.186966	0.019726	0.353443	0.976929	0.836228	0.078790	-1.203565
1763641961.259746	-0.572975	0.092610	1.166419	0.018675	0.349418	0.972076	0.858250	0.080773	-1.253924
1763641961.269767	-0.570594	0.098273	1.144166	0.018867	0.343850	0.967136	0.883393	0.090762	-1.296615
1763641961.279903	-0.570594	0.098273	1.144166	0.018867	0.343850	0.967136	0.901342	0.079079	-1.340945
1763641961.289719	-0.567956	0.104185	1.120249	0.020645	0.336179	0.962298	0.926361	0.089370	-1.354567
1763641961.300330	-0.565073	0.110528	1.095112	0.021918	0.326896	0.958497	0.937005	0.092724	-1.348965
1763641961.309899	-0.565073	0.110528	1.095112	0.021918	0.326896	0.958497	0.970993	0.091022	-1.343935
1763641961.319659	-0.561835	0.117310	1.069319	0.022115	0.318235	0.953915	0.986815	0.083461	-1.326023
1763641961.330641	-0.561835	0.117310	1.069319	0.022115	0.318235	0.953915	1.001432	0.095562	-1.276073
1763641961.339547	-0.558181	0.124707	1.043429	0.023187	0.306188	0.948988	0.987480	0.078924	-1.243960
1763641961.350069	-0.558181	0.124707	1.043429	0.023187	0.306188	0.948988	0.987480	0.078924	-1.243960
1763641961.361476	-0.554074	0.132751	1.018088	0.023304	0.293961	0.943240	1.033402	0.079674	-1.102079
1763641961.370058	-0.549269	0.141629	0.994155	0.024952	0.280345	0.937897	1.033402	0.079674	-1.102079
1763641961.379770	-0.549269	0.141629	0.994155	0.024952	0.280345	0.937897	1.071866	0.079974	-0.932201
1763641961.391256	-0.543696	0.151268	0.971941	0.027072	0.266616	0.932923	1.079408	0.093784	-0.837542
1763641961.399582	-0.537557	0.161820	0.951863	0.030465	0.251941	0.927287	1.079408	0.093784	-0.837542
1763641961.410471	-0.537557	0.161820	0.951863	0.030465	0.251941	0.927287	1.094516	0.096179	-0.661558
1763641961.420814	-0.537557	0.161820	0.951863	0.030465	0.251941	0.927287	1.101294	0.061551	-0.584031
1763641961.430046	-0.530534	0.173196	0.934198	0.033612	0.238257	0.921935	1.132515	0.068916	-0.483264
1763641961.439980	-0.522805	0.185507	0.919063	0.036297	0.222688	0.916947	1.122785	0.088466	-0.399633
1763641961.450194	-0.514305	0.198517	0.906470	0.038827	0.208194	0.910967	1.136828	0.067096	-0.319460
1763641961.461317	-0.514305	0.198517	0.906470	0.038827	0.208194	0.910967	1.162018	0.097315	-0.244414
1763641961.470244	-0.505151	0.212111	0.896477	0.041249	0.193450	0.905171	1.154265	0.062400	-0.190933
1763641961.479896	-0.505151	0.212111	0.896477	0.041249	0.193450	0.905171	1.174140	0.091328	-0.134753
1763641961.490674	-0.495408	0.226208	0.888727	0.043802	0.177838	0.898754	1.183368	0.059346	-0.096059
1763641961.499738	-0.495408	0.226208	0.888727	0.043802	0.177838	0.898754	1.189996	0.072374	-0.060149
1763641961.510051	-0.485157	0.240881	0.882987	0.047619	0.164142	0.892156	1.222771	0.068364	-0.016378
1763641961.520149	-0.474382	0.255817	0.878814	0.053299	0.150392	0.886454	1.219852	0.078504	-0.003035
1763641961.529972	-0.474382	0.255817	0.878814	0.053299	0.150392	0.886454	1.211451	0.075015	0.017217
1763641961.539784	-0.463205	0.271148	0.875980	0.058169	0.136203	0.880365	1.226343	0.086666	0.006643
1763641961.549672	-0.451585	0.286571	0.873843	0.061380	0.123812	0.874031	1.234609	0.071007	0.009179
1763641961.559632	-0.451585	0.286571	0.873843	0.061380	0.123812	0.874031	1.240668	0.069287	-0.010574
1763641961.570503	-0.439866	0.302044	0.872243	0.065100	0.111754	0.867555	1.251137	0.066058	-0.006921
1763641961.579726	-0.439866	0.302044	0.872243	0.065100	0.111754	0.867555	1.249315	0.074059	-0.018082
1763641961.589855	-0.427763	0.317561	0.870894	0.070874	0.099123	0.860758	1.249315	0.074059	-0.018082
1763641961.599776	-0.415455	0.333185	0.869636	0.076666	0.089596	0.854378	1.272706	0.076097	-0.028559
1763641961.609873	-0.415455	0.333185	0.869636	0.076666	0.089596	0.854378	1.280011	0.065886	-0.035652
1763641961.620164	-0.402905	0.348858	0.868301	0.080541	0.079361	0.848649	1.283116	0.065218	-0.064173
1763641961.629689	-0.402905	0.348858	0.868301	0.080541	0.079361	0.848649	1.282701	0.052343	-0.072573
1763641961.640187	-0.390107	0.364522	0.867014	0.086377	0.069685	0.842434	1.274148	0.043872	-0.100401
1763641961.651122	-0.377238	0.379942	0.865698	0.090740	0.061357	0.836039	1.277292	0.038097	-0.100313
1763641961.661104	-0.377238	0.379942	0.865698	0.090740	0.061357	0.836039	1.270957	0.038705	-0.107782
1763641961.670217	-0.364046	0.395286	0.864293	0.096656	0.053210	0.830400	1.277560	0.028028	-0.105579
1763641961.680198	-0.364046	0.395286	0.864293	0.096656	0.053210	0.830400	1.277560	0.028028	-0.105579
1763641961.689858	-0.350714	0.410412	0.862898	0.103496	0.044782	0.824017	1.276475	0.023732	-0.086600
1763641961.699598	-0.337305	0.425625	0.861764	0.108657	0.036929	0.817782	1.274339	0.015650	-0.089344
1763641961.711134	-0.337305	0.425625	0.861764	0.108657	0.036929	0.817782	1.276244	-0.003468	-0.062187
1763641961.720708	-0.323640	0.440437	0.860997	0.114127	0.029054	0.811518	1.284857	-0.015051	-0.041070
1763641961.730245	-0.323640	0.440437	0.860997	0.114127	0.029054	0.811518	1.284857	-0.015051	-0.041070
1763641961.740438	-0.309774	0.454988	0.860582	0.118421	0.021207	0.805664	1.280281	-0.030588	-0.014448
1763641961.749651	-0.309774	0.454988	0.860582	0.118421	0.021207	0.805664	1.288864	-0.034132	-0.003974
1763641961.759701	-0.295628	0.469206	0.860680	0.123091	0.014767	0.798825	1.282914	-0.042891	0.025729
1763641961.770717	-0.281435	0.483195	0.861382	0.129160	0.008662	0.792693	1.277058	-0.035289	0.037227
1763641961.780313	-0.281435	0.483195	0.861382	0.129160	0.008662	0.792693	1.277058	-0.035289	0.037227
1763641961.791070	-0.266981	0.496866	0.862480	0.134029	0.002295	0.786088	1.276784	-0.049339	0.049928
1763641961.800106	-0.266981	0.496866	0.862480	0.134029	0.002295	0.786088	1.273940	-0.053702	0.059054
1763641961.811084	-0.252357	0.510125	0.864108	0.139990	-0.004625	0.779317	1.273450	-0.063542	0.071464
1763641961.819976	-0.237509	0.523037	0.866233	0.143925	-0.010649	0.773485	1.267810	-0.069183	0.071926
1763641961.830891	-0.237509	0.523037	0.866233	0.143925	-0.010649	0.773485	1.260308	-0.100857	0.060307
1763641961.840964	-0.222560	0.535452	0.868555	0.148090	-0.016683	0.766939	1.260308	-0.100857	0.060307
1763641961.851376	-0.207475	0.547447	0.871216	0.152882	-0.021449	0.760442	1.233905	-0.123862	0.046664
1763641961.859662	-0.207475	0.547447	0.871216	0.152882	-0.021449	0.760442	1.233905	-0.123862	0.046664
1763641961.870510	-0.192171	0.559153	0.873821	0.157598	-0.027120	0.754292	1.227169	-0.128552	0.051759
1763641961.880078	-0.192171	0.559153	0.873821	0.157598	-0.027120	0.754292	1.227169	-0.128552	0.051759
1763641961.890854	-0.176852	0.570312	0.876309	0.160146	-0.031698	0.748479	1.223071	-0.153225	0.036235
1763641961.899843	-0.161469	0.581172	0.878826	0.164224	-0.036461	0.742375	1.223071	-0.153225	0.036235
1763641961.909693	-0.161469	0.581172	0.878826	0.164224	-0.036461	0.742375	1.197885	-0.185636	-0.001161
1763641961.919727	-0.145824	0.591525	0.881090	0.168989	-0.040478	0.735891	1.197885	-0.185636	-0.001161
1763641961.931715	-0.145824	0.591525	0.881090	0.168989	-0.040478	0.735891	1.197885	-0.185636	-0.001161
1763641961.941665	-0.130148	0.601520	0.883275	0.169753	-0.043876	0.730038	1.206297	-0.199911	0.007265
1763641961.950112	-0.114427	0.610927	0.885027	0.175118	-0.048204	0.723864	1.189832	-0.220162	0.004683
1763641961.960156	-0.114427	0.610927	0.885027	0.175118	-0.048204	0.723864	1.182810	-0.239652	-0.022246
1763641961.971344	-0.098548	0.620018	0.886690	0.176383	-0.051138	0.719211	1.162643	-0.254392	-0.027806
1763641961.979922	-0.098548	0.620018	0.886690	0.176383	-0.051138	0.719211	1.162643	-0.254392	-0.027806
1763641961.990825	-0.082585	0.628614	0.888141	0.180096	-0.054245	0.713684	1.159173	-0.261942	-0.033721
1763641962.002842	-0.066611	0.636660	0.889387	0.182691	-0.057440	0.707841	1.155270	-0.278340	-0.025886
1763641962.011295	-0.066611	0.636660	0.889387	0.182691	-0.057440	0.707841	1.155270	-0.278340	-0.025886
1763641962.019892	-0.050509	0.644219	0.890382	0.182022	-0.060835	0.702210	1.112594	-0.337775	-0.057956
1763641962.029646	-0.050509	0.644219	0.890382	0.182022	-0.060835	0.702210	1.112411	-0.341272	-0.055180
1763641962.039641	-0.034321	0.651229	0.891358	0.183522	-0.064123	0.695913	1.106188	-0.350072	-0.035517
1763641962.050059	-0.034321	0.651229	0.891358	0.183522	-0.064123	0.695913	1.104536	-0.360772	-0.037344
1763641962.060151	-0.018130	0.657791	0.892129	0.183002	-0.066605	0.691000	1.097089	-0.378363	-0.035406
1763641962.070090	-0.001826	0.663797	0.892864	0.182834	-0.068980	0.685709	1.086768	-0.394114	-0.040222
1763641962.079926	-0.001826	0.663797	0.892864	0.182834	-0.068980	0.685709	1.073574	-0.421424	-0.051026
1763641962.090994	0.014494	0.669329	0.893497	0.181265	-0.071243	0.680276	1.060423	-0.428853	-0.051770
1763641962.100072	0.030770	0.674237	0.894031	0.180325	-0.073232	0.675154	1.047318	-0.440416	-0.046430
1763641962.110246	0.030770	0.674237	0.894031	0.180325	-0.073232	0.675154	1.043240	-0.442790	-0.042012
1763641962.119688	0.047210	0.678607	0.894600	0.179192	-0.075887	0.669908	1.043266	-0.453145	-0.028176
1763641962.129684	0.047210	0.678607	0.894600	0.179192	-0.075887	0.669908	1.031187	-0.466385	-0.029904
1763641962.139685	0.063710	0.682477	0.895080	0.176203	-0.077783	0.665048	1.025225	-0.488196	-0.035399
1763641962.150571	0.080042	0.685888	0.895519	0.173223	-0.079527	0.660316	1.014205	-0.506911	-0.044096
1763641962.160330	0.080042	0.685888	0.895519	0.173223	-0.079527	0.660316	0.987008	-0.526384	-0.050533
1763641962.170504	0.096385	0.688697	0.896019	0.171017	-0.081593	0.655037	0.983928	-0.535414	-0.058413
1763641962.179627	0.096385	0.688697	0.896019	0.171017	-0.081593	0.655037	0.965417	-0.540334	-0.043011
1763641962.189672	0.112787	0.690824	0.896225	0.168978	-0.084595	0.650813	0.965417	-0.540334	-0.043011
1763641962.199664	0.112787	0.690824	0.896225	0.168978	-0.084595	0.650813	0.960705	-0.544488	-0.047112
1763641962.211387	0.112787	0.690824	0.896225	0.168978	-0.084595	0.650813	0.960766	-0.551702	-0.039972
1763641962.219723	0.145386	0.693811	0.896743	0.162170	-0.088444	0.640317	0.937001	-0.590501	-0.041552
1763641962.230038	0.145386	0.693811	0.896743	0.162170	-0.088444	0.640317	0.929416	-0.604490	-0.052522
1763641962.240008	0.161657	0.694495	0.896931	0.156904	-0.089087	0.635579	0.901532	-0.621406	-0.055101
1763641962.250761	0.177925	0.694707	0.897102	0.151684	-0.090987	0.631135	0.894353	-0.630532	-0.063785
1763641962.260472	0.177925	0.694707	0.897102	0.151684	-0.090987	0.631135	0.883991	-0.637146	-0.048958
1763641962.272282	0.194045	0.694429	0.897158	0.146911	-0.092908	0.627030	0.883991	-0.637146	-0.048958
1763641962.280615	0.194045	0.694429	0.897158	0.146911	-0.092908	0.627030	0.876164	-0.650160	-0.039333
1763641962.290112	0.210033	0.693520	0.897143	0.142134	-0.095090	0.622738	0.867588	-0.654989	-0.029969
1763641962.299832	0.226050	0.692330	0.897060	0.139422	-0.096420	0.619304	0.847637	-0.668965	-0.031610
1763641962.310445	0.226050	0.692330	0.897060	0.139422	-0.096420	0.619304	0.841474	-0.686820	-0.039763
1763641962.320010	0.241749	0.690524	0.897117	0.134339	-0.097781	0.614649	0.841474	-0.686820	-0.039763
1763641962.329658	0.241749	0.690524	0.897117	0.134339	-0.097781	0.614649	0.800538	-0.713412	-0.052806
1763641962.339829	0.257327	0.688201	0.897022	0.130047	-0.098697	0.610472	0.800538	-0.713412	-0.052806
1763641962.349658	0.272868	0.685620	0.896985	0.122948	-0.099437	0.606399	0.789141	-0.722646	-0.053032
1763641962.359985	0.272868	0.685620	0.896985	0.122948	-0.099437	0.606399	0.779187	-0.724974	-0.050193
1763641962.370824	0.288255	0.682451	0.896933	0.116101	-0.100491	0.602301	0.758575	-0.730030	-0.046285
1763641962.380466	0.288255	0.682451	0.896933	0.116101	-0.100491	0.602301	0.749488	-0.738727	-0.034332
1763641962.389878	0.303544	0.678904	0.896757	0.111317	-0.102049	0.598483	0.749488	-0.738727	-0.034332
1763641962.399805	0.318661	0.675055	0.896595	0.105752	-0.103086	0.594715	0.738610	-0.747071	-0.039385
1763641962.409667	0.318661	0.675055	0.896595	0.105752	-0.103086	0.594715	0.716929	-0.765997	-0.039494
1763641962.421361	0.333478	0.670564	0.896458	0.101670	-0.103137	0.590936	0.716929	-0.765997	-0.039494
1763641962.432554	0.333478	0.670564	0.896458	0.101670	-0.103137	0.590936	0.694046	-0.784282	-0.044834
1763641962.439620	0.348070	0.665761	0.896305	0.096677	-0.104242	0.587045	0.655488	-0.807899	-0.051836
1763641962.450804	0.348070	0.665761	0.896305	0.096677	-0.104242	0.587045	0.641340	-0.811819	-0.052276
1763641962.459728	0.362517	0.660554	0.896233	0.092234	-0.104285	0.583626	0.641340	-0.811819	-0.052276
1763641962.469563	0.376701	0.654927	0.896040	0.088637	-0.105394	0.580267	0.611304	-0.810133	-0.036825
1763641962.480093	0.376701	0.654927	0.896040	0.088637	-0.105394	0.580267	0.601526	-0.815284	-0.034728
1763641962.491433	0.390630	0.649017	0.895933	0.083300	-0.105417	0.576274	0.601526	-0.815284	-0.034728
1763641962.500368	0.404418	0.642787	0.895865	0.076894	-0.105251	0.572670	0.601999	-0.820096	-0.029837
1763641962.510847	0.404418	0.642787	0.895865	0.076894	-0.105251	0.572670	0.591032	-0.822931	-0.019117
1763641962.520592	0.417961	0.636163	0.895830	0.070428	-0.104683	0.569464	0.580203	-0.833561	-0.028876
1763641962.530925	0.417961	0.636163	0.895830	0.070428	-0.104683	0.569464	0.571761	-0.840317	-0.034459
1763641962.540366	0.431259	0.629271	0.895814	0.063629	-0.103949	0.566349	0.552876	-0.843293	-0.033914
1763641962.549888	0.444206	0.622049	0.895840	0.056741	-0.102917	0.563205	0.528423	-0.855009	-0.042735
1763641962.559768	0.444206	0.622049	0.895840	0.056741	-0.102917	0.563205	0.513568	-0.867730	-0.046628
1763641962.569724	0.456960	0.614558	0.895900	0.053591	-0.103192	0.560501	0.506833	-0.868382	-0.047567
1763641962.580505	0.456960	0.614558	0.895900	0.053591	-0.103192	0.560501	0.485354	-0.872320	-0.041975
1763641962.590208	0.469380	0.606700	0.895900	0.048498	-0.102587	0.557143	0.472661	-0.866983	-0.044819
1763641962.600245	0.481635	0.598574	0.895995	0.042329	-0.102769	0.554851	0.461727	-0.864955	-0.028543
1763641962.610173	0.481635	0.598574	0.895995	0.042329	-0.102769	0.554851	0.443833	-0.860023	-0.013560
1763641962.619743	0.493580	0.590191	0.896244	0.037525	-0.101801	0.552145	0.438684	-0.865832	-0.017453
1763641962.630202	0.493580	0.590191	0.896244	0.037525	-0.101801	0.552145	0.438185	-0.868770	-0.011107
1763641962.639977	0.505145	0.581609	0.896377	0.032392	-0.101300	0.548997	0.431934	-0.866348	-0.003827
1763641962.649654	0.505145	0.581609	0.896377	0.032392	-0.101300	0.548997	0.415565	-0.875463	-0.009403
1763641962.659666	0.516467	0.572801	0.896683	0.027546	-0.100707	0.546046	0.401538	-0.879157	-0.008898
1763641962.669550	0.527507	0.563812	0.897046	0.020591	-0.099423	0.543456	0.382544	-0.880056	-0.016438
1763641962.679893	0.527507	0.563812	0.897046	0.020591	-0.099423	0.543456	0.359180	-0.889403	-0.021444
1763641962.691992	0.538205	0.554649	0.897462	0.016673	-0.098117	0.540895	0.359180	-0.889403	-0.021444
1763641962.699826	0.548608	0.545323	0.897953	0.013003	-0.098412	0.538169	0.335787	-0.890377	-0.025744
1763641962.710855	0.548608	0.545323	0.897953	0.013003	-0.098412	0.538169	0.308953	-0.882992	-0.026519
1763641962.720047	0.558718	0.535806	0.898395	0.006909	-0.097108	0.534963	0.307293	-0.879925	-0.028300
1763641962.730155	0.558718	0.535806	0.898395	0.006909	-0.097108	0.534963	0.308970	-0.871955	-0.017506
1763641962.740367	0.568388	0.526182	0.898596	0.003460	-0.096186	0.532012	0.297621	-0.872780	-0.017396
1763641962.749979	0.568388	0.526182	0.898596	0.003460	-0.096186	0.532012	0.297621	-0.872780	-0.017396
1763641962.759701	0.577869	0.516441	0.898995	-0.001390	-0.094531	0.528646	0.272583	-0.870207	-0.018389
1763641962.771178	0.587085	0.506571	0.899269	-0.006635	-0.091897	0.526245	0.257065	-0.883049	-0.025731
1763641962.779742	0.587085	0.506571	0.899269	-0.006635	-0.091897	0.526245	0.237273	-0.880002	-0.041056
1763641962.790243	0.595863	0.496633	0.899522	-0.010141	-0.090946	0.523327	0.217423	-0.876000	-0.039356
1763641962.800103	0.604378	0.486590	0.899798	-0.014244	-0.089818	0.520726	0.210486	-0.875520	-0.045591
1763641962.812573	0.604378	0.486590	0.899798	-0.014244	-0.089818	0.520726	0.199763	-0.859774	-0.044250
1763641962.820278	0.612530	0.476554	0.899999	-0.018627	-0.087078	0.517390	0.188476	-0.850748	-0.035517
1763641962.831516	0.612530	0.476554	0.899999	-0.018627	-0.087078	0.517390	0.184140	-0.851073	-0.034315
1763641962.839980	0.620483	0.466430	0.900081	-0.023880	-0.085655	0.514644	0.182648	-0.854813	-0.042315
1763641962.852772	0.627969	0.456151	0.900183	-0.028748	-0.083802	0.511895	0.161419	-0.846382	-0.039182
1763641962.859561	0.627969	0.456151	0.900183	-0.028748	-0.083802	0.511895	0.150748	-0.854178	-0.049905
1763641962.870731	0.635213	0.445927	0.900227	-0.032089	-0.081157	0.508609	0.137562	-0.859078	-0.054655
1763641962.879801	0.635213	0.445927	0.900227	-0.032089	-0.081157	0.508609	0.125653	-0.846014	-0.056223
1763641962.890549	0.642120	0.435704	0.900228	-0.035787	-0.078812	0.505663	0.099548	-0.838060	-0.048462
1763641962.900158	0.648600	0.425540	0.900200	-0.039982	-0.077384	0.502737	0.093818	-0.831118	-0.048077
1763641962.910429	0.648600	0.425540	0.900200	-0.039982	-0.077384	0.502737	0.087704	-0.810718	-0.031442
1763641962.919592	0.654935	0.415350	0.900244	-0.043141	-0.074985	0.499530	0.087704	-0.810718	-0.031442
1763641962.930368	0.654935	0.415350	0.900244	-0.043141	-0.074985	0.499530	0.062203	-0.800747	-0.029833
1763641962.939666	0.660797	0.405119	0.900246	-0.047932	-0.071733	0.496220	0.062203	-0.800747	-0.029833
1763641962.951296	0.666389	0.394941	0.900387	-0.050710	-0.069490	0.493183	0.047674	-0.803824	-0.034799
1763641962.960630	0.666389	0.394941	0.900387	-0.050710	-0.069490	0.493183	0.047674	-0.803824	-0.034799
1763641962.970130	0.671691	0.384895	0.900620	-0.054114	-0.066229	0.490535	0.025387	-0.802383	-0.040129
1763641962.979822	0.671691	0.384895	0.900620	-0.054114	-0.066229	0.490535	0.011998	-0.789101	-0.042989
1763641962.991163	0.676687	0.374859	0.900843	-0.055658	-0.063578	0.487876	-0.004236	-0.784254	-0.032750
1763641962.999954	0.681418	0.364854	0.901084	-0.057581	-0.061235	0.484978	-0.005724	-0.776837	-0.030199
1763641963.011882	0.681418	0.364854	0.901084	-0.057581	-0.061235	0.484978	-0.002652	-0.763337	-0.020281
1763641963.019905	0.685769	0.355115	0.901498	-0.059066	-0.058605	0.482294	-0.009080	-0.745870	-0.006093
1763641963.030136	0.685769	0.355115	0.901498	-0.059066	-0.058605	0.482294	-0.026611	-0.735785	-0.003547
1763641963.039684	0.689775	0.345234	0.901792	-0.063132	-0.055334	0.479591	-0.026611	-0.735785	-0.003547
1763641963.050719	0.693564	0.335534	0.902222	-0.066860	-0.051851	0.476404	-0.035650	-0.736871	-0.003435
1763641963.059950	0.693564	0.335534	0.902222	-0.066860	-0.051851	0.476404	-0.043671	-0.735963	-0.014932
1763641963.071311	0.697070	0.325943	0.902721	-0.069884	-0.048465	0.473477	-0.076908	-0.721575	-0.024341
1763641963.080378	0.697070	0.325943	0.902721	-0.069884	-0.048465	0.473477	-0.076908	-0.721575	-0.024341
1763641963.090992	0.700232	0.316556	0.903347	-0.070329	-0.046265	0.470209	-0.079783	-0.708814	-0.010016
1763641963.100151	0.703161	0.307215	0.903926	-0.071142	-0.042987	0.467398	-0.082036	-0.691622	-0.004986
1763641963.110156	0.703161	0.307215	0.903926	-0.071142	-0.042987	0.467398	-0.085113	-0.678569	-0.000430
1763641963.120130	0.705786	0.298035	0.904491	-0.072029	-0.040850	0.464446	-0.085113	-0.678569	-0.000430
1763641963.130651	0.705786	0.298035	0.904491	-0.072029	-0.040850	0.464446	-0.098878	-0.677443	-0.010660
1763641963.139574	0.708128	0.289033	0.904941	-0.073937	-0.037304	0.461409	-0.126045	-0.671875	-0.025788
1763641963.149761	0.710242	0.280236	0.905383	-0.075814	-0.033724	0.458290	-0.123884	-0.663651	-0.027177
1763641963.159743	0.710242	0.280236	0.905383	-0.075814	-0.033724	0.458290	-0.129900	-0.642029	-0.019791
1763641963.170048	0.712153	0.271473	0.905717	-0.075725	-0.030891	0.454849	-0.138605	-0.628446	-0.016595
1763641963.179802	0.712153	0.271473	0.905717	-0.075725	-0.030891	0.454849	-0.128777	-0.631109	-0.023681
1763641963.190492	0.713739	0.262927	0.905973	-0.076506	-0.028519	0.451797	-0.161093	-0.622137	-0.047397
1763641963.199630	0.715166	0.254499	0.906104	-0.077256	-0.025637	0.448920	-0.161093	-0.622137	-0.047397
1763641963.210050	0.715166	0.254499	0.906104	-0.077256	-0.025637	0.448920	-0.160913	-0.587781	-0.033283
1763641963.219835	0.716381	0.246370	0.906094	-0.078951	-0.022475	0.445956	-0.160913	-0.587781	-0.033283
1763641963.229534	0.716381	0.246370	0.906094	-0.078951	-0.022475	0.445956	-0.167933	-0.578940	-0.026053
1763641963.239323	0.717358	0.238245	0.905957	-0.078703	-0.019519	0.443106	-0.162321	-0.579817	-0.043951
1763641963.249850	0.718171	0.230314	0.905769	-0.079218	-0.016193	0.439486	-0.180389	-0.573240	-0.050211
1763641963.260029	0.718171	0.230314	0.905769	-0.079218	-0.016193	0.439486	-0.199259	-0.563518	-0.058955
1763641963.270590	0.718795	0.222694	0.905599	-0.078656	-0.012253	0.436317	-0.203653	-0.562445	-0.058808
1763641963.282804	0.718795	0.222694	0.905599	-0.078656	-0.012253	0.436317	-0.192547	-0.523274	-0.031218
1763641963.289573	0.719130	0.215195	0.905329	-0.079998	-0.009093	0.433160	-0.192547	-0.523274	-0.031218
1763641963.300350	0.719384	0.207911	0.905013	-0.080556	-0.006504	0.430129	-0.208267	-0.513463	-0.031546
1763641963.309873	0.719384	0.207911	0.905013	-0.080556	-0.006504	0.430129	-0.208267	-0.513463	-0.031546
1763641963.319968	0.719484	0.200957	0.904691	-0.078909	-0.004409	0.427389	-0.213044	-0.507726	-0.034603
1763641963.330855	0.719484	0.200957	0.904691	-0.078909	-0.004409	0.427389	-0.229303	-0.496144	-0.042498
1763641963.339802	0.719222	0.194066	0.904504	-0.078781	-0.001485	0.423977	-0.236902	-0.487408	-0.034221
1763641963.349697	0.718884	0.187291	0.904322	-0.078211	0.001606	0.420731	-0.230053	-0.470357	-0.022044
1763641963.359940	0.718884	0.187291	0.904322	-0.078211	0.001606	0.420731	-0.226955	-0.458646	-0.009810
1763641963.370046	0.718400	0.180953	0.904303	-0.077712	0.003516	0.417292	-0.224400	-0.451067	-0.014494
1763641963.381978	0.718400	0.180953	0.904303	-0.077712	0.003516	0.417292	-0.229837	-0.448131	-0.021872
1763641963.391455	0.717854	0.174613	0.904179	-0.077426	0.006654	0.415023	-0.229837	-0.448131	-0.021872
1763641963.399642	0.717052	0.168678	0.904120	-0.076053	0.009615	0.411868	-0.252631	-0.438983	-0.034563
1763641963.409691	0.717052	0.168678	0.904120	-0.076053	0.009615	0.411868	-0.256025	-0.432515	-0.035255
1763641963.420484	0.716275	0.162826	0.904044	-0.074359	0.011694	0.408527	-0.253023	-0.409634	-0.024949
1763641963.429599	0.716275	0.162826	0.904044	-0.074359	0.011694	0.408527	-0.249251	-0.397358	-0.009109
1763641963.440192	0.715256	0.157149	0.903964	-0.071561	0.013250	0.405336	-0.249251	-0.397358	-0.009109
1763641963.450673	0.714061	0.151784	0.903783	-0.071493	0.016123	0.402544	-0.242928	-0.394318	-0.019198
1763641963.459697	0.714061	0.151784	0.903783	-0.071493	0.016123	0.402544	-0.254306	-0.384826	-0.021294
1763641963.469636	0.712872	0.146537	0.903716	-0.070953	0.017835	0.400005	-0.267181	-0.379566	-0.030308
1763641963.479578	0.712872	0.146537	0.903716	-0.070953	0.017835	0.400005	-0.267256	-0.375763	-0.029980
1763641963.491048	0.711620	0.141628	0.903536	-0.066654	0.019827	0.397204	-0.258090	-0.355554	-0.024438
1763641963.501082	0.710152	0.136787	0.903362	-0.065502	0.021853	0.394706	-0.262279	-0.338177	-0.011436
1763641963.510057	0.710152	0.136787	0.903362	-0.065502	0.021853	0.394706	-0.262390	-0.333154	-0.013955
1763641963.520221	0.708630	0.132134	0.903196	-0.064313	0.023969	0.392056	-0.262390	-0.333154	-0.013955
1763641963.531303	0.708630	0.132134	0.903196	-0.064313	0.023969	0.392056	-0.263029	-0.334348	-0.027524
1763641963.540174	0.707157	0.127721	0.902984	-0.064289	0.026274	0.389136	-0.280149	-0.321166	-0.035403
1763641963.552144	0.705559	0.123516	0.902751	-0.062912	0.028480	0.386429	-0.275762	-0.317239	-0.029876
1763641963.560180	0.705559	0.123516	0.902751	-0.062912	0.028480	0.386429	-0.259420	-0.299053	-0.018690
1763641963.569587	0.703900	0.119492	0.902410	-0.060843	0.029844	0.383863	-0.260796	-0.285790	-0.005760
1763641963.580687	0.703900	0.119492	0.902410	-0.060843	0.029844	0.383863	-0.266211	-0.277304	-0.007845
1763641963.589706	0.702152	0.115721	0.902170	-0.057958	0.031948	0.380441	-0.262149	-0.287331	-0.020086
1763641963.600101	0.700390	0.112048	0.901816	-0.056655	0.034393	0.378291	-0.264960	-0.283830	-0.022374
1763641963.610577	0.700390	0.112048	0.901816	-0.056655	0.034393	0.378291	-0.273346	-0.272527	-0.029179
1763641963.620124	0.698568	0.108513	0.901472	-0.055039	0.035928	0.375977	-0.286042	-0.263163	-0.024726
1763641963.630025	0.698568	0.108513	0.901472	-0.055039	0.035928	0.375977	-0.274051	-0.248768	-0.018215
1763641963.639957	0.696708	0.105208	0.901216	-0.053759	0.037148	0.373461	-0.257600	-0.242021	-0.003938
1763641963.651162	0.694799	0.102098	0.900993	-0.052632	0.038671	0.371003	-0.261932	-0.230999	-0.002402
1763641963.660436	0.694799	0.102098	0.900993	-0.052632	0.038671	0.371003	-0.266265	-0.231135	-0.014408
1763641963.671575	0.692921	0.099175	0.900723	-0.048726	0.039638	0.368557	-0.267152	-0.233548	-0.016671
1763641963.680535	0.692921	0.099175	0.900723	-0.048726	0.039638	0.368557	-0.266114	-0.226629	-0.020152
1763641963.690099	0.691005	0.096423	0.900602	-0.048046	0.041077	0.365972	-0.266114	-0.226629	-0.020152
1763641963.699684	0.689211	0.093782	0.900224	-0.045206	0.042337	0.363538	-0.272297	-0.219588	-0.017901
1763641963.715386	0.689211	0.093782	0.900224	-0.045206	0.042337	0.363538	-0.253745	-0.194416	-0.001013
1763641963.721656	0.687300	0.091323	0.899955	-0.042927	0.042883	0.361094	-0.256146	-0.187909	-0.002853
1763641963.730692	0.687300	0.091323	0.899955	-0.042927	0.042883	0.361094	-0.256146	-0.187909	-0.002853
1763641963.740259	0.685328	0.089052	0.899648	-0.043006	0.044389	0.358918	-0.270140	-0.189347	-0.025670
1763641963.749700	0.683534	0.087009	0.899281	-0.041115	0.045487	0.356452	-0.268297	-0.181914	-0.025626
1763641963.759686	0.683534	0.087009	0.899281	-0.041115	0.045487	0.356452	-0.271161	-0.171986	-0.018158
1763641963.770328	0.681636	0.085005	0.899000	-0.039391	0.045941	0.354218	-0.264971	-0.157897	-0.011510
1763641963.782345	0.681636	0.085005	0.899000	-0.039391	0.045941	0.354218	-0.251063	-0.150724	-0.000384
1763641963.789838	0.679733	0.083205	0.898726	-0.038827	0.046893	0.352651	-0.251063	-0.150724	-0.000384
1763641963.800777	0.677924	0.081520	0.898365	-0.036910	0.048519	0.349428	-0.244872	-0.149247	-0.005090
1763641963.810080	0.677924	0.081520	0.898365	-0.036910	0.048519	0.349428	-0.254245	-0.153901	-0.012278
1763641963.820221	0.676071	0.079878	0.898068	-0.034751	0.048882	0.347632	-0.256609	-0.140897	-0.017327
1763641963.829854	0.676071	0.079878	0.898068	-0.034751	0.048882	0.347632	-0.261508	-0.130219	-0.006222
1763641963.840852	0.674328	0.078486	0.897771	-0.031953	0.049060	0.345260	-0.247480	-0.121809	-0.005140
1763641963.849659	0.672557	0.077242	0.897521	-0.029910	0.049296	0.343138	-0.237196	-0.116586	0.002059
1763641963.860527	0.672557	0.077242	0.897521	-0.029910	0.049296	0.343138	-0.240686	-0.104334	-0.001829
1763641963.869399	0.670811	0.076140	0.897286	-0.027214	0.050009	0.340375	-0.238337	-0.116993	-0.011993
1763641963.879918	0.670811	0.076140	0.897286	-0.027214	0.050009	0.340375	-0.238337	-0.116993	-0.011993
1763641963.889414	0.668944	0.075035	0.897000	-0.027053	0.051218	0.338623	-0.246064	-0.119918	-0.020653
1763641963.899400	0.667321	0.074060	0.896679	-0.024498	0.051135	0.336784	-0.243424	-0.112405	-0.021707
1763641963.909787	0.667321	0.074060	0.896679	-0.024498	0.051135	0.336784	-0.250780	-0.097708	-0.009020
1763641963.919548	0.665706	0.073226	0.896514	-0.022246	0.051653	0.334900	-0.240557	-0.090130	-0.005922
1763641963.930931	0.665706	0.073226	0.896514	-0.022246	0.051653	0.334900	-0.222807	-0.088256	0.005054
1763641963.939640	0.664218	0.072555	0.896336	-0.018691	0.051039	0.332539	-0.218493	-0.079409	0.015088
1763641963.950440	0.662664	0.071934	0.896113	-0.016226	0.052093	0.330360	-0.223119	-0.078208	0.008002
1763641963.959641	0.662664	0.071934	0.896113	-0.016226	0.052093	0.330360	-0.223119	-0.078208	0.008002
1763641963.969909	0.661225	0.071443	0.895974	-0.015863	0.052231	0.328530	-0.222883	-0.083254	0.001281
1763641963.980602	0.661225	0.071443	0.895974	-0.015863	0.052231	0.328530	-0.224289	-0.079340	0.002190
1763641963.991808	0.659818	0.071020	0.895949	-0.014302	0.051604	0.327073	-0.223654	-0.069975	0.005524
1763641963.999715	0.658480	0.070664	0.895976	-0.013877	0.051587	0.325217	-0.227280	-0.059350	0.003907
1763641964.009788	0.658480	0.070664	0.895976	-0.013877	0.051587	0.325217	-0.212868	-0.051944	0.011783
1763641964.019891	0.657203	0.070322	0.895924	-0.011494	0.051407	0.322521	-0.198402	-0.050137	0.015198
1763641964.029692	0.657203	0.070322	0.895924	-0.011494	0.051407	0.322521	-0.204640	-0.052711	0.008895
1763641964.040227	0.655900	0.070161	0.895781	-0.011490	0.052531	0.320593	-0.211681	-0.056077	-0.003161
1763641964.050281	0.654755	0.070031	0.895691	-0.009625	0.053176	0.318499	-0.209511	-0.055936	-0.006958
1763641964.060072	0.654755	0.070031	0.895691	-0.009625	0.053176	0.318499	-0.204238	-0.046399	0.000907
1763641964.069891	0.653599	0.070010	0.895655	-0.008687	0.052722	0.316927	-0.201974	-0.034314	0.007367
1763641964.080194	0.653599	0.070010	0.895655	-0.008687	0.052722	0.316927	-0.191178	-0.030654	0.014184
1763641964.090087	0.652501	0.070073	0.895619	-0.007469	0.052522	0.315077	-0.181375	-0.026579	0.016166
1763641964.100113	0.651552	0.070169	0.895509	-0.003967	0.052115	0.312819	-0.184710	-0.028691	0.011964
1763641964.109590	0.651552	0.070169	0.895509	-0.003967	0.052115	0.312819	-0.189303	-0.033007	-0.001094
1763641964.119666	0.650604	0.070343	0.895353	-0.003555	0.051669	0.311121	-0.189618	-0.036828	-0.008507
1763641964.129739	0.650604	0.070343	0.895353	-0.003555	0.051669	0.311121	-0.191160	-0.025399	0.001540
1763641964.139733	0.649765	0.070492	0.895211	-0.004172	0.051635	0.309463	-0.188074	-0.015955	0.005754
1763641964.151101	0.649765	0.070492	0.895211	-0.004172	0.051635	0.309463	-0.178088	-0.013308	0.012175
1763641964.160619	0.648888	0.070694	0.895153	-0.001626	0.050887	0.307370	-0.166457	-0.007982	0.015834
1763641964.169886	0.648144	0.071001	0.894959	-0.000243	0.051023	0.305765	-0.165915	-0.007279	0.016081
1763641964.180256	0.648144	0.071001	0.894959	-0.000243	0.051023	0.305765	-0.165839	-0.014405	0.008855
1763641964.189752	0.647482	0.071364	0.894900	0.003496	0.049997	0.303745	-0.168199	-0.023199	-0.001810
1763641964.200349	0.646872	0.071776	0.894880	0.005974	0.049289	0.301894	-0.169603	-0.012070	0.001204
1763641964.210818	0.646872	0.071776	0.894880	0.005974	0.049289	0.301894	-0.168398	-0.000146	0.010132
1763641964.219808	0.646384	0.072112	0.894718	0.007542	0.048268	0.300393	-0.163287	0.004714	0.016517
1763641964.229887	0.646384	0.072112	0.894718	0.007542	0.048268	0.300393	-0.144163	0.002682	0.017860
1763641964.239711	0.645779	0.072458	0.894589	0.009146	0.047604	0.297985	-0.142735	0.002941	0.017606
1763641964.249739	0.645328	0.072861	0.894514	0.008798	0.047792	0.295545	-0.151804	0.002754	0.009320
1763641964.260330	0.645328	0.072861	0.894514	0.008798	0.047792	0.295545	-0.161724	-0.005038	-0.003911
1763641964.269617	0.644953	0.073271	0.894400	0.011121	0.046361	0.293994	-0.155241	-0.005297	-0.001629
1763641964.279798	0.644953	0.073271	0.894400	0.011121	0.046361	0.293994	-0.146899	0.003407	0.008855
1763641964.289695	0.644693	0.073676	0.894291	0.011527	0.045085	0.292154	-0.148282	0.013861	0.021433
1763641964.299815	0.644428	0.074136	0.894254	0.013778	0.043519	0.290443	-0.137275	0.016028	0.021827
1763641964.310018	0.644428	0.074136	0.894254	0.013778	0.043519	0.290443	-0.132136	0.012553	0.025131
1763641964.320362	0.644213	0.074551	0.894268	0.016046	0.042621	0.288819	-0.126563	0.011736	0.023649
1763641964.330679	0.644213	0.074551	0.894268	0.016046	0.042621	0.288819	-0.132410	0.002246	0.012645
1763641964.340451	0.644060	0.074986	0.894354	0.019225	0.041730	0.286999	-0.140059	-0.000560	0.006366
1763641964.350446	0.643993	0.075391	0.894363	0.020853	0.040850	0.285339	-0.131890	0.004028	0.010712
1763641964.360540	0.643993	0.075391	0.894363	0.020853	0.040850	0.285339	-0.132212	0.017056	0.025426
1763641964.369823	0.643959	0.075788	0.894363	0.021740	0.040223	0.283493	-0.132212	0.017056	0.025426
1763641964.379836	0.643959	0.075788	0.894363	0.021740	0.040223	0.283493	-0.108467	0.008700	0.016707
1763641964.392034	0.643947	0.076237	0.894338	0.022275	0.039336	0.281514	-0.126894	0.003772	0.003626
1763641964.399518	0.643952	0.076598	0.894299	0.023750	0.038471	0.279387	-0.132202	0.003706	-0.003826
1763641964.409764	0.643952	0.076598	0.894299	0.023750	0.038471	0.279387	-0.117397	0.006479	0.004786
1763641964.420155	0.644132	0.076882	0.894214	0.024816	0.038021	0.277096	-0.105820	0.016173	0.020040
1763641964.429913	0.644132	0.076882	0.894214	0.024816	0.038021	0.277096	-0.103485	0.018513	0.025478
1763641964.439928	0.644344	0.077155	0.894200	0.025740	0.036769	0.275262	-0.109150	0.014520	0.019994
1763641964.450165	0.644569	0.077397	0.894221	0.026692	0.034951	0.273688	-0.101613	0.009382	0.014397
1763641964.460824	0.644569	0.077397	0.894221	0.026692	0.034951	0.273688	-0.105301	0.002536	0.008178
1763641964.471404	0.644794	0.077612	0.894231	0.028040	0.033413	0.271739	-0.105301	0.002536	0.008178
1763641964.479832	0.644794	0.077612	0.894231	0.028040	0.033413	0.271739	-0.106566	0.007808	0.008828
1763641964.489753	0.645092	0.077828	0.894212	0.028828	0.032610	0.269650	-0.094971	0.017975	0.024274
1763641964.499769	0.645417	0.077966	0.894186	0.029194	0.031770	0.267543	-0.089530	0.019703	0.029895
1763641964.509890	0.645417	0.077966	0.894186	0.029194	0.031770	0.267543	-0.089530	0.019703	0.029895
1763641964.520757	0.645749	0.078119	0.894142	0.029169	0.031104	0.266081	-0.095306	-0.000745	0.010277
1763641964.530410	0.645749	0.078119	0.894142	0.029169	0.031104	0.266081	-0.097213	-0.005244	0.000863
1763641964.540158	0.646182	0.078179	0.894091	0.028086	0.030311	0.264392	-0.103334	-0.000091	-0.002005
1763641964.581639	0.647057	0.078048	0.893969	0.026894	0.029112	0.261038	-0.081607	0.008282	0.022406
1763641964.586611	0.647644	0.077981	0.893992	0.026200	0.028419	0.258829	-0.087451	0.009638	0.018463
1763641964.597008	0.648108	0.077908	0.894031	0.027164	0.028091	0.257318	-0.087801	-0.003529	0.011253
1763641964.607028	0.648108	0.077908	0.894031	0.027164	0.028091	0.257318	-0.090482	-0.012240	0.002152
1763641964.617127	0.648640	0.077623	0.893969	0.026847	0.027356	0.255666	-0.095278	-0.009589	0.007073
1763641964.627593	0.648640	0.077623	0.893969	0.026847	0.027356	0.255666	-0.096917	-0.001891	0.015868
1763641964.636996	0.649139	0.077398	0.894112	0.027799	0.026055	0.254093	-0.090821	-0.000250	0.023221
1763641964.646982	0.649855	0.077145	0.894251	0.029141	0.025250	0.252348	-0.071268	-0.000992	0.034526
1763641964.656991	0.649855	0.077145	0.894251	0.029141	0.025250	0.252348	-0.069383	-0.000192	0.039870
1763641964.667000	0.650413	0.076844	0.894432	0.029911	0.023932	0.250499	-0.074206	-0.003455	0.035373
1763641964.677352	0.650413	0.076844	0.894432	0.029911	0.023932	0.250499	-0.081060	-0.012656	0.024338
1763641964.690526	0.650959	0.076435	0.894675	0.030371	0.022853	0.249184	-0.079531	-0.013244	0.027785
1763641964.701519	0.651564	0.075957	0.894947	0.031416	0.021730	0.247110	-0.081086	-0.005481	0.034608
1763641964.708225	0.651564	0.075957	0.894947	0.031416	0.021730	0.247110	-0.070995	-0.005438	0.037385
1763641964.718171	0.652166	0.075414	0.895274	0.032051	0.020469	0.245169	-0.070995	-0.005438	0.037385
1763641964.727380	0.652166	0.075414	0.895274	0.032051	0.020469	0.245169	-0.070286	-0.005923	0.030377
1763641964.737348	0.652794	0.074879	0.895526	0.031126	0.020254	0.243687	-0.083147	-0.023793	0.003575
1763641964.747035	0.652794	0.074879	0.895526	0.031126	0.020254	0.243687	-0.079088	-0.018735	0.006447
1763641964.757015	0.653453	0.074243	0.895781	0.028763	0.020936	0.242500	-0.067366	-0.007596	0.020671
1763641964.766966	0.654087	0.073565	0.895911	0.028114	0.020259	0.239929	-0.063686	-0.011371	0.029725
1763641964.777138	0.654087	0.073565	0.895911	0.028114	0.020259	0.239929	-0.060343	-0.019476	0.013024
1763641964.787587	0.654689	0.072825	0.895972	0.026685	0.018998	0.238641	-0.060343	-0.019476	0.013024
1763641964.797175	0.655305	0.072131	0.895975	0.026225	0.017821	0.236741	-0.068590	-0.026647	0.004621
1763641964.807162	0.655305	0.072131	0.895975	0.026225	0.017821	0.236741	-0.082251	-0.019897	-0.000112
1763641964.817104	0.655863	0.071314	0.895856	0.025586	0.016927	0.234907	-0.076650	-0.024175	-0.001105
1763641964.827424	0.655863	0.071314	0.895856	0.025586	0.016927	0.234907	-0.062101	-0.016175	0.007393
1763641964.838405	0.656485	0.070425	0.895756	0.025710	0.015935	0.234063	-0.056306	-0.012841	0.013423
1763641964.847438	0.657108	0.069478	0.895556	0.024124	0.014992	0.232242	-0.068504	-0.019527	0.005434
1763641964.857215	0.657108	0.069478	0.895556	0.024124	0.014992	0.232242	-0.077742	-0.035565	-0.009742
1763641964.867042	0.657667	0.068518	0.895352	0.023911	0.013619	0.230354	-0.077742	-0.035565	-0.009742
1763641964.877010	0.657667	0.068518	0.895352	0.023911	0.013619	0.230354	-0.077400	-0.022190	0.003298
1763641964.887345	0.658215	0.067547	0.895211	0.025627	0.011922	0.229416	-0.077400	-0.022190	0.003298
1763641964.897570	0.658753	0.066521	0.895211	0.025285	0.011405	0.227810	-0.061517	-0.023347	0.014181
1763641964.907428	0.658753	0.066521	0.895211	0.025285	0.011405	0.227810	-0.059481	-0.021083	0.022522
1763641964.917384	0.659322	0.065329	0.895230	0.024789	0.011498	0.226227	-0.071287	-0.023545	0.020936
1763641964.927919	0.659322	0.065329	0.895230	0.024789	0.011498	0.226227	-0.067223	-0.036133	0.014276
1763641964.937379	0.659838	0.064268	0.895240	0.024669	0.010991	0.225155	-0.068067	-0.046195	0.010680
1763641964.947817	0.660249	0.063128	0.895344	0.024754	0.010383	0.223701	-0.071522	-0.042286	0.019472
1763641964.957219	0.660249	0.063128	0.895344	0.024754	0.010383	0.223701	-0.074246	-0.033518	0.029295
1763641964.967010	0.660609	0.061897	0.895561	0.022145	0.009576	0.221920	-0.075143	-0.026887	0.034921
1763641964.977010	0.660609	0.061897	0.895561	0.022145	0.009576	0.221920	-0.058391	-0.030684	0.041252
1763641964.987014	0.660977	0.060604	0.895918	0.021168	0.009819	0.220856	-0.058391	-0.030684	0.041252
1763641964.998494	0.661351	0.059356	0.896240	0.018296	0.009985	0.218993	-0.077672	-0.049344	0.016201
1763641965.007542	0.661351	0.059356	0.896240	0.018296	0.009985	0.218993	-0.077672	-0.049344	0.016201
1763641965.017031	0.661736	0.058077	0.896529	0.020908	0.009574	0.217122	-0.078261	-0.042877	0.014871
1763641965.027719	0.661736	0.058077	0.896529	0.020908	0.009574	0.217122	-0.067839	-0.035672	0.031799
1763641965.037017	0.662036	0.056619	0.896885	0.020498	0.009904	0.215734	-0.058361	-0.037990	0.023152
1763641965.048366	0.662312	0.055328	0.897084	0.020169	0.008524	0.214086	-0.065736	-0.043063	0.014104
1763641965.061959	0.662312	0.055328	0.897084	0.020169	0.008524	0.214086	-0.080502	-0.046482	0.003846
1763641965.067245	0.662463	0.053911	0.897153	0.019483	0.009063	0.213245	-0.080502	-0.046482	0.003846
1763641965.077157	0.662463	0.053911	0.897153	0.019483	0.009063	0.213245	-0.067815	-0.033831	0.016762
1763641965.088724	0.662617	0.052482	0.897330	0.017165	0.008061	0.212093	-0.065620	-0.032767	0.019468
1763641965.097797	0.662881	0.050989	0.897374	0.015589	0.007909	0.209892	-0.067161	-0.047519	0.002056
1763641965.109432	0.662881	0.050989	0.897374	0.015589	0.007909	0.209892	-0.067161	-0.047519	0.002056
1763641965.117890	0.663091	0.049551	0.897257	0.014337	0.007501	0.209582	-0.072238	-0.050343	-0.010885
1763641965.127977	0.663091	0.049551	0.897257	0.014337	0.007501	0.209582	-0.085582	-0.043744	-0.012507
1763641965.137450	0.663144	0.048122	0.897146	0.013736	0.007030	0.207686	-0.083914	-0.040109	-0.008591
1763641965.147261	0.663128	0.046656	0.897009	0.012418	0.007627	0.206005	-0.066031	-0.040286	0.003230
1763641965.157184	0.663128	0.046656	0.897009	0.012418	0.007627	0.206005	-0.074197	-0.036700	0.000458
1763641965.168593	0.663111	0.045163	0.896824	0.011737	0.007462	0.204286	-0.074197	-0.036700	0.000458
1763641965.177071	0.663111	0.045163	0.896824	0.011737	0.007462	0.204286	-0.083824	-0.045528	-0.006260
1763641965.187401	0.662986	0.043630	0.896665	0.011472	0.008061	0.203170	-0.082640	-0.049382	-0.012091
1763641965.197672	0.662998	0.042134	0.896463	0.010223	0.007891	0.202186	-0.079847	-0.032625	0.008762
1763641965.209606	0.662998	0.042134	0.896463	0.010223	0.007891	0.202186	-0.074653	-0.033761	0.014653
1763641965.217656	0.662991	0.040569	0.896397	0.010888	0.007655	0.200701	-0.072768	-0.028746	0.022083
1763641965.226922	0.662991	0.040569	0.896397	0.010888	0.007655	0.200701	-0.072469	-0.033712	0.018156
1763641965.236963	0.662800	0.039161	0.896318	0.009645	0.008728	0.199346	-0.082889	-0.042687	0.011312
1763641965.248036	0.662521	0.037591	0.896337	0.010370	0.008008	0.198224	-0.090029	-0.049910	0.002857
1763641965.256722	0.662521	0.037591	0.896337	0.010370	0.008008	0.198224	-0.084916	-0.045607	0.008943
1763641965.267401	0.662266	0.036132	0.896422	0.010013	0.008637	0.197169	-0.084916	-0.045607	0.008943
1763641965.276897	0.662266	0.036132	0.896422	0.010013	0.008637	0.197169	-0.083577	-0.031842	0.020993
1763641965.286802	0.661987	0.034618	0.896618	0.006800	0.009021	0.195415	-0.081557	-0.026618	0.027518
1763641965.296730	0.661675	0.033138	0.896834	0.004174	0.009657	0.194075	-0.074084	-0.036484	0.021581
1763641965.308775	0.661675	0.033138	0.896834	0.004174	0.009657	0.194075	-0.074084	-0.036484	0.021581
1763641965.318688	0.661282	0.031660	0.897058	0.004958	0.010403	0.192510	-0.084751	-0.039773	0.013738
1763641965.327753	0.661282	0.031660	0.897058	0.004958	0.010403	0.192510	-0.089428	-0.036728	0.012297
1763641965.337058	0.660873	0.030162	0.897158	0.004465	0.010985	0.190577	-0.072629	-0.025084	0.028302
1763641965.347179	0.660873	0.030162	0.897158	0.004465	0.010985	0.190577	-0.072629	-0.025084	0.028302
1763641965.356942	0.660439	0.028719	0.897397	0.005957	0.011289	0.190130	-0.084094	-0.028939	0.020078
1763641965.366975	0.659975	0.027325	0.897556	0.003814	0.012272	0.188692	-0.084094	-0.028939	0.020078
1763641965.377899	0.659975	0.027325	0.897556	0.003814	0.012272	0.188692	-0.086596	-0.033308	0.003036
1763641965.387850	0.659583	0.025967	0.897738	0.003555	0.013227	0.187491	-0.086596	-0.033308	0.003036
1763641965.397112	0.658963	0.024649	0.897787	0.002590	0.014050	0.186529	-0.083424	-0.021825	0.012277
1763641965.407031	0.658963	0.024649	0.897787	0.002590	0.014050	0.186529	-0.072373	-0.019260	0.012868
1763641965.417104	0.658516	0.023208	0.897723	0.003803	0.014051	0.184827	-0.079181	-0.028473	0.001797
1763641965.427539	0.658516	0.023208	0.897723	0.003803	0.014051	0.184827	-0.079181	-0.028473	0.001797
1763641965.438638	0.657918	0.021893	0.897733	0.003621	0.014311	0.184518	-0.085388	-0.027629	-0.011720
1763641965.447140	0.657368	0.020549	0.897567	0.002656	0.014994	0.183467	-0.076015	-0.013856	0.006444
1763641965.457072	0.657368	0.020549	0.897567	0.002656	0.014994	0.183467	-0.072158	-0.012644	0.010063
1763641965.467123	0.656715	0.019289	0.897456	0.001192	0.015500	0.182430	-0.078218	-0.018262	0.002511
1763641965.477039	0.656715	0.019289	0.897456	0.001192	0.015500	0.182430	-0.074796	-0.024876	-0.007659
1763641965.487300	0.656090	0.018091	0.897313	0.000431	0.015982	0.181361	-0.085185	-0.023681	-0.013343
1763641965.497336	0.655446	0.016885	0.897021	0.001327	0.016564	0.180183	-0.092201	-0.017883	-0.013676
1763641965.507434	0.655446	0.016885	0.897021	0.001327	0.016564	0.180183	-0.086331	-0.010799	-0.004614
1763641965.518594	0.654689	0.015704	0.896822	0.000451	0.017070	0.179156	-0.074705	-0.006005	0.010446
1763641965.527336	0.654689	0.015704	0.896822	0.000451	0.017070	0.179156	-0.072783	-0.007024	0.006534
1763641965.537865	0.654004	0.014623	0.896658	0.000101	0.017678	0.178144	-0.076210	-0.017991	-0.001701
1763641965.547305	0.653307	0.013386	0.896463	0.000782	0.017525	0.176380	-0.082172	-0.021477	-0.011148
1763641965.557509	0.653307	0.013386	0.896463	0.000782	0.017525	0.176380	-0.088272	-0.015478	-0.007151
1763641965.567864	0.652525	0.012265	0.896410	-0.000369	0.017826	0.175907	-0.090856	-0.004669	0.008536
1763641965.577338	0.652525	0.012265	0.896410	-0.000369	0.017826	0.175907	-0.072454	-0.003702	0.014914
1763641965.588412	0.651701	0.011213	0.896274	-0.000745	0.017591	0.174903	-0.062609	-0.007375	0.022450
1763641965.597666	0.650943	0.010254	0.896262	-0.001069	0.018744	0.174038	-0.063919	-0.001171	0.021090
1763641965.608239	0.650943	0.010254	0.896262	-0.001069	0.018744	0.174038	-0.078050	-0.004458	0.016077
1763641965.617739	0.650069	0.009356	0.896250	0.000397	0.019299	0.173870	-0.087576	-0.008128	0.007709
1763641965.626935	0.650069	0.009356	0.896250	0.000397	0.019299	0.173870	-0.081851	-0.012196	0.006965
1763641965.637039	0.649323	0.008348	0.896334	-0.000216	0.019295	0.172661	-0.079747	0.001398	0.019183
1763641965.648072	0.648361	0.007358	0.896483	-0.000589	0.019363	0.171414	-0.079747	0.001398	0.019183
1763641965.657218	0.648361	0.007358	0.896483	-0.000589	0.019363	0.171414	-0.076962	0.009217	0.027849
1763641965.667035	0.647582	0.006582	0.896603	-0.000674	0.019398	0.170487	-0.071189	0.000578	0.016859
1763641965.677730	0.647582	0.006582	0.896603	-0.000674	0.019398	0.170487	-0.088622	0.003747	0.004185
1763641965.687128	0.646766	0.005855	0.896751	-0.000446	0.019821	0.169240	-0.088622	0.003747	0.004185
1763641965.697414	0.645831	0.004989	0.896881	-0.000396	0.018889	0.168489	-0.090582	0.009789	0.009583
1763641965.707452	0.645831	0.004989	0.896881	-0.000396	0.018889	0.168489	-0.063710	0.009808	0.023211
1763641965.716898	0.644960	0.004214	0.897086	-0.000758	0.018731	0.167454	-0.058734	0.014588	0.023578
1763641965.727950	0.644960	0.004214	0.897086	-0.000758	0.018731	0.167454	-0.058734	0.014588	0.023578
1763641965.737534	0.644085	0.003479	0.897117	0.000089	0.019732	0.166184	-0.087283	0.002525	-0.000213
1763641965.747041	0.643181	0.002812	0.897071	-0.001826	0.021020	0.165833	-0.077201	0.001719	-0.002373
1763641965.758647	0.643181	0.002812	0.897071	-0.001826	0.021020	0.165833	-0.071177	0.021824	0.014645
1763641965.767665	0.642296	0.002105	0.897071	-0.001898	0.021882	0.165379	-0.071177	0.021824	0.014645
1763641965.777463	0.642296	0.002105	0.897071	-0.001898	0.021882	0.165379	-0.073110	0.015693	0.009530
1763641965.787486	0.641243	0.001531	0.897088	-0.001107	0.021219	0.163903	-0.063803	0.006820	-0.000974
1763641965.797435	0.640343	0.001050	0.897105	-0.001125	0.022132	0.163136	-0.082172	0.012696	-0.007747
1763641965.809520	0.640343	0.001050	0.897105	-0.001125	0.022132	0.163136	-0.086498	0.015221	-0.010928
1763641965.817086	0.639501	0.000491	0.897050	-0.000559	0.022034	0.161916	-0.067862	0.018226	0.002697
1763641965.828393	0.639501	0.000491	0.897050	-0.000559	0.022034	0.161916	-0.054274	0.022883	0.017115
1763641965.837262	0.638453	-0.000020	0.896855	0.000225	0.022908	0.160382	-0.062853	0.027603	0.010255
1763641965.847262	0.637420	-0.000489	0.896730	0.000401	0.022348	0.160183	-0.075797	0.018409	0.001031
1763641965.857805	0.637420	-0.000489	0.896730	0.000401	0.022348	0.160183	-0.073022	0.012287	-0.007541
1763641965.868084	0.636535	-0.000913	0.896627	0.001638	0.022355	0.159849	-0.072035	0.011819	-0.002114
1763641965.877293	0.636535	-0.000913	0.896627	0.001638	0.022355	0.159849	-0.076440	0.028723	0.008181
1763641965.888477	0.635567	-0.001326	0.896568	0.003174	0.022157	0.159173	-0.070310	0.032806	0.009282
1763641965.897749	0.634617	-0.001672	0.896616	0.002506	0.022930	0.158080	-0.066975	0.031353	0.013656
1763641965.909304	0.634617	-0.001672	0.896616	0.002506	0.022930	0.158080	-0.065028	0.019995	0.001663
1763641965.917714	0.633671	-0.001954	0.896700	-0.000666	0.024464	0.156594	-0.079953	0.019896	-0.006830
1763641965.926947	0.633671	-0.001954	0.896700	-0.000666	0.024464	0.156594	-0.079953	0.019896	-0.006830
1763641965.936994	0.632694	-0.002279	0.896717	0.000545	0.025258	0.155281	-0.081482	0.031257	0.008141
1763641965.947331	0.631779	-0.002587	0.896718	-0.000123	0.026429	0.154920	-0.081482	0.031257	0.008141
1763641965.957508	0.631779	-0.002587	0.896718	-0.000123	0.026429	0.154920	-0.059040	0.034510	0.022547
1763641965.967346	0.630708	-0.002811	0.896790	-0.000784	0.026780	0.153700	-0.059040	0.034510	0.022547
1763641965.976998	0.630708	-0.002811	0.896790	-0.000784	0.026780	0.153700	-0.062950	0.024136	0.010351
1763641965.989515	0.629806	-0.003008	0.896959	0.000286	0.026733	0.152756	-0.076865	0.027554	0.008968
1763641965.997004	0.628918	-0.003181	0.897157	0.000610	0.027144	0.151730	-0.073425	0.027701	0.008276
1763641966.007119	0.628918	-0.003181	0.897157	0.000610	0.027144	0.151730	-0.065196	0.033108	0.012773
1763641966.019021	0.627953	-0.003287	0.897324	0.001412	0.026950	0.150591	-0.058243	0.041502	0.023138
1763641966.027021	0.627953	-0.003287	0.897324	0.001412	0.026950	0.150591	-0.062870	0.040295	0.015406
1763641966.037146	0.627166	-0.003412	0.897456	0.002581	0.026429	0.149920	-0.069211	0.026078	0.001195
1763641966.048316	0.626134	-0.003509	0.897573	0.004110	0.027626	0.148955	-0.065437	0.024219	-0.010856
1763641966.057114	0.626134	-0.003509	0.897573	0.004110	0.027626	0.148955	-0.069545	0.039038	0.005811
1763641966.068570	0.625243	-0.003538	0.897678	0.005499	0.028057	0.148246	-0.063057	0.047288	0.019303
1763641966.078393	0.625243	-0.003538	0.897678	0.005499	0.028057	0.148246	-0.047621	0.032740	0.007924
1763641966.087082	0.624334	-0.003581	0.897758	0.005982	0.027866	0.147717	-0.047621	0.032740	0.007924
1763641966.097509	0.623482	-0.003661	0.897953	0.007452	0.027650	0.146411	-0.060572	0.035149	-0.000865
1763641966.107927	0.623482	-0.003661	0.897953	0.007452	0.027650	0.146411	-0.062563	0.038816	0.003138
1763641966.117174	0.622597	-0.003646	0.897955	0.008201	0.027315	0.145573	-0.062563	0.038816	0.003138
1763641966.131060	0.622597	-0.003646	0.897955	0.008201	0.027315	0.145573	-0.045098	0.042345	0.014789
1763641966.137105	0.621685	-0.003718	0.898036	0.007263	0.026798	0.144901	-0.051874	0.052748	0.017390
1763641966.147208	0.620860	-0.003732	0.898124	0.005246	0.027306	0.143257	-0.051874	0.052748	0.017390
1763641966.156982	0.620860	-0.003732	0.898124	0.005246	0.027306	0.143257	-0.060115	0.029384	-0.007531
1763641966.168054	0.620042	-0.003645	0.898026	0.004474	0.028611	0.141972	-0.063512	0.047278	0.006757
1763641966.177559	0.620042	-0.003645	0.898026	0.004474	0.028611	0.141972	-0.063512	0.047278	0.006757
1763641966.188102	0.619214	-0.003498	0.898097	0.004433	0.029310	0.141871	-0.050003	0.053376	0.013971
1763641966.197254	0.618398	-0.003326	0.898162	0.005012	0.029138	0.140755	-0.040698	0.043275	0.013378
1763641966.207996	0.618398	-0.003326	0.898162	0.005012	0.029138	0.140755	-0.034460	0.036726	0.009378
1763641966.217421	0.617640	-0.003280	0.898233	0.007192	0.028728	0.140292	-0.053891	0.038625	-0.004470
1763641966.227939	0.617640	-0.003280	0.898233	0.007192	0.028728	0.140292	-0.062613	0.038565	-0.006839
1763641966.237577	0.616876	-0.003209	0.898209	0.007395	0.028547	0.139242	-0.043720	0.045860	0.001382
1763641966.248975	0.616123	-0.003067	0.898166	0.006365	0.028124	0.138855	-0.030711	0.046117	0.013546
1763641966.257459	0.616123	-0.003067	0.898166	0.006365	0.028124	0.138855	-0.052104	0.037072	-0.010240
1763641966.267114	0.615405	-0.002850	0.898206	0.005632	0.027890	0.137753	-0.052104	0.037072	-0.010240
1763641966.277026	0.615405	-0.002850	0.898206	0.005632	0.027890	0.137753	-0.054655	0.034500	-0.016431
1763641966.287403	0.614682	-0.002621	0.898082	0.007553	0.027391	0.137308	-0.045803	0.040243	-0.008811
1763641966.297968	0.613969	-0.002458	0.897998	0.005790	0.027789	0.136844	-0.046627	0.047797	0.004892
1763641966.308934	0.613969	-0.002458	0.897998	0.005790	0.027789	0.136844	-0.038407	0.049936	0.008388
1763641966.317115	0.613246	-0.002208	0.897994	0.005692	0.027346	0.136194	-0.035671	0.048385	0.006869
1763641966.327063	0.613246	-0.002208	0.897994	0.005692	0.027346	0.136194	-0.035671	0.048385	0.006869
1763641966.338225	0.612598	-0.002075	0.897954	0.005574	0.027083	0.135468	-0.041861	0.035571	-0.005077
1763641966.348715	0.611911	-0.001845	0.897944	0.005233	0.026451	0.134484	-0.045795	0.033891	-0.004904
1763641966.357166	0.611911	-0.001845	0.897944	0.005233	0.026451	0.134484	-0.045795	0.033891	-0.004904
1763641966.368005	0.611249	-0.001656	0.897980	0.005515	0.026377	0.133852	-0.039843	0.051146	0.006546
1763641966.377820	0.611249	-0.001656	0.897980	0.005515	0.026377	0.133852	-0.034545	0.050774	0.017093
1763641966.388457	0.610618	-0.001415	0.898077	0.005108	0.026550	0.133152	-0.026606	0.035371	0.002595
1763641966.397443	0.610083	-0.001056	0.898166	0.004441	0.026869	0.132329	-0.037137	0.034650	-0.000024
1763641966.407423	0.610083	-0.001056	0.898166	0.004441	0.026869	0.132329	-0.039807	0.042501	-0.003807
1763641966.416992	0.609452	-0.000749	0.898184	0.006077	0.026644	0.131956	-0.039807	0.042501	-0.003807
1763641966.427267	0.609452	-0.000749	0.898184	0.006077	0.026644	0.131956	-0.049320	0.046865	0.004149
1763641966.436962	0.608833	-0.000539	0.898326	0.007011	0.026369	0.131284	-0.023104	0.049189	0.018959
1763641966.446993	0.608211	-0.000336	0.898516	0.008712	0.025812	0.130005	-0.024501	0.045826	0.015049
1763641966.457505	0.608211	-0.000336	0.898516	0.008712	0.025812	0.130005	-0.036410	0.037652	-0.000117
1763641966.467175	0.607691	-0.000114	0.898708	0.009635	0.025894	0.129220	-0.040298	0.034942	-0.003900
1763641966.477347	0.607691	-0.000114	0.898708	0.009635	0.025894	0.129220	-0.038166	0.046520	0.010161
1763641966.488024	0.607125	0.000199	0.898870	0.010310	0.026119	0.128986	-0.024184	0.049185	0.022012
1763641966.498692	0.606521	0.000502	0.898981	0.010089	0.026144	0.128553	-0.017005	0.038398	0.008903
1763641966.509420	0.606521	0.000502	0.898981	0.010089	0.026144	0.128553	-0.017005	0.038398	0.008903
1763641966.517061	0.606058	0.000752	0.899127	0.011421	0.025729	0.127876	-0.031278	0.035590	0.004637
1763641966.527810	0.606058	0.000752	0.899127	0.011421	0.025729	0.127876	-0.036820	0.038535	0.001696
1763641966.536962	0.605560	0.001053	0.899320	0.013939	0.025500	0.127432	-0.036820	0.038535	0.001696
1763641966.546957	0.605070	0.001360	0.899441	0.014633	0.025334	0.126970	-0.036820	0.038535	0.001696
1763641966.557528	0.605070	0.001360	0.899441	0.014633	0.025334	0.126970	-0.023071	0.049741	0.011964
1763641966.567772	0.604528	0.001629	0.899632	0.013493	0.025121	0.126118	-0.024140	0.032054	-0.002595
1763641966.578674	0.604528	0.001629	0.899632	0.013493	0.025121	0.126118	-0.029814	0.025595	-0.017114
1763641966.587104	0.604016	0.001938	0.899768	0.012865	0.025412	0.124958	-0.032083	0.031698	-0.011024
1763641966.596950	0.603596	0.002124	0.899877	0.012749	0.026012	0.124224	-0.036623	0.047726	0.003373
1763641966.608287	0.603596	0.002124	0.899877	0.012749	0.026012	0.124224	-0.018136	0.037763	0.006993
1763641966.618637	0.603104	0.002392	0.899981	0.012519	0.026132	0.124158	-0.018136	0.037763	0.006993
1763641966.627164	0.603104	0.002392	0.899981	0.012519	0.026132	0.124158	-0.014172	0.032298	-0.002661
1763641966.636986	0.602626	0.002649	0.899988	0.013023	0.025879	0.123439	-0.037688	0.029844	-0.015231
1763641966.647021	0.602216	0.002821	0.899934	0.013202	0.025431	0.122697	-0.037688	0.029844	-0.015231
1763641966.657018	0.602216	0.002821	0.899934	0.013202	0.025431	0.122697	-0.010036	0.040041	0.007101
1763641966.667461	0.601729	0.003046	0.899930	0.014136	0.025212	0.122240	-0.010036	0.040041	0.007101
1763641966.678079	0.601729	0.003046	0.899930	0.014136	0.025212	0.122240	-0.022350	0.045783	0.004265
1763641966.687129	0.601259	0.003314	0.899962	0.013573	0.025124	0.121181	-0.024731	0.028321	-0.007625
1763641966.697318	0.600900	0.003540	0.899987	0.013110	0.025178	0.120942	-0.027564	0.027806	-0.016050
1763641966.708603	0.600900	0.003540	0.899987	0.013110	0.025178	0.120942	-0.031995	0.038943	-0.005734
1763641966.719199	0.600466	0.003708	0.899921	0.012040	0.025094	0.120204	-0.014234	0.039341	0.002867
1763641966.727264	0.600466	0.003708	0.899921	0.012040	0.025094	0.120204	-0.012235	0.037286	0.008576
1763641966.737114	0.600042	0.003945	0.899881	0.011551	0.025579	0.119158	-0.008781	0.032870	0.000039
1763641966.747123	0.599649	0.004177	0.899898	0.010726	0.026529	0.118587	-0.023594	0.023486	-0.013586
1763641966.757351	0.599649	0.004177	0.899898	0.010726	0.026529	0.118587	-0.023594	0.023486	-0.013586
1763641966.768326	0.599313	0.004401	0.899963	0.010805	0.026941	0.117945	-0.023660	0.034394	-0.002361
1763641966.777944	0.599313	0.004401	0.899963	0.010805	0.026941	0.117945	-0.023660	0.034394	-0.002361
1763641966.789107	0.599012	0.004613	0.899995	0.011395	0.026584	0.117502	-0.008354	0.035228	0.006535
1763641966.797151	0.598699	0.004833	0.900072	0.011827	0.026680	0.117007	-0.002379	0.024547	-0.002171
1763641966.807389	0.598699	0.004833	0.900072	0.011827	0.026680	0.117007	-0.017523	0.024330	-0.005051
1763641966.817922	0.598408	0.005082	0.900168	0.013398	0.026462	0.116026	-0.017523	0.024330	-0.005051
1763641966.829901	0.598408	0.005082	0.900168	0.013398	0.026462	0.116026	-0.027707	0.025235	-0.004132
1763641966.837455	0.598154	0.005284	0.900277	0.013376	0.026444	0.115037	-0.003625	0.033723	0.007467
1763641966.847301	0.597860	0.005476	0.900383	0.012603	0.026422	0.114601	-0.003625	0.033723	0.007467
1763641966.857471	0.597860	0.005476	0.900383	0.012603	0.026422	0.114601	0.002206	0.034373	0.017438
1763641966.867203	0.597555	0.005676	0.900469	0.011564	0.026198	0.114311	-0.012680	0.021563	-0.000286
1763641966.877721	0.597555	0.005676	0.900469	0.011564	0.026198	0.114311	-0.012680	0.021563	-0.000286
1763641966.887337	0.597267	0.005894	0.900615	0.010892	0.026278	0.113791	-0.014063	0.018568	-0.006028
1763641966.897069	0.596970	0.006144	0.900803	0.012043	0.025212	0.113278	-0.007132	0.033460	0.008839
1763641966.906941	0.596970	0.006144	0.900803	0.012043	0.025212	0.113278	0.001198	0.030891	0.013283
1763641966.916878	0.596740	0.006315	0.900959	0.011347	0.025170	0.112907	0.007460	0.023980	0.001160
1763641966.927360	0.596740	0.006315	0.900959	0.011347	0.025170	0.112907	0.007460	0.023980	0.001160
1763641966.937376	0.596455	0.006477	0.900994	0.013194	0.024553	0.112560	-0.014926	0.019995	-0.011510
1763641966.946932	0.596252	0.006639	0.900971	0.014290	0.024111	0.112016	-0.018734	0.019572	-0.022810
1763641966.957027	0.596252	0.006639	0.900971	0.014290	0.024111	0.112016	0.009012	0.032136	0.003896
1763641966.967290	0.596078	0.006792	0.900917	0.015371	0.023625	0.111527	0.001307	0.029700	0.001397
1763641966.976940	0.596078	0.006792	0.900917	0.015371	0.023625	0.111527	-0.001230	0.018605	-0.009280
1763641966.988415	0.595917	0.006978	0.900902	0.015691	0.023398	0.111595	-0.007416	0.016983	-0.016875
1763641966.997854	0.595758	0.007137	0.900927	0.016463	0.023107	0.111636	-0.010759	0.019083	-0.013896
1763641967.007002	0.595758	0.007137	0.900927	0.016463	0.023107	0.111636	-0.009964	0.025030	-0.007160
1763641967.017330	0.595566	0.007373	0.900952	0.015824	0.023028	0.111161	0.009797	0.023565	0.002404
1763641967.027509	0.595566	0.007373	0.900952	0.015824	0.023028	0.111161	0.007889	0.029384	0.010833
1763641967.037458	0.595372	0.007594	0.900947	0.015343	0.022816	0.110756	0.003452	0.026050	0.002255
1763641967.047828	0.595187	0.007769	0.900920	0.013559	0.023152	0.110074	-0.006670	0.011264	-0.010315
1763641967.057148	0.595187	0.007769	0.900920	0.013559	0.023152	0.110074	-0.003474	0.012007	-0.015464
1763641967.067082	0.595025	0.007972	0.900982	0.013166	0.023158	0.109698	-0.003474	0.012007	-0.015464
1763641967.077318	0.595025	0.007972	0.900982	0.013166	0.023158	0.109698	-0.005799	0.031750	0.006667
1763641967.088681	0.594906	0.008200	0.901108	0.013557	0.023148	0.108833	-0.005799	0.031750	0.006667
1763641967.097558	0.594754	0.008400	0.901199	0.012675	0.023835	0.108274	0.003729	0.028833	0.007559
1763641967.108179	0.594754	0.008400	0.901199	0.012675	0.023835	0.108274	0.009360	0.020844	0.004105
1763641967.117002	0.594688	0.008568	0.901347	0.013192	0.024169	0.107589	-0.008145	0.015118	-0.014686
1763641967.127172	0.594688	0.008568	0.901347	0.013192	0.024169	0.107589	-0.008145	0.015118	-0.014686
1763641967.137203	0.594618	0.008698	0.901421	0.012602	0.024488	0.107015	-0.008851	0.014773	-0.009504
1763641967.147396	0.594516	0.008840	0.901493	0.011993	0.024282	0.106837	0.005744	0.024833	0.004148
1763641967.157158	0.594516	0.008840	0.901493	0.011993	0.024282	0.106837	0.010430	0.025338	0.004676
1763641967.167105	0.594383	0.009011	0.901576	0.011401	0.024501	0.106568	0.010430	0.025338	0.004676
1763641967.179857	0.594383	0.009011	0.901576	0.011401	0.024501	0.106568	-0.000896	0.012884	-0.009736
1763641967.188498	0.594265	0.009172	0.901658	0.011476	0.024580	0.106431	-0.001440	0.015786	-0.011212
1763641967.198365	0.594163	0.009332	0.901708	0.011272	0.024582	0.106112	-0.001983	0.023657	-0.004593
1763641967.208062	0.594163	0.009332	0.901708	0.011272	0.024582	0.106112	0.015327	0.023933	-0.001093
1763641967.217896	0.594086	0.009505	0.901709	0.011811	0.024674	0.105601	0.016056	0.016637	-0.006127
1763641967.230021	0.594086	0.009505	0.901709	0.011811	0.024674	0.105601	0.016056	0.016637	-0.006127
1763641967.237139	0.594031	0.009695	0.901645	0.011612	0.024394	0.104985	-0.002547	0.007365	-0.030573
1763641967.247939	0.593933	0.009899	0.901558	0.010822	0.024330	0.104466	-0.001699	0.019358	-0.013729
1763641967.257453	0.593933	0.009899	0.901558	0.010822	0.024330	0.104466	0.015992	0.024271	-0.001929
1763641967.267384	0.593894	0.010042	0.901453	0.010620	0.024121	0.104230	0.015992	0.024271	-0.001929
1763641967.277323	0.593894	0.010042	0.901453	0.010620	0.024121	0.104230	0.016439	0.011661	-0.015743
1763641967.287460	0.593817	0.010227	0.901326	0.008571	0.024387	0.103489	0.008864	0.010085	-0.023748
1763641967.297429	0.593719	0.010381	0.901182	0.009373	0.023823	0.102803	-0.003238	0.009707	-0.028313
1763641967.308447	0.593719	0.010381	0.901182	0.009373	0.023823	0.102803	-0.001482	0.017899	-0.021482
1763641967.317058	0.593609	0.010481	0.900999	0.012030	0.022443	0.102237	0.015065	0.019666	-0.006939
1763641967.327435	0.593609	0.010481	0.900999	0.012030	0.022443	0.102237	0.015065	0.019666	-0.006939
1763641967.336984	0.593537	0.010657	0.900937	0.010833	0.022717	0.101292	0.010275	0.027753	-0.001815
1763641967.347058	0.593510	0.010857	0.900802	0.011431	0.022651	0.100783	0.005156	0.004296	-0.020967
1763641967.357675	0.593510	0.010857	0.900802	0.011431	0.022651	0.100783	0.003316	0.007100	-0.024626
1763641967.367156	0.593481	0.010979	0.900730	0.011591	0.022825	0.100318	0.003316	0.007100	-0.024626
1763641967.377133	0.593481	0.010979	0.900730	0.011591	0.022825	0.100318	-0.000371	0.014374	-0.011496
1763641967.388189	0.593440	0.011123	0.900624	0.012619	0.021999	0.099814	0.019902	0.017856	0.003983
1763641967.397116	0.593468	0.011304	0.900600	0.013306	0.022262	0.099079	0.020197	0.017247	0.007244
1763641967.408279	0.593468	0.011304	0.900600	0.013306	0.022262	0.099079	0.020197	0.017247	0.007244
1763641967.418240	0.593430	0.011430	0.900620	0.012921	0.022487	0.098247	0.004080	0.002973	-0.009648
1763641967.427382	0.593430	0.011430	0.900620	0.012921	0.022487	0.098247	0.004080	0.002973	-0.009648
1763641967.436987	0.593430	0.011584	0.900723	0.013181	0.022374	0.097549	0.007335	0.001756	-0.007357
1763641967.447234	0.593446	0.011720	0.900857	0.012631	0.022366	0.097074	0.009158	0.018255	0.006849
1763641967.457938	0.593446	0.011720	0.900857	0.012631	0.022366	0.097074	0.019305	0.018452	0.015165
1763641967.467075	0.593451	0.011850	0.900994	0.011710	0.022205	0.096650	0.019305	0.018452	0.015165
1763641967.477407	0.593451	0.011850	0.900994	0.011710	0.022205	0.096650	0.015073	0.004522	0.002561
1763641967.487293	0.593428	0.012049	0.901163	0.011045	0.022875	0.095884	0.015073	0.004522	0.002561
1763641967.497699	0.593446	0.012170	0.901304	0.011380	0.022765	0.095743	0.000137	0.008082	-0.007217
1763641967.509501	0.593446	0.012170	0.901304	0.011380	0.022765	0.095743	-0.001461	0.009313	0.000020
1763641967.517937	0.593527	0.012286	0.901515	0.011554	0.022490	0.095771	0.026805	0.015849	0.017745
1763641967.529167	0.593527	0.012286	0.901515	0.011554	0.022490	0.095771	0.018878	0.009751	0.009938
1763641967.537385	0.593586	0.012378	0.901758	0.011976	0.022270	0.095569	0.009475	0.001126	-0.004382
1763641967.547278	0.593603	0.012461	0.901995	0.012881	0.022319	0.095214	0.008498	0.000365	-0.005613
1763641967.557409	0.593603	0.012461	0.901995	0.012881	0.022319	0.095214	0.012684	0.012296	0.005744
1763641967.567781	0.593601	0.012549	0.902175	0.013716	0.021759	0.095176	0.022736	0.010886	0.010482
1763641967.578425	0.593601	0.012549	0.902175	0.013716	0.021759	0.095176	0.022736	0.010886	0.010482
1763641967.587226	0.593604	0.012614	0.902275	0.013565	0.021250	0.094451	0.022432	0.009722	0.008582
1763641967.598233	0.593655	0.012719	0.902372	0.013357	0.020559	0.093605	0.005353	-0.000680	-0.017052
1763641967.610134	0.593655	0.012719	0.902372	0.013357	0.020559	0.093605	0.005629	0.001835	-0.019544
1763641967.617555	0.593716	0.012771	0.902421	0.012665	0.020232	0.092995	0.015380	0.010184	-0.005073
1763641967.627899	0.593716	0.012771	0.902421	0.012665	0.020232	0.092995	0.015380	0.010184	-0.005073
1763641967.637013	0.593744	0.012855	0.902386	0.012380	0.019474	0.092165	0.023272	0.012911	0.002261
1763641967.646921	0.593827	0.012883	0.902352	0.012411	0.019388	0.091846	0.024503	-0.000567	-0.012888
1763641967.656904	0.593827	0.012883	0.902352	0.012411	0.019388	0.091846	0.010742	-0.000182	-0.024192
1763641967.667039	0.593870	0.012964	0.902288	0.011480	0.019482	0.091487	0.010742	-0.000182	-0.024192
1763641967.677377	0.593870	0.012964	0.902288	0.011480	0.019482	0.091487	0.005128	0.007490	-0.011954
1763641967.689583	0.593913	0.013021	0.902188	0.011370	0.019656	0.091104	0.030221	0.006727	-0.006877
1763641967.697064	0.593967	0.013105	0.901981	0.009595	0.020098	0.090823	0.030221	0.006727	-0.006877
1763641967.707164	0.593967	0.013105	0.901981	0.009595	0.020098	0.090823	0.025145	0.001693	-0.010771
1763641967.718058	0.594018	0.013168	0.901848	0.008416	0.020387	0.090241	0.005641	-0.008395	-0.024690
1763641967.727002	0.594018	0.013168	0.901848	0.008416	0.020387	0.090241	0.015196	0.004879	-0.011957
1763641967.742129	0.594119	0.013197	0.901730	0.008558	0.020994	0.089869	0.028513	0.010451	0.000282
1763641967.747231	0.594123	0.013236	0.901629	0.009122	0.020251	0.089535	0.028513	0.010451	0.000282
1763641967.756949	0.594123	0.013236	0.901629	0.009122	0.020251	0.089535	0.022885	0.010035	0.007346
1763641967.767148	0.594146	0.013272	0.901608	0.008896	0.019724	0.089513	0.015691	-0.003322	-0.007218
1763641967.777000	0.594146	0.013272	0.901608	0.008896	0.019724	0.089513	0.007245	0.000462	-0.012499
1763641967.787481	0.594191	0.013325	0.901598	0.009281	0.019454	0.088913	0.007647	-0.003104	-0.010737
1763641967.798329	0.594202	0.013359	0.901664	0.008980	0.018791	0.088447	0.012584	0.004936	0.003302
1763641967.807931	0.594202	0.013359	0.901664	0.008980	0.018791	0.088447	0.028255	0.009694	0.014657
1763641967.817410	0.594214	0.013394	0.901797	0.010120	0.018333	0.087760	0.028255	0.009694	0.014657
1763641967.827427	0.594214	0.013394	0.901797	0.010120	0.018333	0.087760	0.017641	0.011612	0.017251
1763641967.837837	0.594208	0.013467	0.901966	0.012013	0.018004	0.087456	0.017124	0.001809	0.006479
1763641967.847931	0.594141	0.013498	0.902155	0.012711	0.017853	0.086859	0.011253	-0.009908	-0.003489
1763641967.857106	0.594141	0.013498	0.902155	0.012711	0.017853	0.086859	0.008818	0.008104	0.009525
1763641967.867154	0.594159	0.013511	0.902319	0.013763	0.017354	0.086221	0.008818	0.008104	0.009525
1763641967.877340	0.594159	0.013511	0.902319	0.013763	0.017354	0.086221	0.014853	0.006313	0.011736
1763641967.888222	0.594126	0.013535	0.902422	0.013990	0.017044	0.085589	0.016674	-0.007345	-0.006913
1763641967.897430	0.594115	0.013540	0.902525	0.013582	0.017356	0.084883	0.016674	-0.007345	-0.006913
1763641967.907451	0.594115	0.013540	0.902525	0.013582	0.017356	0.084883	0.004069	-0.002207	-0.016577
1763641967.917135	0.594075	0.013521	0.902548	0.014123	0.016759	0.084423	0.015560	0.004749	-0.001463
1763641967.927092	0.594075	0.013521	0.902548	0.014123	0.016759	0.084423	0.015560	0.004749	-0.001463
1763641967.936926	0.594057	0.013477	0.902462	0.014182	0.017157	0.084211	0.016312	0.005156	-0.001136
1763641967.947392	0.594018	0.013440	0.902344	0.013314	0.017432	0.084094	0.001832	-0.005516	-0.024187
1763641967.958352	0.594018	0.013440	0.902344	0.013314	0.017432	0.084094	0.003290	0.002738	-0.013881
1763641967.968663	0.593945	0.013422	0.902138	0.013347	0.017029	0.083947	0.003290	0.002738	-0.013881
1763641967.977990	0.593945	0.013422	0.902138	0.013347	0.017029	0.083947	0.018427	0.002389	-0.009539
1763641967.988001	0.593931	0.013375	0.901892	0.012043	0.017282	0.083409	0.018427	0.002389	-0.009539
1763641967.998330	0.593835	0.013328	0.901584	0.009724	0.018265	0.082707	0.005992	-0.011994	-0.031765
1763641968.008540	0.593835	0.013328	0.901584	0.009724	0.018265	0.082707	0.005992	-0.011994	-0.031765
1763641968.017062	0.593727	0.013222	0.901281	0.010019	0.018643	0.082167	0.003794	0.000022	-0.019758
1763641968.027017	0.593727	0.013222	0.901281	0.010019	0.018643	0.082167	0.003565	0.007455	-0.010596
1763641968.037038	0.593655	0.013153	0.901070	0.010888	0.018253	0.081751	0.003565	0.007455	-0.010596
1763641968.047102	0.593566	0.013124	0.900832	0.011585	0.017902	0.081801	0.017003	-0.002579	-0.013449
1763641968.057740	0.593566	0.013124	0.900832	0.011585	0.017902	0.081801	0.017003	-0.002579	-0.013449
1763641968.067372	0.593443	0.013076	0.900643	0.012082	0.017829	0.081530	-0.005024	-0.008394	-0.024951
1763641968.076947	0.593443	0.013076	0.900643	0.012082	0.017829	0.081530	-0.007104	-0.011946	-0.026327
1763641968.088822	0.593361	0.013049	0.900502	0.012503	0.018228	0.081020	0.001457	-0.000205	-0.005492
1763641968.097102	0.593240	0.012967	0.900358	0.013336	0.017950	0.080996	0.001457	-0.000205	-0.005492
1763641968.108740	0.593240	0.012967	0.900358	0.013336	0.017950	0.080996	0.020287	0.004496	0.007166
1763641968.118175	0.593145	0.012868	0.900271	0.010849	0.018266	0.080672	0.014451	-0.006447	0.003417
1763641968.128889	0.593145	0.012868	0.900271	0.010849	0.018266	0.080672	0.014451	-0.006447	0.003417
1763641968.138379	0.592997	0.012826	0.900240	0.009871	0.018559	0.080370	-0.001761	-0.007252	-0.003978
1763641968.148702	0.592997	0.012826	0.900240	0.009871	0.018559	0.080370	-0.004506	-0.005893	-0.004007
1763641968.159950	0.592780	0.012704	0.900301	0.009462	0.018977	0.080030	0.004718	-0.002505	0.005755
1763641968.168520	0.592596	0.012589	0.900321	0.010629	0.018759	0.079557	0.018017	0.002311	0.015425
1763641968.177232	0.592596	0.012589	0.900321	0.010629	0.018759	0.079557	0.008077	0.002043	0.005800
1763641968.188533	0.592451	0.012510	0.900419	0.010065	0.019202	0.079255	-0.003133	-0.012529	-0.008551
1763641968.196964	0.592332	0.012434	0.900421	0.010360	0.019401	0.078907	-0.002892	-0.010538	-0.019253
1763641968.207056	0.592332	0.012434	0.900421	0.010360	0.019401	0.078907	0.001766	-0.007551	-0.008351
1763641968.217560	0.592224	0.012333	0.900409	0.010108	0.019268	0.078626	0.004967	0.003689	0.003163
1763641968.227005	0.592224	0.012333	0.900409	0.010108	0.019268	0.078626	0.004967	0.003689	0.003163
1763641968.237885	0.592061	0.012256	0.900377	0.009331	0.019523	0.078295	0.014398	-0.002117	0.002835
1763641968.247319	0.591891	0.012178	0.900302	0.008553	0.020489	0.077817	0.014398	-0.002117	0.002835
1763641968.257265	0.591891	0.012178	0.900302	0.008553	0.020489	0.077817	-0.004020	-0.013669	-0.017335
1763641968.267974	0.591780	0.012074	0.900206	0.007571	0.021403	0.076703	-0.004020	-0.013669	-0.017335
1763641968.278535	0.591780	0.012074	0.900206	0.007571	0.021403	0.076703	0.011163	0.002795	0.003159
1763641968.289820	0.591662	0.011987	0.900136	0.007927	0.021274	0.076287	0.011403	0.002365	0.011342
1763641968.297501	0.591504	0.011926	0.900055	0.007531	0.020454	0.075959	0.014646	-0.005897	-0.005100
1763641968.308445	0.591504	0.011926	0.900055	0.007531	0.020454	0.075959	0.007402	-0.011996	-0.011277
1763641968.318799	0.591353	0.011827	0.899887	0.007693	0.020781	0.075778	-0.005274	-0.006546	-0.017939
1763641968.328341	0.591353	0.011827	0.899887	0.007693	0.020781	0.075778	-0.005274	-0.006546	-0.017939
1763641968.336963	0.591156	0.011694	0.899730	0.007689	0.021109	0.075424	0.004959	-0.002321	-0.002051
1763641968.346932	0.590974	0.011637	0.899622	0.008080	0.020604	0.075120	0.022937	0.002658	0.010809
1763641968.357145	0.590974	0.011637	0.899622	0.008080	0.020604	0.075120	0.022937	0.002658	0.010809
1763641968.368615	0.590796	0.011565	0.899494	0.008073	0.019957	0.075201	0.009215	0.003742	0.009849
1763641968.377388	0.590796	0.011565	0.899494	0.008073	0.019957	0.075201	0.002221	-0.013540	-0.009634
1763641968.389539	0.590639	0.011472	0.899436	0.007821	0.019926	0.075019	0.002887	-0.009469	-0.003317
1763641968.397006	0.590479	0.011383	0.899425	0.008129	0.019690	0.074814	0.000327	0.001222	0.005027
1763641968.407421	0.590479	0.011383	0.899425	0.008129	0.019690	0.074814	0.000327	0.001222	0.005027
1763641968.417861	0.590282	0.011295	0.899434	0.008679	0.019071	0.074183	0.013852	0.004570	0.013534
1763641968.427414	0.590282	0.011295	0.899434	0.008679	0.019071	0.074183	0.011583	-0.004521	0.004073
1763641968.437149	0.590150	0.011245	0.899410	0.008419	0.019201	0.073916	-0.003284	-0.014534	-0.009072
1763641968.447569	0.590033	0.011203	0.899409	0.008479	0.019370	0.073670	-0.003284	-0.014534	-0.009072
1763641968.456956	0.590033	0.011203	0.899409	0.008479	0.019370	0.073670	0.001140	-0.000868	0.000608
1763641968.468034	0.589863	0.011138	0.899394	0.008468	0.019257	0.073852	0.005091	0.006729	0.012553
1763641968.477175	0.589863	0.011138	0.899394	0.008468	0.019257	0.073852	0.006053	0.000984	0.006185
1763641968.488492	0.589674	0.011113	0.899419	0.008160	0.019246	0.073539	0.006053	0.000984	0.006185
1763641968.497377	0.589507	0.011071	0.899441	0.008686	0.019495	0.073526	0.004320	-0.008185	-0.012121
1763641968.509336	0.589507	0.011071	0.899441	0.008686	0.019495	0.073526	-0.004722	-0.010886	-0.016483
1763641968.517577	0.589373	0.011044	0.899373	0.009083	0.020243	0.073336	0.000305	-0.002182	-0.002663
1763641968.527444	0.589373	0.011044	0.899373	0.009083	0.020243	0.073336	0.023132	0.001935	0.011297
1763641968.538042	0.589231	0.011002	0.899339	0.009345	0.020703	0.073216	0.023132	0.001935	0.011297
1763641968.548697	0.589084	0.010933	0.899230	0.008367	0.021617	0.073107	0.011554	-0.006142	-0.003856
1763641968.556887	0.589084	0.010933	0.899230	0.008367	0.021617	0.073107	0.005601	-0.012568	-0.010846
1763641968.568589	0.588867	0.010895	0.899153	0.009239	0.022301	0.073126	0.004336	-0.008610	-0.005829
1763641968.577523	0.588867	0.010895	0.899153	0.009239	0.022301	0.073126	0.000867	-0.000111	0.001958
1763641968.589412	0.588628	0.010879	0.899095	0.009483	0.022289	0.072217	0.010250	-0.000972	0.005173
1763641968.597961	0.588457	0.010873	0.899063	0.009458	0.022170	0.071901	0.016993	0.004873	0.009292
1763641968.608032	0.588457	0.010873	0.899063	0.009458	0.022170	0.071901	0.014627	-0.004499	0.000007
1763641968.617326	0.588296	0.010863	0.899043	0.009967	0.022340	0.071205	0.014627	-0.004499	0.000007
1763641968.627457	0.588296	0.010863	0.899043	0.009967	0.022340	0.071205	-0.001090	-0.011998	-0.013650
1763641968.637415	0.588176	0.010866	0.899000	0.009769	0.022239	0.070855	0.006118	-0.013487	-0.018394
1763641968.647457	0.588114	0.010862	0.898980	0.009856	0.022143	0.070710	0.004658	0.000245	0.001821
1763641968.656976	0.588114	0.010862	0.898980	0.009856	0.022143	0.070710	0.013646	0.001333	0.010575
1763641968.666965	0.588006	0.010878	0.898947	0.009726	0.021917	0.070515	0.013646	0.001333	0.010575
1763641968.677077	0.588006	0.010878	0.898947	0.009726	0.021917	0.070515	0.017112	-0.009473	0.000358
1763641968.688973	0.587920	0.010864	0.898913	0.009616	0.021982	0.069822	-0.005741	-0.011118	-0.007992
1763641968.697397	0.587792	0.010805	0.898894	0.010104	0.021687	0.069363	-0.005399	-0.009393	-0.002233
1763641968.709282	0.587792	0.010805	0.898894	0.010104	0.021687	0.069363	0.007854	0.001984	0.011526
1763641968.717054	0.587731	0.010774	0.898914	0.009983	0.021563	0.069286	0.013357	0.003536	0.021803
1763641968.727043	0.587731	0.010774	0.898914	0.009983	0.021563	0.069286	0.009322	-0.000202	0.009529
1763641968.736949	0.587622	0.010787	0.898950	0.009623	0.021798	0.069070	0.009322	-0.000202	0.009529
1763641968.747968	0.587514	0.010781	0.899015	0.009950	0.021829	0.068666	-0.002620	-0.008729	-0.003143
1763641968.757484	0.587514	0.010781	0.899015	0.009950	0.021829	0.068666	-0.004059	-0.008368	-0.004472
1763641968.767200	0.587366	0.010801	0.899103	0.010043	0.022272	0.068644	-0.002253	-0.001102	0.006648
1763641968.778067	0.587366	0.010801	0.899103	0.010043	0.022272	0.068644	-0.002253	-0.001102	0.006648
1763641968.787522	0.587266	0.010805	0.899141	0.009660	0.022498	0.068383	0.016752	0.004889	0.017897
1763641968.797396	0.587186	0.010792	0.899262	0.009642	0.021859	0.068197	0.004467	-0.015982	0.000716
1763641968.807421	0.587186	0.010792	0.899262	0.009642	0.021859	0.068197	0.004467	-0.015982	0.000716
1763641968.816974	0.587125	0.010811	0.899306	0.009556	0.021825	0.068174	-0.002382	0.003546	0.015629
1763641968.826944	0.587125	0.010811	0.899306	0.009556	0.021825	0.068174	-0.002382	0.003546	0.015629
1763641968.837101	0.587017	0.010837	0.899404	0.010382	0.021039	0.068660	0.015752	-0.001361	0.019465
1763641968.846997	0.586922	0.010851	0.899487	0.010276	0.020616	0.068915	0.018800	-0.005559	0.009250
1763641968.857682	0.586922	0.010851	0.899487	0.010276	0.020616	0.068915	-0.004901	-0.013589	-0.004890
1763641968.868494	0.586802	0.010861	0.899569	0.010683	0.020380	0.069039	-0.002067	-0.014087	-0.007939
1763641968.877347	0.586802	0.010861	0.899569	0.010683	0.020380	0.069039	0.004898	-0.001164	0.006235
1763641968.888909	0.586695	0.010820	0.899604	0.010733	0.020799	0.069084	0.004898	-0.001164	0.006235
1763641968.897525	0.586558	0.010761	0.899699	0.010327	0.020625	0.069172	0.011029	-0.001456	0.016377
1763641968.907477	0.586558	0.010761	0.899699	0.010327	0.020625	0.069172	0.008583	-0.001307	0.008160
1763641968.917754	0.586476	0.010745	0.899710	0.010245	0.020771	0.069079	0.012377	-0.014241	0.002845
1763641968.927147	0.586476	0.010745	0.899710	0.010245	0.020771	0.069079	0.001931	-0.012806	-0.002193
1763641968.937254	0.586405	0.010748	0.899752	0.010692	0.020939	0.069014	0.003808	-0.004588	0.000802
1763641968.947818	0.586321	0.010716	0.899716	0.011114	0.021436	0.068514	0.020156	0.000074	0.008435
1763641968.957269	0.586321	0.010716	0.899716	0.011114	0.021436	0.068514	0.014435	-0.009031	0.001721
1763641968.967366	0.586238	0.010703	0.899652	0.010547	0.021504	0.068114	0.014435	-0.009031	0.001721
1763641968.978040	0.586238	0.010703	0.899652	0.010547	0.021504	0.068114	-0.000656	-0.016217	-0.019812
1763641968.987519	0.586161	0.010635	0.899501	0.012066	0.021354	0.067999	-0.000656	-0.016217	-0.019812
1763641968.997595	0.586056	0.010541	0.899359	0.012690	0.021377	0.067897	-0.003320	-0.015590	-0.015654
1763641969.007726	0.586056	0.010541	0.899359	0.012690	0.021377	0.067897	0.003038	-0.006795	-0.008803
1763641969.018662	0.585950	0.010468	0.899186	0.013234	0.021107	0.068134	0.011063	-0.002717	0.003476
1763641969.027509	0.585950	0.010468	0.899186	0.013234	0.021107	0.068134	0.011063	-0.002717	0.003476
1763641969.037332	0.585880	0.010443	0.899033	0.013004	0.021212	0.067969	0.013703	-0.014724	-0.007638
1763641969.047271	0.585880	0.010443	0.899033	0.013004	0.021212	0.067969	0.010605	-0.027413	-0.014302
1763641969.057137	0.585810	0.010382	0.898922	0.012605	0.021471	0.068049	0.006506	-0.017242	-0.011631
1763641969.071771	0.585747	0.010319	0.898806	0.011700	0.021849	0.067874	-0.000822	-0.009393	-0.004875
1763641969.077680	0.585747	0.010319	0.898806	0.011700	0.021849	0.067874	0.006690	-0.007437	0.003377
1763641969.089004	0.585667	0.010243	0.898678	0.011790	0.021810	0.067515	0.020420	-0.009812	0.005661
1763641969.097895	0.585616	0.010142	0.898632	0.012234	0.021336	0.067180	0.009357	-0.022191	-0.008087
1763641969.108070	0.585616	0.010142	0.898632	0.012234	0.021336	0.067180	0.009357	-0.022191	-0.008087
1763641969.117030	0.585573	0.010059	0.898554	0.012041	0.021355	0.067165	0.002782	-0.023486	-0.015509
1763641969.130144	0.585573	0.010059	0.898554	0.012041	0.021355	0.067165	0.001865	-0.020800	-0.007245
1763641969.138796	0.585529	0.009960	0.898537	0.011387	0.021467	0.067353	-0.004813	-0.009843	0.004239
1763641969.147006	0.585466	0.009920	0.898592	0.011664	0.020902	0.067504	0.010069	-0.010259	0.007129
1763641969.156943	0.585466	0.009920	0.898592	0.011664	0.020902	0.067504	0.018911	-0.010587	0.016458
1763641969.167093	0.585430	0.009818	0.898608	0.010590	0.020670	0.067854	0.018646	-0.004821	0.015015
1763641969.178920	0.585430	0.009818	0.898608	0.010590	0.020670	0.067854	0.003306	-0.025800	0.000930
1763641969.190427	0.585385	0.009748	0.898669	0.011584	0.020536	0.067673	0.007890	-0.021576	0.002108
1763641969.197353	0.585385	0.009748	0.898669	0.011584	0.020536	0.067673	0.007890	-0.021576	0.002108
1763641969.207215	0.585382	0.009699	0.898806	0.011178	0.020248	0.067388	0.001382	-0.010162	0.015995
1763641969.217794	0.585355	0.009654	0.898952	0.009997	0.019769	0.067331	0.020093	-0.008944	0.021752
1763641969.227921	0.585355	0.009654	0.898952	0.009997	0.019769	0.067331	0.020093	-0.008944	0.021752
1763641969.238187	0.585318	0.009583	0.899104	0.008604	0.020020	0.067313	0.016555	-0.012010	0.015404
1763641969.247338	0.585359	0.009556	0.899314	0.006152	0.021267	0.067283	0.009733	-0.021932	-0.002581
1763641969.257261	0.585359	0.009556	0.899314	0.006152	0.021267	0.067283	0.003245	-0.013294	0.001141
1763641969.266901	0.585313	0.009520	0.899459	0.004652	0.021862	0.067134	0.003245	-0.013294	0.001141
1763641969.277164	0.585313	0.009520	0.899459	0.004652	0.021862	0.067134	0.008840	-0.007356	0.009425
1763641969.289986	0.585281	0.009520	0.899619	0.003524	0.021858	0.067161	0.016872	-0.003308	0.006356
1763641969.298516	0.585266	0.009512	0.899695	0.002922	0.022044	0.067121	0.016872	-0.003308	0.006356
1763641969.307402	0.585266	0.009512	0.899695	0.002922	0.022044	0.067121	0.008686	-0.015458	0.001588
1763641969.317867	0.585235	0.009482	0.899738	0.003571	0.022485	0.066985	-0.002940	-0.019025	-0.011845
1763641969.327077	0.585235	0.009482	0.899738	0.003571	0.022485	0.066985	0.005644	-0.016666	-0.012585
1763641969.337233	0.585215	0.009510	0.899791	0.004216	0.022163	0.067104	0.006910	-0.002283	0.005300
1763641969.347975	0.585196	0.009527	0.899783	0.003372	0.022182	0.067240	0.021040	-0.004326	0.005457
1763641969.359485	0.585196	0.009527	0.899783	0.003372	0.022182	0.067240	0.019254	-0.013977	-0.006830
1763641969.368744	0.585193	0.009518	0.899753	0.003526	0.022204	0.067260	-0.004363	-0.016639	-0.020666
1763641969.377417	0.585193	0.009518	0.899753	0.003526	0.022204	0.067260	-0.004363	-0.016639	-0.020666
1763641969.388544	0.585178	0.009563	0.899747	0.003377	0.022613	0.067477	0.017937	-0.001954	0.002923
1763641969.398367	0.585137	0.009589	0.899675	0.003691	0.022023	0.067553	0.017197	-0.001905	0.013648
1763641969.408941	0.585137	0.009589	0.899675	0.003691	0.022023	0.067553	0.017197	-0.001905	0.013648
1763641969.417542	0.585130	0.009643	0.899686	0.004082	0.021539	0.067813	0.020456	-0.009574	0.002964
1763641969.427091	0.585130	0.009643	0.899686	0.004082	0.021539	0.067813	0.020456	-0.009574	0.002964
1763641969.437135	0.585122	0.009730	0.899726	0.003152	0.022198	0.067685	0.011568	-0.012520	0.000904
1763641969.447259	0.585058	0.009774	0.899782	0.004003	0.021829	0.067955	0.003786	-0.014904	-0.010993
1763641969.460053	0.585058	0.009774	0.899782	0.004003	0.021829	0.067955	0.015894	0.002709	0.008861
1763641969.469566	0.585060	0.009846	0.899836	0.003665	0.021620	0.067862	0.020711	-0.000312	0.013576
1763641969.477821	0.585060	0.009846	0.899836	0.003665	0.021620	0.067862	0.020651	-0.007292	0.006706
1763641969.488675	0.585072	0.009950	0.899877	0.003899	0.021207	0.068429	0.020651	-0.007292	0.006706
1763641969.496941	0.585045	0.010023	0.899913	0.004805	0.021131	0.068891	0.019044	-0.010198	-0.002508
1763641969.509030	0.585045	0.010023	0.899913	0.004805	0.021131	0.068891	-0.004182	-0.011611	-0.010329
1763641969.518133	0.585000	0.010136	0.899954	0.003722	0.021048	0.068783	0.002705	-0.013180	-0.011240
1763641969.528652	0.585000	0.010136	0.899954	0.003722	0.021048	0.068783	0.010683	0.000109	0.001956
1763641969.538433	0.584994	0.010228	0.899983	0.004672	0.020892	0.069246	0.018598	0.004387	0.015128
1763641969.547569	0.585014	0.010370	0.900018	0.004519	0.021154	0.069500	0.018598	0.004387	0.015128
1763641969.557531	0.585014	0.010370	0.900018	0.004519	0.021154	0.069500	0.025088	-0.003289	0.008791
1763641969.568342	0.585032	0.010524	0.900118	0.006615	0.021340	0.069313	0.023325	-0.010565	0.009490
1763641969.577730	0.585032	0.010524	0.900118	0.006615	0.021340	0.069313	0.006283	-0.009336	-0.000751
1763641969.612511	0.584985	0.010773	0.900373	0.006946	0.022092	0.068774	0.023295	0.002360	0.017342
1763641969.615720	0.584985	0.010773	0.900373	0.006946	0.022092	0.068774	0.023295	0.002360	0.017342
1763641969.620047	0.584985	0.010773	0.900373	0.006946	0.022092	0.068774	0.023295	0.002360	0.017342
1763641969.627916	0.584985	0.010773	0.900373	0.007174	0.021463	0.068970	0.018805	-0.007950	-0.003287
1763641969.631994	0.584979	0.010942	0.900458	0.007174	0.021463	0.068970	0.018805	-0.007950	-0.003287
1763641969.636876	0.584957	0.011116	0.900541	0.007417	0.021569	0.069226	0.002014	-0.011051	-0.008451
1763641969.646925	0.584917	0.011251	0.900584	0.007348	0.021564	0.069730	0.005636	-0.011607	-0.015234
1763641969.656923	0.584917	0.011251	0.900584	0.007348	0.021564	0.069730	0.009144	0.001027	-0.005527
1763641969.668149	0.584929	0.011386	0.900551	0.007865	0.021449	0.070236	0.019148	0.006549	0.009697
1763641969.677560	0.584929	0.011386	0.900551	0.007865	0.021449	0.070236	0.019424	0.001556	0.006731
1763641969.688051	0.584925	0.011542	0.900458	0.007925	0.021177	0.070885	0.027612	-0.009497	-0.001660
1763641969.696938	0.584907	0.011693	0.900373	0.008594	0.021489	0.071306	0.027612	-0.009497	-0.001660
1763641969.707008	0.584907	0.011693	0.900373	0.008594	0.021489	0.071306	0.016607	-0.009785	-0.005853
1763641969.716964	0.584896	0.011826	0.900320	0.007824	0.021915	0.071047	0.002266	-0.008139	-0.015271
1763641969.727432	0.584896	0.011826	0.900320	0.007824	0.021915	0.071047	0.006516	-0.012149	-0.009405
1763641969.738233	0.584866	0.011948	0.900235	0.008715	0.021398	0.070742	0.019698	0.003020	0.007709
1763641969.747896	0.584847	0.012033	0.900136	0.009700	0.020494	0.070495	0.019698	0.003020	0.007709
1763641969.758309	0.584847	0.012033	0.900136	0.009700	0.020494	0.070495	0.020057	-0.008330	-0.009453
1763641969.769166	0.584815	0.012125	0.900108	0.010213	0.020247	0.070223	0.002931	-0.010487	-0.020974
1763641969.778464	0.584815	0.012125	0.900108	0.010213	0.020247	0.070223	0.002931	-0.010487	-0.020974
1763641969.787482	0.584793	0.012272	0.900035	0.010892	0.020007	0.070024	0.005752	-0.004176	-0.013175
1763641969.797068	0.584755	0.012375	0.899915	0.010065	0.019996	0.070497	0.017776	0.003241	0.005108
1763641969.807385	0.584755	0.012375	0.899915	0.010065	0.019996	0.070497	0.021097	0.000197	0.007438
1763641969.817032	0.584721	0.012473	0.899818	0.010173	0.019780	0.070496	0.021097	0.000197	0.007438
1763641969.827504	0.584721	0.012473	0.899818	0.010173	0.019780	0.070496	0.023280	-0.007396	-0.001639
1763641969.838270	0.584661	0.012612	0.899747	0.009969	0.019550	0.070330	0.001055	-0.010375	-0.011699
1763641969.847427	0.584620	0.012740	0.899635	0.010650	0.019351	0.070260	0.001055	-0.010375	-0.011699
1763641969.857001	0.584620	0.012740	0.899635	0.010650	0.019351	0.070260	0.007455	-0.005580	-0.006052
1763641969.867002	0.584599	0.012903	0.899541	0.009781	0.019107	0.069763	0.007455	-0.005580	-0.006052
1763641969.876981	0.584599	0.012903	0.899541	0.009781	0.019107	0.069763	0.013969	0.002877	0.009128
1763641969.889859	0.584580	0.013052	0.899410	0.008725	0.019141	0.070069	0.013731	0.001818	0.002923
1763641969.898385	0.584552	0.013174	0.899396	0.008677	0.018963	0.070364	0.018971	-0.008017	0.003242
1763641969.907975	0.584552	0.013174	0.899396	0.008677	0.018963	0.070364	0.005890	-0.013827	-0.008483
1763641969.917511	0.584473	0.013238	0.899412	0.009376	0.018661	0.070214	0.005890	-0.013827	-0.008483
1763641969.928800	0.584473	0.013238	0.899412	0.009376	0.018661	0.070214	0.002690	0.002380	0.008588
1763641969.937287	0.584429	0.013327	0.899436	0.009847	0.018465	0.070566	0.002690	0.002380	0.008588
1763641969.947412	0.584336	0.013414	0.899446	0.009710	0.018207	0.070827	0.002690	0.002380	0.008588
1763641969.957169	0.584336	0.013414	0.899446	0.009710	0.018207	0.070827	0.019962	-0.000574	0.016023
1763641969.966916	0.584196	0.013514	0.899470	0.008893	0.017851	0.070840	0.019962	-0.000574	0.016023
1763641969.976952	0.584196	0.013514	0.899470	0.008893	0.017851	0.070840	0.000638	-0.016280	-0.003391
1763641969.987143	0.584088	0.013632	0.899524	0.009466	0.017985	0.070866	0.000638	-0.016280	-0.003391
1763641969.997231	0.584088	0.013632	0.899524	0.009466	0.017985	0.070866	0.007188	-0.013083	-0.003534
1763641970.008575	0.584039	0.013729	0.899584	0.008874	0.018436	0.070796	-0.002037	-0.000877	0.002560
1763641970.017271	0.583983	0.013766	0.899633	0.009564	0.018522	0.070967	-0.002037	-0.000877	0.002560
1763641970.027371	0.583983	0.013766	0.899633	0.009564	0.018522	0.070967	0.015248	-0.000580	0.006223
1763641970.037334	0.583888	0.013820	0.899644	0.009247	0.018704	0.071091	0.017190	-0.010317	-0.002590
1763641970.047200	0.583780	0.013880	0.899657	0.009284	0.019143	0.071367	0.017190	-0.010317	-0.002590
1763641970.059155	0.583780	0.013880	0.899657	0.009284	0.019143	0.071367	-0.002151	-0.010539	-0.010502
1763641970.067112	0.583648	0.013931	0.899640	0.010415	0.019138	0.071560	-0.002151	-0.010539	-0.010502
1763641970.077423	0.583648	0.013931	0.899640	0.010415	0.019138	0.071560	0.019492	-0.001788	0.011331
1763641970.087431	0.583504	0.013945	0.899622	0.010469	0.019361	0.071613	0.017604	0.006882	0.019976
1763641970.097288	0.583330	0.014013	0.899596	0.010362	0.019254	0.071732	0.008758	-0.002040	0.012384
1763641970.107951	0.583330	0.014013	0.899596	0.010362	0.019254	0.071732	0.008758	-0.002040	0.012384
1763641970.117543	0.583189	0.014123	0.899588	0.010484	0.019207	0.072101	0.013333	-0.014716	0.004642
1763641970.127009	0.583189	0.014123	0.899588	0.010484	0.019207	0.072101	0.005194	-0.015614	-0.001567
1763641970.137100	0.583039	0.014176	0.899596	0.010712	0.019237	0.072278	-0.007025	-0.007227	-0.000036
1763641970.147874	0.582888	0.014227	0.899652	0.010341	0.018933	0.072262	0.006082	-0.001086	0.011679
1763641970.156986	0.582888	0.014227	0.899652	0.010341	0.018933	0.072262	0.008264	-0.000412	0.021415
1763641970.167320	0.582772	0.014237	0.899711	0.010603	0.018849	0.072236	0.010866	-0.004824	0.007486
1763641970.177046	0.582772	0.014237	0.899711	0.010603	0.018849	0.072236	0.006628	-0.012076	0.005132
1763641970.188687	0.582609	0.014225	0.899777	0.010553	0.018498	0.071892	-0.005550	-0.010639	-0.001864
1763641970.197144	0.582609	0.014225	0.899777	0.010553	0.018498	0.071892	-0.001016	-0.017981	-0.009431
1763641970.208461	0.582422	0.014244	0.899822	0.011572	0.018537	0.071919	-0.001036	-0.002165	0.002915
1763641970.222189	0.582196	0.014243	0.899836	0.011697	0.018898	0.071852	0.010112	0.003874	0.015166
1763641970.227990	0.582196	0.014243	0.899836	0.011697	0.018898	0.071852	0.004819	-0.004975	0.010660
1763641970.236905	0.581943	0.014264	0.899827	0.012123	0.018729	0.071984	0.013193	-0.008379	0.001530
1763641970.247177	0.581745	0.014250	0.899762	0.012609	0.018992	0.072065	-0.000312	-0.014202	-0.007642
1763641970.256984	0.581745	0.014250	0.899762	0.012609	0.018992	0.072065	-0.014578	-0.015833	-0.015769
1763641970.267258	0.581515	0.014216	0.899692	0.013576	0.018676	0.072156	-0.002466	-0.015065	-0.011044
1763641970.277364	0.581515	0.014216	0.899692	0.013576	0.018676	0.072156	-0.000126	-0.004372	0.005854
1763641970.288280	0.581310	0.014186	0.899719	0.013427	0.018306	0.072358	0.008359	-0.001447	0.010939
1763641970.297027	0.581132	0.014175	0.899666	0.012616	0.018335	0.072473	0.008359	-0.001447	0.010939
1763641970.306996	0.581132	0.014175	0.899666	0.012616	0.018335	0.072473	0.009929	-0.003975	0.011714
1763641970.316923	0.580939	0.014108	0.899583	0.012565	0.018499	0.072500	0.006868	-0.016331	0.004502
1763641970.328185	0.580939	0.014108	0.899583	0.012565	0.018499	0.072500	-0.001223	-0.024181	-0.004417
1763641970.337990	0.580722	0.014019	0.899527	0.013934	0.018320	0.072675	-0.000743	-0.018549	0.001977
1763641970.347896	0.580511	0.013956	0.899520	0.013184	0.018465	0.072725	-0.009618	-0.007306	0.009592
1763641970.358581	0.580511	0.013956	0.899520	0.013184	0.018465	0.072725	0.000912	-0.008990	0.013375
1763641970.367478	0.580266	0.013893	0.899566	0.012557	0.018188	0.072798	0.013609	-0.006019	0.018630
1763641970.378708	0.580266	0.013893	0.899566	0.012557	0.018188	0.072798	0.004291	-0.009890	0.008744
1763641970.387992	0.580045	0.013774	0.899575	0.014962	0.017393	0.072893	-0.003666	-0.021131	-0.001712
1763641970.397203	0.579823	0.013686	0.899545	0.014527	0.017350	0.073058	-0.010321	-0.021086	-0.011234
1763641970.407120	0.579823	0.013686	0.899545	0.014527	0.017350	0.073058	-0.011113	-0.020931	-0.004806
1763641970.416919	0.579535	0.013575	0.899465	0.015389	0.017096	0.072677	-0.012606	-0.013783	-0.002017
1763641970.427420	0.579535	0.013575	0.899465	0.015389	0.017096	0.072677	0.005602	-0.010184	0.008907
1763641970.438243	0.579280	0.013494	0.899454	0.015911	0.017118	0.072654	0.001960	-0.005378	0.022117
1763641970.446989	0.579021	0.013364	0.899530	0.015140	0.017407	0.072691	-0.000185	-0.009422	0.012658
1763641970.456945	0.579021	0.013364	0.899530	0.015140	0.017407	0.072691	0.010441	-0.024227	0.008700
1763641970.466967	0.578774	0.013250	0.899578	0.014123	0.017687	0.072562	-0.001194	-0.021750	0.005041
1763641970.477027	0.578774	0.013250	0.899578	0.014123	0.017687	0.072562	-0.010049	-0.023233	-0.004959
1763641970.489115	0.578494	0.013157	0.899715	0.014675	0.017521	0.072330	-0.008583	-0.020192	0.001064
1763641970.497153	0.578254	0.013068	0.899723	0.014667	0.017786	0.071819	0.004148	-0.009235	0.009716
1763641970.507717	0.578254	0.013068	0.899723	0.014667	0.017786	0.071819	0.003219	-0.011895	0.015149
1763641970.517293	0.578001	0.012947	0.899723	0.014119	0.017475	0.072028	0.003219	-0.011895	0.015149
1763641970.527524	0.578001	0.012947	0.899723	0.014119	0.017475	0.072028	0.005580	-0.022547	-0.004698
1763641970.539190	0.577687	0.012809	0.899700	0.013358	0.018250	0.072230	-0.013708	-0.027787	-0.013623
1763641970.547987	0.577437	0.012699	0.899638	0.012899	0.018792	0.072327	-0.013708	-0.027787	-0.013623
1763641970.557100	0.577437	0.012699	0.899638	0.012899	0.018792	0.072327	-0.009966	-0.014668	-0.002185
1763641970.567389	0.577119	0.012544	0.899557	0.014109	0.018827	0.071759	-0.009966	-0.014668	-0.002185
1763641970.577123	0.577119	0.012544	0.899557	0.014109	0.018827	0.071759	0.010605	-0.018339	0.006750
1763641970.587211	0.576846	0.012401	0.899458	0.012347	0.019532	0.071644	0.006946	-0.012790	0.005733
1763641970.598500	0.576480	0.012148	0.899274	0.011954	0.019802	0.071528	0.000778	-0.021425	-0.001674
1763641970.608457	0.576480	0.012148	0.899274	0.011954	0.019802	0.071528	-0.012102	-0.030407	-0.010826
1763641970.616978	0.576111	0.011988	0.899202	0.009907	0.021142	0.071378	-0.007718	-0.026193	-0.008667
1763641970.626987	0.576111	0.011988	0.899202	0.009907	0.021142	0.071378	-0.011581	-0.018964	-0.003044
1763641970.637119	0.575822	0.011864	0.899128	0.009431	0.021176	0.071270	-0.015761	-0.012667	0.001201
1763641970.648098	0.575516	0.011679	0.898969	0.010662	0.020199	0.070612	-0.000418	-0.010002	0.012832
1763641970.657450	0.575516	0.011679	0.898969	0.010662	0.020199	0.070612	-0.000418	-0.010002	0.012832
1763641970.666989	0.575254	0.011542	0.898964	0.009964	0.020291	0.069894	-0.000418	-0.010002	0.012832
1763641970.677270	0.575254	0.011542	0.898964	0.009964	0.020291	0.069894	0.003665	-0.026921	-0.005852
1763641970.688749	0.574948	0.011438	0.898971	0.008887	0.020727	0.069729	0.003665	-0.026921	-0.005852
1763641970.698827	0.574695	0.011263	0.898963	0.009260	0.020865	0.069804	-0.011329	-0.025383	-0.005807
1763641970.708017	0.574695	0.011263	0.898963	0.009260	0.020865	0.069804	-0.011312	-0.023884	-0.007283
1763641970.717093	0.574429	0.011053	0.898897	0.009152	0.020847	0.069850	0.007008	-0.011554	0.012983
1763641970.727403	0.574429	0.011053	0.898897	0.009152	0.020847	0.069850	0.004408	-0.013677	0.014545
1763641970.737271	0.574198	0.010919	0.898865	0.008676	0.020709	0.069856	0.004915	-0.020750	0.007743
1763641970.746926	0.573903	0.010780	0.898895	0.008111	0.020194	0.069761	0.006809	-0.025220	0.005941
1763641970.757354	0.573903	0.010780	0.898895	0.008111	0.020194	0.069761	-0.011277	-0.029071	-0.003634
1763641970.767399	0.573518	0.010548	0.898852	0.009090	0.019710	0.069846	-0.016137	-0.026642	-0.007739
1763641970.776951	0.573518	0.010548	0.898852	0.009090	0.019710	0.069846	-0.009298	-0.018932	0.002004
1763641970.788230	0.573188	0.010394	0.898868	0.010745	0.019532	0.069810	-0.009232	-0.009871	0.015156
1763641970.797093	0.572900	0.010259	0.898909	0.010993	0.019846	0.068947	0.000120	-0.012111	0.013914
1763641970.806978	0.572900	0.010259	0.898909	0.010993	0.019846	0.068947	0.004143	-0.011661	0.014344
1763641970.820192	0.572615	0.010160	0.899011	0.010559	0.020425	0.068207	-0.000294	-0.015484	0.012794
1763641970.829714	0.572615	0.010160	0.899011	0.010559	0.020425	0.068207	-0.007359	-0.026957	-0.002023
1763641970.838750	0.572323	0.009988	0.899016	0.010625	0.021625	0.067291	-0.007571	-0.028146	-0.007923
1763641970.849590	0.572011	0.009704	0.899008	0.009935	0.021752	0.066974	-0.008407	-0.014179	0.004399
1763641970.858000	0.572011	0.009704	0.899008	0.009935	0.021752	0.066974	-0.008407	-0.014179	0.004399
1763641970.868620	0.571707	0.009517	0.899023	0.008717	0.022029	0.067075	0.006475	-0.012675	0.013194
1763641970.877297	0.571707	0.009517	0.899023	0.008717	0.022029	0.067075	0.002701	-0.010033	0.009987
1763641970.888360	0.571414	0.009310	0.898979	0.009512	0.022130	0.067114	-0.003008	-0.023843	-0.005164
1763641970.896948	0.571111	0.009105	0.898903	0.010386	0.022091	0.066798	-0.009438	-0.023868	-0.015616
1763641970.908520	0.571111	0.009105	0.898903	0.010386	0.022091	0.066798	-0.009397	-0.023416	-0.016580
1763641970.917451	0.570814	0.008920	0.898860	0.010509	0.021540	0.066806	-0.016170	-0.019291	-0.009711
1763641970.927947	0.570814	0.008920	0.898860	0.010509	0.021540	0.066806	0.000708	-0.010784	-0.001832
1763641970.936993	0.570539	0.008796	0.898746	0.010510	0.021268	0.066452	0.003815	-0.007237	0.012763
1763641970.946914	0.570252	0.008654	0.898644	0.010119	0.021034	0.065989	-0.001072	-0.010132	0.007012
1763641970.957068	0.570252	0.008654	0.898644	0.010119	0.021034	0.065989	0.009089	-0.020696	-0.002917
1763641970.966990	0.569930	0.008572	0.898617	0.009355	0.021297	0.065604	0.004034	-0.024297	-0.000228
1763641970.978424	0.569930	0.008572	0.898617	0.009355	0.021297	0.065604	-0.012388	-0.020897	-0.009699
1763641970.986908	0.569632	0.008459	0.898584	0.008095	0.021501	0.065259	-0.009500	-0.027404	-0.010843
1763641970.997792	0.569632	0.008459	0.898584	0.008095	0.021501	0.065259	-0.008858	-0.013624	0.004593
1763641971.008328	0.569366	0.008329	0.898603	0.007241	0.021552	0.064825	0.000633	-0.008950	0.009835
1763641971.017270	0.569133	0.008181	0.898562	0.005810	0.021541	0.064073	0.000153	-0.013321	0.011007
1763641971.027992	0.569133	0.008181	0.898562	0.005810	0.021541	0.064073	0.003002	-0.007056	0.007208
1763641971.037234	0.568808	0.007955	0.898632	0.004882	0.021607	0.063857	-0.000695	-0.017545	0.002176
1763641971.048030	0.568504	0.007836	0.898604	0.005011	0.021889	0.063785	-0.008774	-0.024446	-0.016764
1763641971.057516	0.568504	0.007836	0.898604	0.005011	0.021889	0.063785	-0.008774	-0.024446	-0.016764
1763641971.067668	0.568233	0.007740	0.898618	0.005418	0.022252	0.063210	-0.011469	-0.014883	0.000499
1763641971.077570	0.568233	0.007740	0.898618	0.005418	0.022252	0.063210	-0.011491	-0.008740	0.001122
1763641971.088650	0.568023	0.007616	0.898655	0.006401	0.022109	0.063024	0.007291	-0.009364	0.008731
1763641971.097156	0.567762	0.007497	0.898729	0.006931	0.022423	0.062651	0.008838	-0.007418	0.021239
1763641971.108536	0.567762	0.007497	0.898729	0.006931	0.022423	0.062651	0.003996	-0.010022	0.014237
1763641971.117881	0.567502	0.007373	0.898751	0.008621	0.022348	0.062994	-0.006791	-0.022476	0.004179
1763641971.127033	0.567502	0.007373	0.898751	0.008621	0.022348	0.062994	-0.006791	-0.022476	0.004179
1763641971.137837	0.567288	0.007271	0.898790	0.008248	0.022634	0.063104	-0.011097	-0.020314	-0.000529
1763641971.147831	0.566992	0.007175	0.898890	0.008649	0.022117	0.062371	-0.004258	-0.009235	0.009120
1763641971.157150	0.566992	0.007175	0.898890	0.008649	0.022117	0.062371	-0.004258	-0.009235	0.009120
1763641971.167747	0.566759	0.007091	0.898990	0.008722	0.021887	0.062319	-0.002299	-0.006978	0.013657
1763641971.177212	0.566759	0.007091	0.898990	0.008722	0.021887	0.062319	-0.002299	-0.006978	0.013657
1763641971.189058	0.566501	0.007026	0.899120	0.008715	0.021230	0.062014	0.006095	-0.014411	0.003412
1763641971.198987	0.566273	0.006896	0.899222	0.008872	0.020350	0.061006	-0.015468	-0.021289	-0.012707
1763641971.208657	0.566273	0.006896	0.899222	0.008872	0.020350	0.061006	-0.007922	-0.019508	-0.010253
1763641971.218374	0.565975	0.006777	0.899317	0.007493	0.020143	0.060619	-0.003588	-0.005726	0.004628
1763641971.228311	0.565975	0.006777	0.899317	0.007493	0.020143	0.060619	0.005775	-0.007093	0.008675
1763641971.237547	0.565687	0.006700	0.899345	0.006964	0.020109	0.060625	0.005775	-0.007093	0.008675
1763641971.248513	0.565415	0.006644	0.899327	0.006589	0.020554	0.060347	0.008509	-0.004466	0.005194
1763641971.257782	0.565415	0.006644	0.899327	0.006589	0.020554	0.060347	0.001266	-0.016280	-0.002142
1763641971.267804	0.565139	0.006591	0.899297	0.006808	0.020902	0.059691	-0.008238	-0.020094	-0.014742
1763641971.277184	0.565139	0.006591	0.899297	0.006808	0.020902	0.059691	-0.008238	-0.020094	-0.014742
1763641971.287423	0.564846	0.006519	0.899276	0.007683	0.020464	0.059442	-0.005250	-0.014770	-0.009948
1763641971.297687	0.564595	0.006465	0.899282	0.007389	0.020435	0.059002	-0.015917	-0.007604	-0.001460
1763641971.307508	0.564595	0.006465	0.899282	0.007389	0.020435	0.059002	-0.013828	-0.001689	-0.001535
1763641971.317746	0.564351	0.006467	0.899216	0.005958	0.020139	0.058898	0.002561	0.001739	0.009045
1763641971.328254	0.564351	0.006467	0.899216	0.005958	0.020139	0.058898	-0.000817	-0.001898	0.006608
1763641971.337351	0.564055	0.006495	0.899204	0.005844	0.020174	0.058688	-0.000817	-0.001898	0.006608
1763641971.348582	0.563782	0.006443	0.899169	0.006504	0.020470	0.058354	0.005019	-0.006003	0.002795
1763641971.357833	0.563782	0.006443	0.899169	0.006504	0.020470	0.058354	-0.013056	-0.010570	-0.006152
1763641971.367140	0.563508	0.006429	0.899259	0.005521	0.021715	0.057587	-0.013056	-0.010570	-0.006152
1763641971.377596	0.563508	0.006429	0.899259	0.005521	0.021715	0.057587	-0.002984	-0.010286	-0.005480
1763641971.388025	0.563214	0.006419	0.899326	0.004688	0.022222	0.057140	-0.004509	0.003512	0.010303
1763641971.397357	0.562961	0.006465	0.899341	0.005470	0.021760	0.057015	0.001598	0.007995	0.018321
1763641971.408867	0.562961	0.006465	0.899341	0.005470	0.021760	0.057015	0.004869	0.002505	0.015024
1763641971.417963	0.562683	0.006546	0.899409	0.005250	0.021912	0.056531	0.001913	-0.001242	0.004538
1763641971.426957	0.562683	0.006546	0.899409	0.005250	0.021912	0.056531	0.001913	-0.001242	0.004538
1763641971.437043	0.562427	0.006652	0.899444	0.004820	0.021551	0.056343	-0.016064	-0.007508	-0.007690
1763641971.448160	0.562113	0.006763	0.899495	0.005192	0.021135	0.056226	-0.012472	-0.004506	-0.012552
1763641971.457528	0.562113	0.006763	0.899495	0.005192	0.021135	0.056226	-0.008411	0.000274	-0.003121
1763641971.467170	0.561823	0.006868	0.899500	0.005441	0.020828	0.055777	-0.014164	0.006281	0.000996
1763641971.477017	0.561823	0.006868	0.899500	0.005441	0.020828	0.055777	0.002091	0.009491	0.003662
1763641971.488177	0.561544	0.007004	0.899567	0.005480	0.020555	0.055725	0.001499	0.010106	0.014157
1763641971.498069	0.561319	0.007143	0.899691	0.006246	0.020617	0.055401	-0.006611	0.012227	0.009436
1763641971.508571	0.561319	0.007143	0.899691	0.006246	0.020617	0.055401	-0.001130	-0.002556	-0.004241
1763641971.517715	0.561061	0.007307	0.899696	0.005215	0.021413	0.055256	-0.011145	-0.005403	-0.005832
1763641971.527045	0.561061	0.007307	0.899696	0.005215	0.021413	0.055256	-0.015935	0.002169	-0.011491
1763641971.537099	0.560713	0.007416	0.899735	0.005670	0.020286	0.055213	-0.020597	-0.000060	-0.010967
1763641971.546999	0.560407	0.007540	0.899649	0.007013	0.020257	0.055111	-0.009526	0.014308	-0.003317
1763641971.556991	0.560407	0.007540	0.899649	0.007013	0.020257	0.055111	-0.002125	0.013742	0.003345
1763641971.568707	0.560035	0.007645	0.899549	0.008547	0.019847	0.054931	-0.010078	0.012877	-0.000908
1763641971.578156	0.560035	0.007645	0.899549	0.008547	0.019847	0.054931	-0.004234	0.008717	-0.012930
1763641971.588740	0.559678	0.007870	0.899430	0.008824	0.020400	0.054636	-0.020441	-0.000608	-0.026161
1763641971.597953	0.559354	0.008046	0.899272	0.007820	0.020786	0.054411	-0.020441	-0.000608	-0.026161
1763641971.608068	0.559354	0.008046	0.899272	0.007820	0.020786	0.054411	-0.015627	-0.003142	-0.025876
1763641971.617597	0.559107	0.008306	0.899176	0.007420	0.021377	0.054154	-0.017592	0.010915	-0.010140
1763641971.627934	0.559107	0.008306	0.899176	0.007420	0.021377	0.054154	-0.017012	0.016787	-0.002017
1763641971.637093	0.558816	0.008533	0.899107	0.007082	0.021278	0.053943	-0.012123	0.017200	0.002823
1763641971.647159	0.558467	0.008832	0.899079	0.006418	0.021503	0.054526	-0.005614	0.019933	0.011280
1763641971.657158	0.558467	0.008832	0.899079	0.006418	0.021503	0.054526	-0.007222	0.019488	0.012841
1763641971.667740	0.558151	0.009114	0.899081	0.006579	0.021463	0.055018	-0.005361	0.011997	0.008067
1763641971.677659	0.558151	0.009114	0.899081	0.006579	0.021463	0.055018	0.000929	0.002202	-0.000625
1763641971.689037	0.557794	0.009353	0.899171	0.006709	0.021760	0.054588	-0.017349	0.003952	0.002657
1763641971.697115	0.557407	0.009580	0.899330	0.007613	0.021560	0.054392	-0.021802	0.006934	-0.005993
1763641971.707569	0.557407	0.009580	0.899330	0.007613	0.021560	0.054392	-0.016412	0.001811	-0.005154
1763641971.718109	0.557070	0.009810	0.899532	0.007825	0.021690	0.054243	-0.017186	0.017619	0.007172
1763641971.727502	0.557070	0.009810	0.899532	0.007825	0.021690	0.054243	-0.011441	0.021755	0.011166
1763641971.736978	0.556760	0.010071	0.899660	0.007333	0.022229	0.054143	-0.009807	0.017693	0.012007
1763641971.747130	0.556417	0.010404	0.899775	0.007079	0.023003	0.053563	-0.006629	0.020798	0.007300
1763641971.758257	0.556417	0.010404	0.899775	0.007079	0.023003	0.053563	-0.024072	0.006709	-0.010946
1763641971.768037	0.556044	0.010639	0.899867	0.007344	0.023201	0.053121	-0.021032	0.007964	-0.015871
1763641971.779395	0.556044	0.010639	0.899867	0.007344	0.023201	0.053121	-0.023587	0.010387	-0.004946
1763641971.788628	0.555696	0.010930	0.899904	0.007300	0.022928	0.053134	-0.023587	0.010387	-0.004946
1763641971.797924	0.555352	0.011242	0.899965	0.008500	0.022605	0.053108	-0.006582	0.022219	0.007123
1763641971.808117	0.555352	0.011242	0.899965	0.008500	0.022605	0.053108	-0.006582	0.022219	0.007123
1763641971.817344	0.554949	0.011516	0.899959	0.008770	0.022563	0.052688	-0.007709	0.028825	0.015783
1763641971.828475	0.554949	0.011516	0.899959	0.008770	0.022563	0.052688	-0.011018	0.022335	0.008001
1763641971.839030	0.554560	0.011789	0.899989	0.010822	0.022380	0.052730	-0.003547	0.012592	0.003521
1763641971.848666	0.554160	0.012056	0.900077	0.011964	0.021677	0.052620	-0.024786	0.006108	-0.004315
1763641971.857531	0.554160	0.012056	0.900077	0.011964	0.021677	0.052620	-0.024786	0.006108	-0.004315
1763641971.867121	0.553740	0.012334	0.900154	0.012948	0.022017	0.052625	-0.025089	0.007639	-0.011349
1763641971.877309	0.553740	0.012334	0.900154	0.012948	0.022017	0.052625	-0.021283	0.010751	-0.002048
1763641971.889182	0.553419	0.012636	0.900295	0.013853	0.022776	0.052440	-0.026773	0.020325	0.010214
1763641971.897758	0.553095	0.012971	0.900494	0.014352	0.023002	0.052275	-0.010121	0.020985	0.016397
1763641971.907139	0.553095	0.012971	0.900494	0.014352	0.023002	0.052275	-0.010121	0.020985	0.016397
1763641971.917407	0.552762	0.013231	0.900696	0.015530	0.023376	0.052057	-0.015484	0.023442	0.012360
1763641971.927768	0.552762	0.013231	0.900696	0.015530	0.023376	0.052057	-0.012419	0.005005	-0.000144
1763641971.937484	0.552396	0.013530	0.900888	0.016230	0.023675	0.051690	-0.019817	0.002134	-0.005837
1763641971.947544	0.552059	0.013755	0.901065	0.016279	0.023301	0.052198	-0.023135	0.008968	-0.009840
1763641971.956914	0.552059	0.013755	0.901065	0.016279	0.023301	0.052198	-0.028057	0.007839	-0.008235
1763641971.967979	0.551623	0.013978	0.901118	0.015773	0.023785	0.051758	-0.012219	0.019014	-0.002784
1763641971.977765	0.551623	0.013978	0.901118	0.015773	0.023785	0.051758	-0.016932	0.017550	-0.005506
1763641971.990686	0.551333	0.014181	0.901140	0.015462	0.024053	0.051734	-0.006088	0.008428	-0.016126
1763641971.999061	0.550947	0.014463	0.901107	0.015717	0.024343	0.051458	-0.006088	0.008428	-0.016126
1763641972.007189	0.550947	0.014463	0.901107	0.015717	0.024343	0.051458	-0.016432	0.004044	-0.017236
1763641972.017653	0.550624	0.014721	0.901029	0.014804	0.025139	0.050886	-0.018755	0.002116	-0.022529
1763641972.027695	0.550624	0.014721	0.901029	0.014804	0.025139	0.050886	-0.018755	0.002116	-0.022529
1763641972.036676	0.550339	0.014884	0.900930	0.013818	0.025657	0.050339	-0.005429	0.015951	-0.003915
1763641972.047320	0.550030	0.015034	0.900861	0.012521	0.025828	0.050517	-0.000823	0.012475	0.002828
1763641972.056756	0.550030	0.015034	0.900861	0.012521	0.025828	0.050517	-0.001449	0.019101	0.007564
1763641972.068156	0.549719	0.015308	0.900753	0.012160	0.025943	0.050030	-0.008979	0.017276	0.006200
1763641972.078191	0.549719	0.015308	0.900753	0.012160	0.025943	0.050030	-0.007756	0.004731	-0.003077
1763641972.088081	0.549448	0.015489	0.900710	0.012493	0.026141	0.049977	-0.006924	-0.000015	-0.011594
1763641972.098036	0.549140	0.015692	0.900734	0.013423	0.026364	0.050303	-0.014454	0.004608	-0.009618
1763641972.109045	0.549140	0.015692	0.900734	0.013423	0.026364	0.050303	-0.014454	0.004608	-0.009618
1763641972.117398	0.548811	0.015937	0.900733	0.013846	0.025972	0.050290	-0.017973	0.008506	-0.006993
1763641972.127070	0.548811	0.015937	0.900733	0.013846	0.025972	0.050290	-0.017973	0.008506	-0.006993
1763641972.137481	0.548572	0.016092	0.900811	0.014292	0.025873	0.049983	0.001282	0.017183	0.013350
1763641972.147551	0.548383	0.016198	0.900886	0.012980	0.026382	0.049987	-0.004331	0.014799	0.009393
1763641972.159834	0.548383	0.016198	0.900886	0.012980	0.026382	0.049987	-0.004331	0.014799	0.009393
1763641972.167119	0.548185	0.016403	0.901006	0.011609	0.026921	0.049130	0.005834	0.009977	0.002530
1763641972.177922	0.548185	0.016403	0.901006	0.011609	0.026921	0.049130	-0.008067	-0.000541	-0.015829
1763641972.187394	0.548009	0.016628	0.901134	0.013108	0.027196	0.048907	-0.008067	-0.000541	-0.015829
1763641972.196946	0.547781	0.016827	0.901202	0.013832	0.026342	0.048741	-0.011894	0.014309	-0.001415
1763641972.209024	0.547781	0.016827	0.901202	0.013832	0.026342	0.048741	0.003753	0.010874	-0.003937
1763641972.217356	0.547556	0.017026	0.901221	0.014182	0.025726	0.048572	0.003753	0.010874	-0.003937
1763641972.227323	0.547556	0.017026	0.901221	0.014182	0.025726	0.048572	0.003644	0.015195	0.001462
1763641972.238453	0.547351	0.017208	0.901193	0.013390	0.025585	0.048106	-0.000591	-0.001231	-0.019545
1763641972.247841	0.547197	0.017327	0.901148	0.012682	0.026050	0.047870	-0.006496	0.000013	-0.027200
1763641972.258932	0.547197	0.017327	0.901148	0.012682	0.026050	0.047870	-0.006496	0.000013	-0.027200
1763641972.268012	0.547035	0.017481	0.901057	0.012683	0.025380	0.047906	-0.015997	0.005388	-0.020296
1763641972.277287	0.547035	0.017481	0.901057	0.012683	0.025380	0.047906	-0.015997	0.005388	-0.020296
1763641972.287598	0.546910	0.017592	0.900979	0.012786	0.024858	0.047694	-0.004964	0.011232	-0.012140
1763641972.297694	0.546910	0.017592	0.900979	0.012786	0.024858	0.047694	0.005046	0.019219	0.002181
1763641972.308251	0.546802	0.017705	0.900854	0.011678	0.025338	0.047425	0.011884	0.016208	0.005354
1763641972.317645	0.546652	0.017851	0.900744	0.011435	0.025573	0.047305	0.009027	0.012112	0.009580
1763641972.327147	0.546652	0.017851	0.900744	0.011435	0.025573	0.047305	0.009040	0.018264	0.009580
1763641972.337218	0.546473	0.018087	0.900766	0.011640	0.025531	0.046755	0.003659	0.012093	0.007090
1763641972.347492	0.546320	0.018258	0.900778	0.011955	0.024932	0.046835	0.003659	0.012093	0.007090
1763641972.359671	0.546320	0.018258	0.900778	0.011955	0.024932	0.046835	-0.001509	0.001598	-0.008499
1763641972.368468	0.546247	0.018469	0.900906	0.011976	0.024398	0.046686	-0.001486	0.004500	-0.004675
1763641972.376990	0.546247	0.018469	0.900906	0.011976	0.024398	0.046686	-0.010749	0.006247	-0.003850
1763641972.386917	0.546091	0.018662	0.901062	0.012515	0.023708	0.046799	-0.006360	0.013556	-0.002044
1763641972.397104	0.545988	0.018828	0.901175	0.013444	0.022857	0.047028	0.008469	0.018118	0.012324
1763641972.407016	0.545988	0.018828	0.901175	0.013444	0.022857	0.047028	0.010119	0.015148	0.011985
1763641972.418377	0.545892	0.019003	0.901284	0.013673	0.022727	0.047139	0.008267	0.012600	0.003979
1763641972.429114	0.545892	0.019003	0.901284	0.013673	0.022727	0.047139	0.010612	0.011933	0.001968
1763641972.438063	0.545770	0.019167	0.901414	0.012848	0.022601	0.047117	-0.000194	0.002903	-0.006032
1763641972.448554	0.545649	0.019370	0.901505	0.011436	0.022870	0.046163	-0.004172	0.001409	-0.016269
1763641972.457926	0.545649	0.019370	0.901505	0.011436	0.022870	0.046163	-0.002648	0.009149	-0.010108
1763641972.469009	0.545565	0.019587	0.901505	0.011336	0.022830	0.045726	-0.006382	0.017595	-0.000135
1763641972.477271	0.545565	0.019587	0.901505	0.011336	0.022830	0.045726	0.010672	0.016766	-0.002572
1763641972.486931	0.545465	0.019755	0.901559	0.011727	0.022715	0.045564	0.010757	0.018652	0.001216
1763641972.497700	0.545371	0.019912	0.901482	0.010681	0.022956	0.044750	0.002787	0.001971	-0.022040
1763641972.508300	0.545371	0.019912	0.901482	0.010681	0.022956	0.044750	-0.003602	0.001923	-0.025627
1763641972.518545	0.545322	0.020156	0.901439	0.012282	0.023182	0.045001	-0.003602	0.001923	-0.025627
1763641972.529341	0.545322	0.020156	0.901439	0.012282	0.023182	0.045001	-0.013091	0.007667	-0.020023
1763641972.538363	0.545285	0.020355	0.901304	0.012770	0.023197	0.045227	-0.002703	0.017621	-0.012601
1763641972.548460	0.545206	0.020572	0.901153	0.012758	0.022969	0.045042	0.010311	0.021614	0.001747
1763641972.557673	0.545206	0.020572	0.901153	0.012758	0.022969	0.045042	0.010311	0.021614	0.001747
1763641972.567771	0.545148	0.020783	0.901055	0.012082	0.023308	0.044705	0.011520	0.019614	0.010012
1763641972.578169	0.545148	0.020783	0.901055	0.012082	0.023308	0.044705	0.015729	0.016642	0.006051
1763641972.588159	0.545089	0.021047	0.901061	0.011979	0.023828	0.044158	0.013890	0.019337	0.007590
1763641972.597372	0.545082	0.021200	0.901120	0.011481	0.023994	0.043651	0.005950	0.013888	0.003768
1763641972.607085	0.545082	0.021200	0.901120	0.011481	0.023994	0.043651	-0.004778	0.004462	-0.008726
1763641972.617211	0.545026	0.021409	0.901217	0.012607	0.023894	0.043330	-0.004778	0.004462	-0.008726
1763641972.629854	0.545026	0.021409	0.901217	0.012607	0.023894	0.043330	0.003306	0.008703	-0.003426
1763641972.639039	0.544934	0.021625	0.901337	0.011229	0.024284	0.042871	-0.008763	0.014931	-0.004030
1763641972.647060	0.544934	0.021625	0.901337	0.011229	0.024284	0.042871	0.003909	0.023426	0.000775
1763641972.656963	0.544855	0.021811	0.901390	0.011796	0.024218	0.042456	0.012325	0.022206	0.009863
1763641972.666982	0.544800	0.022042	0.901469	0.010044	0.024960	0.041922	0.008312	0.020263	0.005289
1763641972.677949	0.544800	0.022042	0.901469	0.010044	0.024960	0.041922	0.015415	0.012246	-0.006908
1763641972.689806	0.544795	0.022261	0.901558	0.010290	0.025228	0.041679	0.005902	0.009998	-0.005091
1763641972.697958	0.544739	0.022467	0.901593	0.009892	0.025204	0.041903	0.005902	0.009998	-0.005091
1763641972.707504	0.544739	0.022467	0.901593	0.009892	0.025204	0.041903	0.001815	0.003614	-0.020687
1763641972.719146	0.544749	0.022704	0.901602	0.011320	0.024904	0.041841	0.001367	0.021785	-0.010079
1763641972.728077	0.544749	0.022704	0.901602	0.011320	0.024904	0.041841	0.010564	0.020308	-0.003748
1763641972.739889	0.544691	0.022948	0.901445	0.012477	0.023939	0.041748	0.015578	0.016256	-0.003290
1763641972.747812	0.544668	0.023147	0.901355	0.012202	0.023857	0.041466	0.016195	0.019831	-0.011959
1763641972.757836	0.544668	0.023147	0.901355	0.012202	0.023857	0.041466	-0.002716	0.005703	-0.030440
1763641972.767013	0.544641	0.023308	0.901191	0.013512	0.023603	0.041495	-0.002716	0.005703	-0.030440
1763641972.777913	0.544641	0.023308	0.901191	0.013512	0.023603	0.041495	-0.000636	0.007022	-0.023955
1763641972.787686	0.544655	0.023530	0.900918	0.014761	0.022999	0.041703	-0.000636	0.007022	-0.023955
1763641972.798713	0.544686	0.023737	0.900686	0.015204	0.021975	0.041351	-0.004089	0.011152	-0.023407
1763641972.808196	0.544686	0.023737	0.900686	0.015204	0.021975	0.041351	0.016449	0.025042	-0.002716
1763641972.817718	0.544656	0.023950	0.900466	0.015941	0.022071	0.041185	0.013715	0.018883	0.006034
1763641972.828021	0.544656	0.023950	0.900466	0.015941	0.022071	0.041185	0.010042	0.015580	0.005226
1763641972.837286	0.544663	0.024151	0.900307	0.015313	0.022546	0.040795	0.010042	0.015580	0.005226
1763641972.847709	0.544676	0.024333	0.900294	0.015315	0.022744	0.040509	0.019293	0.015726	0.004825
1763641972.859193	0.544676	0.024333	0.900294	0.015315	0.022744	0.040509	0.005187	0.002779	-0.002554
1763641972.868603	0.544667	0.024513	0.900360	0.014917	0.022613	0.040254	0.005362	0.003929	-0.004109
1763641972.877986	0.544667	0.024513	0.900360	0.014917	0.022613	0.040254	0.004209	0.009292	0.003811
1763641972.886950	0.544653	0.024675	0.900530	0.014964	0.022354	0.040096	0.004209	0.009292	0.003811
1763641972.897005	0.544713	0.024862	0.900789	0.014248	0.022472	0.039888	0.003521	0.006747	-0.000382
1763641972.907372	0.544713	0.024862	0.900789	0.014248	0.022472	0.039888	0.013188	0.016900	0.007264
1763641972.919063	0.544811	0.025020	0.901036	0.012785	0.023057	0.039762	0.020745	0.022414	0.013114
1763641972.927931	0.544811	0.025020	0.901036	0.012785	0.023057	0.039762	0.011203	0.018685	0.010652
1763641972.937251	0.544825	0.025168	0.901202	0.012853	0.023338	0.039567	0.022415	0.012250	-0.001518
1763641972.947508	0.544843	0.025333	0.901368	0.013698	0.023783	0.039241	0.021087	0.003003	-0.006416
1763641972.958225	0.544843	0.025333	0.901368	0.013698	0.023783	0.039241	0.007933	0.000606	-0.021135
1763641972.970617	0.544864	0.025439	0.901431	0.014507	0.024149	0.039316	0.010949	0.008814	-0.007842
1763641972.978423	0.544864	0.025439	0.901431	0.014507	0.024149	0.039316	0.016818	0.018560	-0.000186
1763641972.988139	0.544891	0.025590	0.901477	0.015052	0.024240	0.039046	0.016818	0.018560	-0.000186
1763641972.998219	0.544911	0.025754	0.901413	0.013029	0.024336	0.038530	0.017680	0.014873	0.001781
1763641973.008996	0.544911	0.025754	0.901413	0.013029	0.024336	0.038530	0.021909	0.020094	0.004412
1763641973.017535	0.544947	0.025839	0.901339	0.012182	0.024443	0.038156	0.020522	0.016540	-0.002263
1763641973.027725	0.544947	0.025839	0.901339	0.012182	0.024443	0.038156	0.016456	0.003855	-0.013067
1763641973.037065	0.545050	0.025928	0.901244	0.012417	0.024573	0.038023	0.009609	0.002762	-0.023840
1763641973.047834	0.545141	0.026020	0.901084	0.012233	0.023695	0.037883	0.005911	0.005893	-0.021133
1763641973.056913	0.545141	0.026020	0.901084	0.012233	0.023695	0.037883	0.008385	0.003701	-0.022537
1763641973.068125	0.545193	0.026140	0.900919	0.012062	0.023380	0.038001	0.012629	0.006548	-0.017541
1763641973.077783	0.545193	0.026140	0.900919	0.012062	0.023380	0.038001	0.017338	0.018285	-0.000644
1763641973.088025	0.545213	0.026329	0.900796	0.011379	0.023484	0.038358	0.017783	0.022165	0.004362
1763641973.097292	0.545251	0.026442	0.900704	0.010255	0.023648	0.038387	0.015010	0.017212	0.007464
1763641973.108159	0.545251	0.026442	0.900704	0.010255	0.023648	0.038387	0.022421	0.018929	0.010163
1763641973.119281	0.545333	0.026575	0.900710	0.010964	0.023513	0.038339	0.023481	0.010773	0.005073
1763641973.128857	0.545333	0.026575	0.900710	0.010964	0.023513	0.038339	0.021467	0.001064	-0.005916
1763641973.137081	0.545421	0.026704	0.900728	0.011860	0.022683	0.038434	0.021467	0.001064	-0.005916
1763641973.146988	0.545487	0.026798	0.900776	0.012697	0.022301	0.037980	0.008609	0.003075	-0.005452
1763641973.157786	0.545487	0.026798	0.900776	0.012697	0.022301	0.037980	0.009144	0.001320	-0.013271
1763641973.168124	0.545548	0.026886	0.900829	0.012759	0.022033	0.037808	0.006794	0.016614	-0.002649
1763641973.178469	0.545548	0.026886	0.900829	0.012759	0.022033	0.037808	0.014526	0.018873	0.003325
1763641973.189356	0.545591	0.026987	0.900826	0.013265	0.021445	0.037668	0.019329	0.013188	0.004703
1763641973.198136	0.545616	0.027089	0.900869	0.012745	0.021265	0.037362	0.023449	0.019158	0.004001
1763641973.208174	0.545616	0.027089	0.900869	0.012745	0.021265	0.037362	0.023449	0.019158	0.004001
1763641973.217310	0.545702	0.027237	0.900840	0.012838	0.020934	0.037301	0.015923	0.018500	0.003517
1763641973.228990	0.545702	0.027237	0.900840	0.012838	0.020934	0.037301	0.014868	-0.000275	-0.016469
1763641973.237434	0.545749	0.027335	0.900820	0.012899	0.020512	0.037462	0.014868	-0.000275	-0.016469
1763641973.247125	0.545812	0.027435	0.900833	0.012859	0.020442	0.037736	0.003733	0.005229	-0.017178
1763641973.257067	0.545812	0.027435	0.900833	0.012859	0.020442	0.037736	0.003980	0.002521	-0.020225
1763641973.268005	0.545820	0.027541	0.900794	0.013304	0.020110	0.037373	0.016252	0.020911	-0.004647
1763641973.277839	0.545820	0.027541	0.900794	0.013304	0.020110	0.037373	0.015665	0.018022	-0.004538
1763641973.288513	0.545799	0.027660	0.900640	0.013094	0.020462	0.037480	0.015665	0.018022	-0.004538
1763641973.297089	0.545798	0.027772	0.900475	0.012867	0.020325	0.037139	0.017812	0.016012	-0.003884
1763641973.307527	0.545798	0.027772	0.900475	0.012867	0.020325	0.037139	0.017812	0.016012	-0.003884
1763641973.317330	0.545775	0.027873	0.900358	0.012749	0.020270	0.036817	0.018206	0.006250	-0.009651
1763641973.326978	0.545775	0.027873	0.900358	0.012749	0.020270	0.036817	0.007389	0.000136	-0.018970
1763641973.337429	0.545771	0.027938	0.900296	0.013153	0.020010	0.036615	0.006203	0.002421	-0.021110
1763641973.348487	0.545771	0.027938	0.900296	0.013153	0.020010	0.036615	0.002958	0.001581	-0.016167
1763641973.356924	0.545734	0.028049	0.900222	0.012717	0.019710	0.036433	0.001777	0.012294	-0.006779
1763641973.368174	0.545719	0.028177	0.900149	0.012903	0.019343	0.036349	0.001777	0.012294	-0.006779
1763641973.377940	0.545719	0.028177	0.900149	0.012903	0.019343	0.036349	0.015454	0.015463	0.001944
1763641973.390263	0.545640	0.028290	0.900105	0.012663	0.019258	0.036163	0.015454	0.015463	0.001944
1763641973.399285	0.545591	0.028350	0.900101	0.012661	0.019421	0.035957	0.022435	0.017758	0.010099
1763641973.408352	0.545591	0.028350	0.900101	0.012661	0.019421	0.035957	0.022435	0.017758	0.010099
1763641973.417467	0.545551	0.028417	0.900101	0.012772	0.019516	0.035915	0.010911	0.001224	-0.003907
1763641973.428185	0.545551	0.028417	0.900101	0.012772	0.019516	0.035915	0.006952	-0.002222	-0.006679
1763641973.437656	0.545498	0.028505	0.900146	0.013455	0.019780	0.035910	0.001098	-0.000562	-0.009433
1763641973.447818	0.545416	0.028578	0.900217	0.014938	0.019441	0.036065	0.001098	-0.000562	-0.009433
1763641973.457812	0.545416	0.028578	0.900217	0.014938	0.019441	0.036065	-0.000889	-0.000061	-0.012511
1763641973.467577	0.545261	0.028702	0.900251	0.015686	0.019807	0.036221	-0.000889	-0.000061	-0.012511
1763641973.477201	0.545261	0.028702	0.900251	0.015686	0.019807	0.036221	0.000799	0.001382	-0.000052
1763641973.487805	0.545183	0.028836	0.900362	0.015153	0.020144	0.036209	0.005454	0.015994	0.013998
1763641973.497968	0.545183	0.028836	0.900362	0.015153	0.020144	0.036209	0.013178	0.013028	0.017178
1763641973.513821	0.545076	0.028908	0.900597	0.014758	0.020979	0.036078	0.010649	0.017949	0.028653
1763641973.520204	0.545077	0.029007	0.900956	0.013008	0.022095	0.036179	0.010649	0.017949	0.028653
1763641973.527647	0.545077	0.029007	0.900956	0.013008	0.022095	0.036179	0.010649	0.017949	0.028653
1763641973.537196	0.545042	0.029103	0.901277	0.012878	0.022997	0.036591	0.018146	0.000104	0.010390
1763641973.547406	0.544991	0.029273	0.901618	0.013257	0.023483	0.036667	0.001941	0.002232	0.006734
1763641973.557330	0.544991	0.029273	0.901618	0.013257	0.023483	0.036667	-0.003717	0.001601	-0.005265
1763641973.567256	0.544927	0.029329	0.901899	0.012581	0.023773	0.037175	0.003266	0.000019	-0.000877
1763641973.577238	0.544927	0.029329	0.901899	0.012581	0.023773	0.037175	0.009085	0.016723	0.011222
1763641973.587110	0.544851	0.029402	0.902125	0.012831	0.023616	0.037632	0.009085	0.016723	0.011222
1763641973.596652	0.544799	0.029462	0.902321	0.012418	0.023604	0.037792	0.016243	0.012173	0.014898
1763641973.606753	0.544799	0.029462	0.902321	0.012418	0.023604	0.037792	0.021506	0.012598	0.007500
1763641973.618649	0.544716	0.029512	0.902509	0.011245	0.023896	0.037788	0.010334	0.005765	0.001078
1763641973.626777	0.544716	0.029512	0.902509	0.011245	0.023896	0.037788	0.004241	-0.001552	-0.011560
1763641973.636664	0.544621	0.029595	0.902633	0.011475	0.024171	0.038064	0.004039	-0.002951	-0.015432
1763641973.646822	0.544532	0.029712	0.902646	0.010964	0.024461	0.038146	0.004039	-0.002951	-0.015432
1763641973.657318	0.544532	0.029712	0.902646	0.010964	0.024461	0.038146	-0.002670	0.004938	-0.015337
1763641973.668889	0.544423	0.029809	0.902640	0.011107	0.024404	0.037956	0.015000	0.013033	-0.004934
1763641973.677684	0.544423	0.029809	0.902640	0.011107	0.024404	0.037956	0.014034	0.014862	-0.000860
