时间(s)	位置x(m)	位置y(m)	位置z(m)	欧拉角roll(rad)	欧拉角pitch(rad)	欧拉角yaw(rad)	速度x(m/s)	速度y(m/s)	速度z(m/s)
1763641955.026708	-0.663530	0.009055	1.319304	0.003765	0.021099	-0.001880	0.001906	0.016367	-0.000480
1763641955.066812	-0.664795	0.009997	1.316499	0.006544	0.019950	-0.000135	0.010258	0.008699	0.005035
1763641955.099829	-0.665270	0.010154	1.315826	0.008170	0.019970	-0.000197	-0.000500	-0.001422	-0.014816
1763641955.124897	-0.665652	0.010042	1.315100	-0.005048	0.022878	0.009619	0.000613	0.003852	-0.079415
1763641955.154889	-0.665695	0.010078	1.313970	-0.007156	0.021893	0.015421	0.003394	0.004960	-0.140514
1763641955.177935	-0.665921	0.010145	1.309996	-0.021795	0.026067	0.027303	-0.000447	0.024060	-0.252912
1763641955.217450	-0.666052	0.010186	1.306561	-0.029447	0.028345	0.034180	-0.006128	0.034864	-0.364041
1763641955.248717	-0.666221	0.010732	1.290674	-0.046908	0.032927	0.057866	0.007036	0.059097	-0.442011
1763641955.276193	-0.666293	0.011535	1.275668	-0.052940	0.034358	0.076375	-0.002554	0.085216	-0.526374
1763641955.308176	-0.666390	0.011941	1.267405	-0.057748	0.035853	0.086119	0.016424	0.100296	-0.537877
1763641955.331664	-0.666632	0.013335	1.249549	-0.066242	0.036132	0.105338	0.008795	0.126441	-0.504782
1763641955.370390	-0.666711	0.014221	1.240585	-0.067377	0.035643	0.115672	0.008730	0.149699	-0.460573
1763641955.399984	-0.666731	0.018667	1.216511	-0.064608	0.030950	0.146414	0.026893	0.171419	-0.289787
1763641955.433968	-0.666809	0.022701	1.204876	-0.060339	0.027370	0.167060	0.053201	0.200127	-0.142711
1763641955.460000	-0.666946	0.027786	1.197558	-0.055793	0.023710	0.187592	0.045935	0.193378	-0.045625
1763641955.499102	-0.667139	0.030783	1.195677	-0.052951	0.022601	0.197491	0.057470	0.213880	0.079127
1763641955.530930	-0.667499	0.040837	1.196030	-0.039153	0.022175	0.226202	0.055634	0.244247	0.156113
1763641955.555279	-0.667707	0.044448	1.197792	-0.035370	0.023303	0.234810	0.054248	0.252157	0.210437
1763641955.594558	-0.668153	0.052114	1.202979	-0.029679	0.027136	0.252045	0.082124	0.263905	0.230660
1763641955.623748	-0.668712	0.064576	1.212921	-0.016061	0.033405	0.277007	0.078371	0.251505	0.204056
1763641955.656457	-0.668950	0.068854	1.216231	-0.011621	0.036370	0.285506	0.089096	0.262161	0.164100
1763641955.687454	-0.669291	0.077321	1.221992	-0.001045	0.040912	0.300827	0.087105	0.262126	0.083044
1763641955.714337	-0.669537	0.086200	1.226093	0.005895	0.044967	0.316491	0.104277	0.269149	0.063025
1763641955.751464	-0.669527	0.094845	1.228286	0.013778	0.048046	0.333222	0.095618	0.265319	0.014378
1763641955.777347	-0.669068	0.103312	1.228590	0.023647	0.048921	0.351476	0.131900	0.257994	-0.016825
1763641955.807903	-0.668814	0.107597	1.228292	0.027753	0.049276	0.359528	0.125591	0.239574	-0.052616
1763641955.840641	-0.668318	0.116096	1.227136	0.033479	0.049891	0.377071	0.136071	0.244176	-0.043647
1763641955.871439	-0.667442	0.124303	1.225709	0.040189	0.049397	0.394330	0.156020	0.210304	-0.042697
1763641955.899895	-0.666083	0.132296	1.224325	0.043349	0.048355	0.411908	0.159967	0.209936	0.003443
1763641955.928862	-0.664388	0.140090	1.223769	0.045952	0.046557	0.429670	0.183707	0.200802	0.034576
1763641955.969280	-0.663319	0.143904	1.224081	0.045351	0.046303	0.438190	0.190679	0.186780	0.091271
1763641955.997466	-0.659677	0.154794	1.226799	0.049679	0.041097	0.462046	0.209666	0.162011	0.121216
1763641956.025640	-0.656793	0.161508	1.229864	0.052475	0.035605	0.477920	0.204897	0.137827	0.130704
1763641956.057273	-0.655157	0.164887	1.231823	0.052265	0.033706	0.485667	0.198124	0.131140	0.141173
1763641956.086908	-0.651878	0.171109	1.236205	0.056530	0.027732	0.499773	0.220963	0.119911	0.153924
1763641956.112458	-0.648380	0.176887	1.240744	0.056205	0.022549	0.513240	0.209396	0.100217	0.133812
1763641956.140855	-0.646435	0.179607	1.243009	0.057730	0.019729	0.519696	0.211345	0.098386	0.134454
1763641956.167464	-0.642534	0.184749	1.247197	0.059533	0.014745	0.533241	0.199795	0.068429	0.097599
1763641956.199084	-0.638515	0.189491	1.250827	0.059567	0.011237	0.545357	0.219070	0.068013	0.098881
1763641956.225091	-0.634427	0.193592	1.253352	0.060688	0.007258	0.556918	0.197908	0.039511	0.047756
1763641956.260817	-0.632301	0.195472	1.254241	0.060864	0.006085	0.563022	0.211206	0.038474	0.049802
1763641956.292866	-0.628062	0.198960	1.255260	0.062055	0.003562	0.574840	0.202946	0.009797	0.003687
1763641956.318955	-0.621520	0.203121	1.254896	0.059737	-0.000697	0.592458	0.177938	-0.012628	-0.033006
1763641956.354330	-0.619406	0.204266	1.254382	0.058457	-0.001468	0.597916	0.188927	-0.021447	-0.016722
1763641956.382516	-0.615038	0.206124	1.253087	0.055850	-0.003576	0.609584	0.167030	-0.047259	-0.048907
1763641956.410805	-0.612837	0.206881	1.252278	0.053485	-0.004477	0.615255	0.178604	-0.055068	-0.025824
1763641956.435630	-0.608500	0.207984	1.250523	0.050771	-0.005060	0.627054	0.149083	-0.086115	-0.037821
1763641956.463618	-0.604137	0.208513	1.248979	0.045462	-0.006618	0.638503	0.149713	-0.082358	-0.038664
1763641956.498626	-0.599980	0.208531	1.247651	0.043880	-0.008039	0.649371	0.152268	-0.085225	-0.003291
1763641956.526668	-0.595796	0.208098	1.246569	0.038611	-0.009207	0.660130	0.130148	-0.110543	-0.003948
1763641956.562669	-0.593774	0.207739	1.246271	0.037577	-0.009943	0.665633	0.099637	-0.119992	-0.003964
1763641956.586331	-0.587887	0.205923	1.245606	0.033480	-0.012293	0.679117	0.101895	-0.116595	0.019210
1763641956.619968	-0.586081	0.205067	1.245466	0.030163	-0.012901	0.683902	0.096133	-0.125987	0.012911
1763641956.647158	-0.582492	0.203183	1.245507	0.026517	-0.012834	0.693291	0.059517	-0.132079	0.012905
1763641956.676384	-0.579189	0.200871	1.245401	0.025158	-0.013167	0.701924	0.084741	-0.130929	0.026735
1763641956.710395	-0.577658	0.199609	1.245532	0.023670	-0.013012	0.706667	0.053157	-0.154789	0.006007
1763641956.745032	-0.574559	0.196699	1.245584	0.022407	-0.012081	0.715461	0.041808	-0.145309	0.017923
1763641956.777068	-0.570618	0.192080	1.245731	0.019331	-0.009129	0.728909	0.025073	-0.156744	0.005680
1763641956.806595	-0.569367	0.190365	1.245791	0.016738	-0.008325	0.733258	0.010835	-0.153137	0.007446
1763641956.842170	-0.567072	0.186736	1.245865	0.015534	-0.006761	0.741567	0.002880	-0.155838	0.013980
1763641956.865884	-0.564161	0.181109	1.245887	0.011229	-0.003893	0.753558	-0.020170	-0.154985	0.006219
1763641956.898530	-0.563369	0.179058	1.245944	0.011397	-0.002724	0.757657	-0.013225	-0.142128	0.016680
1763641956.922090	-0.561755	0.175213	1.245911	0.009056	0.000857	0.764274	-0.029137	-0.162705	-0.005307
1763641956.951454	-0.561046	0.173183	1.245891	0.007828	0.002685	0.767628	-0.042138	-0.140746	0.012412
1763641956.977232	-0.559914	0.169029	1.245972	0.006924	0.006051	0.774731	-0.041046	-0.148293	0.011210
1763641957.003933	-0.559361	0.166984	1.245870	0.007865	0.007310	0.777527	-0.049553	-0.148012	0.005881
1763641957.031876	-0.558477	0.162886	1.245808	0.005437	0.009878	0.783675	-0.055096	-0.138849	0.002542
1763641957.057257	-0.558065	0.160905	1.245786	0.005360	0.011186	0.786448	-0.070456	-0.144577	-0.002673
1763641957.086694	-0.557509	0.156706	1.245733	0.003256	0.013900	0.792830	-0.074599	-0.127917	0.002733
1763641957.111033	-0.557153	0.152564	1.245782	0.005213	0.016351	0.799580	-0.069916	-0.115834	0.011970
1763641957.136534	-0.556938	0.150523	1.245726	0.005970	0.017316	0.802811	-0.068875	-0.135540	-0.003356
1763641957.167788	-0.556813	0.146387	1.245958	0.006691	0.020465	0.810509	-0.078627	-0.130199	0.007354
1763641957.192700	-0.556777	0.142719	1.246122	0.005499	0.023608	0.816473	-0.072143	-0.104201	0.037639
1763641957.219928	-0.556833	0.139048	1.246607	0.004362	0.025718	0.821865	-0.072053	-0.119352	0.022423
1763641957.254771	-0.556926	0.137347	1.246945	0.003967	0.026378	0.824822	-0.084431	-0.118461	0.023654
1763641957.277815	-0.557122	0.134135	1.247890	0.001731	0.027455	0.830327	-0.071967	-0.092240	0.059256
1763641957.318035	-0.557282	0.132500	1.248443	0.003407	0.026850	0.833492	-0.065670	-0.094757	0.054544
1763641957.346622	-0.558076	0.127988	1.250686	0.000732	0.027514	0.840153	-0.086824	-0.071869	0.055014
1763641957.375317	-0.558689	0.125433	1.252311	0.002676	0.026245	0.844665	-0.072083	-0.066578	0.059032
1763641957.410166	-0.559089	0.124206	1.253062	0.003297	0.026313	0.845949	-0.083465	-0.075073	0.042046
1763641957.434771	-0.559907	0.121776	1.254518	0.002416	0.027209	0.852063	-0.070965	-0.056670	0.031751
1763641957.468146	-0.560957	0.119665	1.255826	0.003081	0.027770	0.855247	-0.083958	-0.042356	0.029416
1763641957.498437	-0.562085	0.117729	1.256531	0.004773	0.029084	0.859828	-0.071264	-0.039318	0.022264
1763641957.528743	-0.563184	0.115977	1.257074	0.005176	0.029810	0.863774	-0.081547	-0.038418	0.018032
1763641957.554796	-0.563878	0.115126	1.257240	0.005982	0.029983	0.865818	-0.059202	-0.034590	0.018466
1763641957.587642	-0.565066	0.113642	1.257515	0.010051	0.030732	0.870123	-0.094231	-0.033393	0.001379
1763641957.619724	-0.566449	0.112403	1.257749	0.010903	0.031565	0.873954	-0.063062	-0.018604	0.024651
1763641957.645686	-0.567730	0.111187	1.258080	0.013823	0.031812	0.878322	-0.069881	-0.020782	0.021515
1763641957.678506	-0.569143	0.110199	1.258555	0.015784	0.031666	0.882172	-0.072101	-0.017844	0.019452
1763641957.712236	-0.569778	0.109734	1.258866	0.017706	0.031927	0.884117	-0.053131	-0.008936	0.033692
1763641957.742065	-0.571657	0.108538	1.259912	0.018242	0.033774	0.888977	-0.072042	-0.014592	0.023819
1763641957.773111	-0.572257	0.108253	1.260361	0.019314	0.034376	0.891663	-0.048877	-0.003570	0.037430
1763641957.801399	-0.573409	0.107657	1.261200	0.022106	0.034627	0.894961	-0.055590	-0.015017	0.027371
1763641957.835433	-0.574442	0.107200	1.261998	0.021288	0.035074	0.898908	-0.051449	-0.002452	0.036761
1763641957.856896	-0.575350	0.106803	1.262830	0.024669	0.034087	0.901888	-0.045032	-0.006443	0.031233
1763641957.890757	-0.575841	0.106629	1.263327	0.023885	0.033681	0.904345	-0.051874	-0.011748	0.023172
1763641957.912514	-0.576635	0.106446	1.264336	0.023208	0.033557	0.907146	-0.030249	0.004533	0.050860
1763641957.940307	-0.577007	0.106292	1.264877	0.024701	0.033650	0.908755	-0.042391	-0.003097	0.037193
1763641957.968809	-0.577737	0.106267	1.265962	0.025918	0.032582	0.912146	-0.037589	-0.006527	0.035746
1763641958.003427	-0.578318	0.106252	1.267329	0.026034	0.031442	0.915771	-0.024578	0.010759	0.050797
1763641958.026303	-0.578771	0.106282	1.268522	0.024979	0.031774	0.918836	-0.036207	-0.005951	0.024015
1763641958.061208	-0.578908	0.106319	1.269034	0.025457	0.030559	0.920432	-0.039509	0.003708	0.039286
1763641958.088718	-0.579263	0.106412	1.270118	0.025673	0.030206	0.922925	-0.035743	-0.002330	0.016917
1763641958.115746	-0.579649	0.106588	1.270872	0.029080	0.029878	0.925501	-0.030157	0.012868	0.028373
1763641958.140142	-0.579718	0.106905	1.271559	0.026561	0.029415	0.928391	-0.018797	0.014688	0.023716
1763641958.172137	-0.579681	0.107048	1.271760	0.026055	0.029274	0.929123	-0.028271	-0.000217	0.000516
1763641958.196487	-0.579577	0.107295	1.272041	0.027580	0.028725	0.931692	-0.011978	0.013320	0.023094
1763641958.226752	-0.579492	0.107458	1.272290	0.029414	0.027686	0.934587	-0.033723	-0.004464	-0.002206
1763641958.254127	-0.579452	0.107549	1.272436	0.029364	0.027319	0.936039	-0.018719	-0.002788	0.011252
1763641958.285687	-0.579187	0.107851	1.272875	0.031160	0.026103	0.939072	0.002792	0.002655	0.025848
1763641958.311998	-0.578858	0.108089	1.273369	0.031297	0.026104	0.941401	-0.009794	-0.008863	0.013884
1763641958.346126	-0.578405	0.108225	1.274045	0.033995	0.025148	0.943670	-0.020878	0.003530	0.028260
1763641958.370641	-0.577742	0.108285	1.274713	0.035940	0.024252	0.945692	-0.002712	-0.017587	0.019907
1763641958.399863	-0.577409	0.108379	1.275036	0.035274	0.024304	0.946787	-0.010175	-0.007948	0.020193
1763641958.434341	-0.576521	0.108490	1.275714	0.035999	0.025000	0.948740	0.002734	-0.000437	0.029415
1763641958.460293	-0.575515	0.108524	1.276259	0.034647	0.024414	0.950850	-0.007214	-0.018099	0.014133
1763641958.492591	-0.575005	0.108459	1.276559	0.035054	0.023632	0.952234	0.011757	-0.015872	0.018640
1763641958.519988	-0.573325	0.108208	1.277055	0.033072	0.021942	0.955357	-0.001920	-0.030754	-0.003318
1763641958.550297	-0.572773	0.108176	1.277212	0.032031	0.021945	0.956515	0.021449	-0.018895	0.021514
1763641958.575300	-0.571398	0.108041	1.277421	0.033387	0.019771	0.958924	-0.005432	-0.036110	-0.000094
1763641958.611927	-0.570727	0.107920	1.277580	0.033113	0.018168	0.960220	-0.007892	-0.023002	0.012081
1763641958.640249	-0.568628	0.107229	1.278110	0.031933	0.015969	0.962972	0.001306	-0.019622	0.024580
1763641958.665388	-0.567966	0.107023	1.278469	0.031451	0.015503	0.963594	-0.007792	-0.034865	0.010617
1763641958.701957	-0.566543	0.106560	1.279274	0.029652	0.015006	0.965980	-0.004391	-0.022902	0.015310
1763641958.727793	-0.565138	0.105925	1.279815	0.028639	0.015390	0.967815	-0.008609	-0.042172	0.002069
1763641958.758561	-0.564410	0.105602	1.280071	0.027038	0.014816	0.968411	-0.014825	-0.025920	0.011585
1763641958.783158	-0.562962	0.105014	1.280379	0.024366	0.014339	0.969458	-0.002744	-0.042460	-0.005953
1763641958.817414	-0.561643	0.104219	1.280688	0.025132	0.014095	0.970773	-0.011378	-0.037489	-0.001088
1763641958.841054	-0.560305	0.103324	1.280904	0.024412	0.014165	0.973467	-0.000866	-0.023162	0.013776
1763641958.875626	-0.559722	0.102859	1.280985	0.026033	0.014008	0.974115	-0.022756	-0.036028	-0.017431
1763641958.905786	-0.558386	0.101902	1.281143	0.024794	0.012951	0.975708	-0.006560	-0.020288	0.005948
1763641958.937654	-0.557211	0.100948	1.281297	0.024449	0.012494	0.977350	-0.005093	-0.030543	0.009847
1763641958.970244	-0.556034	0.099842	1.281487	0.021921	0.012482	0.978701	-0.021799	-0.024885	0.006244
1763641958.994381	-0.555004	0.098728	1.281852	0.022493	0.012910	0.980067	-0.004350	-0.021572	0.013841
1763641959.027288	-0.553934	0.097613	1.282099	0.023175	0.012513	0.981350	-0.015347	-0.038027	-0.005514
1763641959.049380	-0.553442	0.096983	1.282211	0.022472	0.012821	0.981709	-0.001664	-0.024889	0.004003
1763641959.084473	-0.552968	0.096302	1.282230	0.023381	0.012794	0.982468	-0.021749	-0.038288	-0.016075
1763641959.112094	-0.551631	0.094377	1.281976	0.025441	0.012668	0.983295	-0.003130	-0.027547	-0.007681
1763641959.142613	-0.551170	0.093649	1.281775	0.025708	0.012361	0.984437	-0.019281	-0.041644	-0.032791
1763641959.162367	-0.550054	0.091407	1.281196	0.024930	0.010885	0.986749	-0.012737	-0.027758	-0.010784
1763641959.194658	-0.549760	0.090611	1.281024	0.024763	0.010303	0.987461	-0.013382	-0.024715	-0.002691
1763641959.226146	-0.549465	0.089786	1.280899	0.024647	0.009664	0.988128	-0.040752	-0.039626	-0.028012
1763641959.255677	-0.548727	0.088116	1.280597	0.024045	0.010875	0.989834	-0.028552	-0.023331	0.001891
1763641959.278250	-0.548211	0.086392	1.280625	0.023717	0.010967	0.991494	-0.008840	-0.029641	0.008756
1763641959.308496	-0.547979	0.085544	1.280677	0.023271	0.011110	0.991674	-0.042244	-0.039044	-0.006285
1763641959.336322	-0.547506	0.083647	1.281084	0.022250	0.011957	0.993470	-0.040251	-0.019532	0.009072
1763641959.367171	-0.547212	0.081768	1.281728	0.022009	0.012461	0.994733	-0.031516	-0.027225	0.010804
1763641959.399682	-0.546968	0.079764	1.282333	0.021935	0.013619	0.996038	-0.037372	-0.029695	0.005652
1763641959.431971	-0.546813	0.077832	1.282828	0.022400	0.013817	0.997799	-0.031959	-0.021294	0.015130
1763641959.461687	-0.546792	0.076824	1.283101	0.021360	0.014775	0.998133	-0.034523	-0.030595	0.003948
1763641959.489646	-0.546598	0.074852	1.283520	0.020727	0.016094	0.999647	-0.038058	-0.018763	0.018217
1763641959.519092	-0.546663	0.072876	1.283941	0.019760	0.017011	1.000327	-0.039888	-0.033674	-0.019726
1763641959.573836	-0.546907	0.068992	1.284142	0.017374	0.018579	1.001678	-0.032633	-0.013692	0.002430
1763641959.600432	-0.547081	0.068040	1.284247	0.016719	0.019241	1.002304	-0.044036	-0.014099	-0.005343
1763641959.629364	-0.547399	0.066177	1.284344	0.014521	0.020647	1.004159	-0.032358	-0.007944	0.006906
1763641959.651522	-0.547627	0.065251	1.284443	0.013641	0.020521	1.004294	-0.050111	-0.018993	-0.010337
1763641959.682314	-0.547800	0.064310	1.284534	0.014129	0.021379	1.004638	-0.035578	0.006919	0.011603
1763641959.721474	-0.548156	0.062565	1.284823	0.015448	0.022295	1.005803	-0.030376	-0.008347	0.006120
1763641959.748530	-0.548812	0.060044	1.285227	0.018245	0.022069	1.007382	-0.038699	-0.006371	-0.001462
1763641959.777567	-0.549348	0.058335	1.285462	0.021429	0.021574	1.007709	-0.026792	-0.013095	-0.006077
1763641959.806474	-0.549685	0.057552	1.285556	0.022752	0.020603	1.007784	-0.046090	-0.008751	-0.008400
1763641959.836122	-0.550364	0.055976	1.285624	0.024409	0.020096	1.009263	-0.035529	0.010009	0.017782
1763641959.862295	-0.550988	0.054494	1.285777	0.021887	0.020422	1.009886	-0.049019	-0.005837	-0.010640
1763641959.894520	-0.551715	0.052923	1.285909	0.021764	0.019855	1.012066	-0.043271	-0.009309	-0.004369
1763641959.919019	-0.552124	0.052200	1.286051	0.021502	0.019406	1.012176	-0.029097	-0.002566	0.009494
1763641959.951765	-0.552759	0.050839	1.286394	0.019622	0.020353	1.012826	-0.038829	-0.005666	0.000054
1763641959.975013	-0.553485	0.049239	1.286827	0.020330	0.019887	1.014530	-0.021774	0.006868	0.019611
1763641960.009404	-0.553996	0.048553	1.287095	0.021400	0.019386	1.015552	-0.023196	-0.012896	0.004534
1763641960.033114	-0.554943	0.047214	1.287528	0.020046	0.019498	1.016022	-0.041383	0.004398	0.002679
1763641960.065140	-0.555767	0.045900	1.288058	0.020812	0.018780	1.016196	-0.027344	0.002937	0.000087
1763641960.088102	-0.556683	0.044473	1.288173	0.017815	0.018482	1.017007	-0.043019	0.008295	-0.004847
1763641960.119918	-0.557206	0.043812	1.288256	0.019117	0.017071	1.017864	-0.040800	0.013182	0.000432
1763641960.150348	-0.558303	0.042477	1.288309	0.018272	0.018204	1.018406	-0.039123	-0.004450	-0.022036
1763641960.172549	-0.559431	0.041248	1.288383	0.019908	0.018422	1.018772	-0.049651	0.011226	-0.004653
1763641960.203500	-0.560012	0.040615	1.288334	0.019464	0.018882	1.019547	-0.024086	0.008160	-0.008097
1763641960.227023	-0.561038	0.039408	1.288370	0.019898	0.019213	1.021811	-0.036580	0.013810	-0.006764
1763641960.262189	-0.561686	0.038702	1.288279	0.020732	0.019080	1.021920	-0.033798	0.024890	0.009057
1763641960.282760	-0.562955	0.037607	1.288398	0.016494	0.021079	1.022880	-0.039611	0.009000	-0.014573
1763641960.314225	-0.563570	0.036984	1.288464	0.018018	0.020577	1.023136	-0.047497	0.032829	0.000040
1763641960.339938	-0.565638	0.035436	1.288736	0.019345	0.021708	1.024581	-0.025149	0.023248	-0.003802
1763641960.373036	-0.566310	0.034887	1.288713	0.019285	0.021672	1.025432	-0.037249	0.013236	-0.021306
1763641960.402391	-0.567800	0.033907	1.288621	0.019488	0.022923	1.025736	-0.031334	0.027099	-0.009785
1763641960.431517	-0.569133	0.032924	1.288420	0.020623	0.023828	1.026778	-0.050278	0.022361	-0.029558
1763641960.456195	-0.569869	0.032468	1.288276	0.019851	0.023827	1.026636	-0.025755	0.039149	-0.003529
1763641960.486888	-0.571421	0.031703	1.288044	0.018759	0.024848	1.028342	-0.023848	0.024337	-0.014762
1763641960.515602	-0.573048	0.030909	1.287740	0.018830	0.025650	1.028824	-0.024770	0.018628	-0.016805
1763641960.542750	-0.574419	0.030286	1.287705	0.021114	0.025416	1.029629	-0.027664	0.041148	0.012987
1763641960.571768	-0.575880	0.029679	1.287848	0.021922	0.025341	1.030819	-0.025186	0.026409	0.002526
1763641960.596854	-0.576603	0.029461	1.287859	0.021108	0.025783	1.030660	-0.018631	0.042362	0.011479
1763641960.630341	-0.577374	0.029144	1.288029	0.020029	0.026574	1.031212	-0.028292	0.043004	0.008667
1763641960.654197	-0.578891	0.028670	1.288422	0.020180	0.027065	1.031822	-0.021493	0.026292	-0.007925
1763641960.687865	-0.580369	0.028243	1.288615	0.019874	0.027215	1.032242	-0.019263	0.045436	0.002073
1763641960.711703	-0.581855	0.027955	1.288522	0.021670	0.026406	1.033518	-0.020652	0.028778	-0.017486
1763641960.749786	-0.582684	0.027776	1.288463	0.022684	0.026592	1.033894	0.002923	0.040544	0.001000
1763641960.772848	-0.584768	0.027605	1.288116	0.022773	0.026672	1.033712	-0.015392	0.027839	-0.014642
1763641960.804713	-0.585576	0.027618	1.288062	0.021501	0.026610	1.034102	-0.029115	0.037398	-0.004333
1763641960.831377	-0.587003	0.027528	1.288005	0.020791	0.027343	1.034541	-0.012390	0.047906	0.007400
1763641960.855872	-0.587708	0.027532	1.287981	0.019958	0.026737	1.035082	-0.030419	0.039819	-0.013974
1763641960.859287	-1.489118	0.027752	0.388052	0.019554	0.028177	1.035994	-0.002571	0.052678	0.013252
1763641960.869591	-1.489844	0.027826	0.388145	0.019628	0.028614	1.036122	-0.006239	0.055527	0.019651
1763641960.879812	-1.489844	0.027826	0.388145	0.019628	0.028614	1.036122	0.006124	0.041700	0.012942
1763641960.890401	-1.490546	0.027920	0.388196	0.019102	0.028938	1.036101	0.000706	0.054070	0.044612
1763641960.899679	-1.491261	0.028066	0.388400	0.020022	0.029134	1.037401	0.000706	0.054070	0.044612
1763641960.909387	-1.491261	0.028066	0.388400	0.020022	0.029134	1.037401	0.006977	0.055537	0.087492
1763641960.919389	-1.491747	0.028522	0.389275	0.018123	0.044256	1.037980	0.016851	0.050428	0.108522
1763641960.929597	-1.491747	0.028522	0.389275	0.018123	0.044256	1.037980	0.008536	0.039072	0.117054
1763641960.939624	-1.492082	0.029280	0.391089	0.017199	0.074364	1.037218	0.007954	0.033330	0.114051
1763641960.950142	-1.492383	0.030349	0.393422	0.016467	0.104591	1.035338	0.020276	0.042472	0.107761
1763641960.959641	-1.492383	0.030349	0.393422	0.016467	0.104591	1.035338	0.037309	0.045730	0.096892
1763641960.969640	-1.492579	0.031644	0.395902	0.016516	0.133862	1.033568	0.060089	0.050802	0.102129
1763641960.980374	-1.492579	0.031644	0.395902	0.016516	0.133862	1.033568	0.081220	0.044519	0.066957
1763641960.993127	-1.492617	0.033140	0.398311	0.016304	0.165000	1.031233	0.081555	0.056509	0.039229
1763641961.001761	-1.492476	0.035029	0.400270	0.014626	0.195874	1.028327	0.119454	0.047772	0.012223
1763641961.010576	-1.492476	0.035029	0.400270	0.014626	0.195874	1.028327	0.124599	0.057024	-0.029384
1763641961.020524	-1.492209	0.037076	0.401559	0.012914	0.222755	1.025118	0.156158	0.050335	-0.062328
1763641961.030052	-1.492209	0.037076	0.401559	0.012914	0.222755	1.025118	0.183694	0.060368	-0.102470
1763641961.040250	-1.491756	0.039408	0.401781	0.014598	0.247197	1.023104	0.183694	0.060368	-0.102470
1763641961.050767	-1.491183	0.042115	0.400710	0.014617	0.270253	1.020430	0.219434	0.061303	-0.168205
1763641961.059853	-1.491183	0.042115	0.400710	0.014617	0.270253	1.020430	0.278185	0.054574	-0.256035
1763641961.069923	-1.490410	0.044947	0.398492	0.015729	0.290944	1.017192	0.278185	0.054574	-0.256035
1763641961.079613	-1.490410	0.044947	0.398492	0.015729	0.290944	1.017192	0.308558	0.065557	-0.304053
1763641961.090116	-1.489508	0.048052	0.394780	0.015553	0.307860	1.013950	0.370942	0.059919	-0.401921
1763641961.099759	-1.488407	0.051397	0.389536	0.015134	0.323759	1.010449	0.370942	0.059919	-0.401921
1763641961.109884	-1.488407	0.051397	0.389536	0.015134	0.323759	1.010449	0.402060	0.062352	-0.452586
1763641961.120827	-1.487239	0.055051	0.382753	0.014810	0.335677	1.006547	0.469958	0.070591	-0.555054
1763641961.131082	-1.487239	0.055051	0.382753	0.014810	0.335677	1.006547	0.502947	0.068938	-0.606464
1763641961.142510	-1.485965	0.058911	0.374180	0.015207	0.344160	1.002508	0.502947	0.068938	-0.606464
1763641961.150610	-1.485965	0.058911	0.374180	0.015207	0.344160	1.002508	0.568129	0.072916	-0.707335
1763641961.160741	-1.484622	0.063023	0.363867	0.015982	0.350920	0.998878	0.568129	0.072916	-0.707335
1763641961.169606	-1.483065	0.067433	0.351989	0.015782	0.355725	0.994747	0.599537	0.077090	-0.762802
1763641961.180181	-1.483065	0.067433	0.351989	0.015782	0.355725	0.994747	0.632944	0.079643	-0.816875
1763641961.190735	-1.481311	0.071958	0.338328	0.015724	0.358496	0.990134	0.690710	0.071799	-0.923200
1763641961.200464	-1.481311	0.071958	0.338328	0.015724	0.358496	0.990134	0.690710	0.071799	-0.923200
1763641961.211432	-1.479375	0.076771	0.322892	0.016205	0.358330	0.985394	0.723206	0.077587	-0.977273
1763641961.220164	-1.477401	0.081729	0.305833	0.017246	0.356155	0.980976	0.751498	0.083545	-1.037561
1763641961.230242	-1.477401	0.081729	0.305833	0.017246	0.356155	0.980976	0.780074	0.084130	-1.094598
1763641961.240257	-1.475260	0.087059	0.286966	0.019726	0.353443	0.976929	0.805626	0.082025	-1.151765
1763641961.250422	-1.475260	0.087059	0.286966	0.019726	0.353443	0.976929	0.836228	0.078790	-1.203565
1763641961.259746	-1.472975	0.092610	0.266419	0.018675	0.349418	0.972076	0.858250	0.080773	-1.253924
1763641961.269767	-1.470594	0.098273	0.244166	0.018867	0.343850	0.967136	0.883393	0.090762	-1.296615
1763641961.279903	-1.470594	0.098273	0.244166	0.018867	0.343850	0.967136	0.901342	0.079079	-1.340945
1763641961.289719	-1.467956	0.104185	0.220249	0.020645	0.336179	0.962298	0.926361	0.089370	-1.354567
1763641961.300330	-1.465073	0.110528	0.195112	0.021918	0.326896	0.958497	0.937005	0.092724	-1.348965
1763641961.309899	-1.465073	0.110528	0.195112	0.021918	0.326896	0.958497	0.970993	0.091022	-1.343935
1763641961.319659	-1.461835	0.117310	0.169319	0.022115	0.318235	0.953915	0.986815	0.083461	-1.326023
1763641961.330641	-1.461835	0.117310	0.169319	0.022115	0.318235	0.953915	1.001432	0.095562	-1.276073
1763641961.339547	-1.458181	0.124707	0.143429	0.023187	0.306188	0.948988	0.987480	0.078924	-1.243960
1763641961.350069	-1.458181	0.124707	0.143429	0.023187	0.306188	0.948988	0.987480	0.078924	-1.243960
1763641961.361476	-1.454074	0.132751	0.118088	0.023304	0.293961	0.943240	1.033402	0.079674	-1.102079
1763641961.370058	-1.449269	0.141629	0.094155	0.024952	0.280345	0.937897	1.033402	0.079674	-1.102079
1763641961.379770	-1.449269	0.141629	0.094155	0.024952	0.280345	0.937897	1.071866	0.079974	-0.932201
1763641961.391256	-1.443696	0.151268	0.071941	0.027072	0.266616	0.932923	1.079408	0.093784	-0.837542
1763641961.399582	-1.437557	0.161820	0.051863	0.030465	0.251941	0.927287	1.079408	0.093784	-0.837542
1763641961.410471	-1.437557	0.161820	0.051863	0.030465	0.251941	0.927287	1.094516	0.096179	-0.661558
1763641961.420814	-1.437557	0.161820	0.051863	0.030465	0.251941	0.927287	1.101294	0.061551	-0.584031
1763641961.430046	-1.430534	0.173196	0.034198	0.033612	0.238257	0.921935	1.132515	0.068916	-0.483264
1763641961.439980	-1.422805	0.185507	0.019063	0.036297	0.222688	0.916947	1.122785	0.088466	-0.399633
1763641961.450194	-1.414305	0.198517	0.006470	0.038827	0.208194	0.910967	1.136828	0.067096	-0.319460
1763641961.461317	-1.414305	0.198517	0.006470	0.038827	0.208194	0.910967	1.162018	0.097315	-0.244414
1763641961.470244	-1.405151	0.212111	-0.003523	0.041249	0.193450	0.905171	1.154265	0.062400	-0.190933
1763641961.479896	-1.405151	0.212111	-0.003523	0.041249	0.193450	0.905171	1.174140	0.091328	-0.134753
1763641961.490674	-1.395408	0.226208	-0.011273	0.043802	0.177838	0.898754	1.183368	0.059346	-0.096059
1763641961.499738	-1.395408	0.226208	-0.011273	0.043802	0.177838	0.898754	1.189996	0.072374	-0.060149
1763641961.510051	-1.385157	0.240881	-0.017013	0.047619	0.164142	0.892156	1.222771	0.068364	-0.016378
1763641961.520149	-1.374382	0.255817	-0.021186	0.053299	0.150392	0.886454	1.219852	0.078504	-0.003035
1763641961.529972	-1.374382	0.255817	-0.021186	0.053299	0.150392	0.886454	1.211451	0.075015	0.017217
1763641961.539784	-1.363205	0.271148	-0.024020	0.058169	0.136203	0.880365	1.226343	0.086666	0.006643
1763641961.549672	-1.351585	0.286571	-0.026157	0.061380	0.123812	0.874031	1.234609	0.071007	0.009179
1763641961.559632	-1.351585	0.286571	-0.026157	0.061380	0.123812	0.874031	1.240668	0.069287	-0.010574
1763641961.570503	-1.339866	0.302044	-0.027757	0.065100	0.111754	0.867555	1.251137	0.066058	-0.006921
1763641961.579726	-1.339866	0.302044	-0.027757	0.065100	0.111754	0.867555	1.249315	0.074059	-0.018082
1763641961.589855	-1.327763	0.317561	-0.029106	0.070874	0.099123	0.860758	1.249315	0.074059	-0.018082
1763641961.599776	-1.315455	0.333185	-0.030364	0.076666	0.089596	0.854378	1.272706	0.076097	-0.028559
1763641961.609873	-1.315455	0.333185	-0.030364	0.076666	0.089596	0.854378	1.280011	0.065886	-0.035652
1763641961.620164	-1.302905	0.348858	-0.031699	0.080541	0.079361	0.848649	1.283116	0.065218	-0.064173
1763641961.629689	-1.302905	0.348858	-0.031699	0.080541	0.079361	0.848649	1.282701	0.052343	-0.072573
1763641961.640187	-1.290107	0.364522	-0.032986	0.086377	0.069685	0.842434	1.274148	0.043872	-0.100401
1763641961.651122	-1.277238	0.379942	-0.034302	0.090740	0.061357	0.836039	1.277292	0.038097	-0.100313
1763641961.661104	-1.277238	0.379942	-0.034302	0.090740	0.061357	0.836039	1.270957	0.038705	-0.107782
1763641961.670217	-1.264046	0.395286	-0.035707	0.096656	0.053210	0.830400	1.277560	0.028028	-0.105579
1763641961.680198	-1.264046	0.395286	-0.035707	0.096656	0.053210	0.830400	1.277560	0.028028	-0.105579
1763641961.689858	-1.250714	0.410412	-0.037102	0.103496	0.044782	0.824017	1.276475	0.023732	-0.086600
1763641961.699598	-1.237305	0.425625	-0.038236	0.108657	0.036929	0.817782	1.274339	0.015650	-0.089344
1763641961.711134	-1.237305	0.425625	-0.038236	0.108657	0.036929	0.817782	1.276244	-0.003468	-0.062187
1763641961.720708	-1.223640	0.440437	-0.039003	0.114127	0.029054	0.811518	1.284857	-0.015051	-0.041070
1763641961.730245	-1.223640	0.440437	-0.039003	0.114127	0.029054	0.811518	1.284857	-0.015051	-0.041070
1763641961.740438	-1.209774	0.454988	-0.039418	0.118421	0.021207	0.805664	1.280281	-0.030588	-0.014448
1763641961.749651	-1.209774	0.454988	-0.039418	0.118421	0.021207	0.805664	1.288864	-0.034132	-0.003974
1763641961.759701	-1.195628	0.469206	-0.039320	0.123091	0.014767	0.798825	1.282914	-0.042891	0.025729
1763641961.770717	-1.181435	0.483195	-0.038618	0.129160	0.008662	0.792693	1.277058	-0.035289	0.037227
1763641961.780313	-1.181435	0.483195	-0.038618	0.129160	0.008662	0.792693	1.277058	-0.035289	0.037227
1763641961.791070	-1.166981	0.496866	-0.037520	0.134029	0.002295	0.786088	1.276784	-0.049339	0.049928
1763641961.800106	-1.166981	0.496866	-0.037520	0.134029	0.002295	0.786088	1.273940	-0.053702	0.059054
1763641961.811084	-1.152357	0.510125	-0.035892	0.139990	-0.004625	0.779317	1.273450	-0.063542	0.071464
1763641961.819976	-1.137509	0.523037	-0.033767	0.143925	-0.010649	0.773485	1.267810	-0.069183	0.071926
1763641961.830891	-1.137509	0.523037	-0.033767	0.143925	-0.010649	0.773485	1.260308	-0.100857	0.060307
1763641961.840964	-1.122560	0.535452	-0.031445	0.148090	-0.016683	0.766939	1.260308	-0.100857	0.060307
1763641961.851376	-1.107475	0.547447	-0.028784	0.152882	-0.021449	0.760442	1.233905	-0.123862	0.046664
1763641961.859662	-1.107475	0.547447	-0.028784	0.152882	-0.021449	0.760442	1.233905	-0.123862	0.046664
1763641961.870510	-1.092171	0.559153	-0.026179	0.157598	-0.027120	0.754292	1.227169	-0.128552	0.051759
1763641961.880078	-1.092171	0.559153	-0.026179	0.157598	-0.027120	0.754292	1.227169	-0.128552	0.051759
1763641961.890854	-1.076852	0.570312	-0.023691	0.160146	-0.031698	0.748479	1.223071	-0.153225	0.036235
1763641961.899843	-1.061469	0.581172	-0.021174	0.164224	-0.036461	0.742375	1.223071	-0.153225	0.036235
1763641961.909693	-1.061469	0.581172	-0.021174	0.164224	-0.036461	0.742375	1.197885	-0.185636	-0.001161
1763641961.919727	-1.045824	0.591525	-0.018910	0.168989	-0.040478	0.735891	1.197885	-0.185636	-0.001161
1763641961.931715	-1.045824	0.591525	-0.018910	0.168989	-0.040478	0.735891	1.197885	-0.185636	-0.001161
1763641961.941665	-1.030148	0.601520	-0.016725	0.169753	-0.043876	0.730038	1.206297	-0.199911	0.007265
1763641961.950112	-1.014427	0.610927	-0.014973	0.175118	-0.048204	0.723864	1.189832	-0.220162	0.004683
1763641961.960156	-1.014427	0.610927	-0.014973	0.175118	-0.048204	0.723864	1.182810	-0.239652	-0.022246
1763641961.971344	-0.998548	0.620018	-0.013310	0.176383	-0.051138	0.719211	1.162643	-0.254392	-0.027806
1763641961.979922	-0.998548	0.620018	-0.013310	0.176383	-0.051138	0.719211	1.162643	-0.254392	-0.027806
1763641961.990825	-0.982585	0.628614	-0.011859	0.180096	-0.054245	0.713684	1.159173	-0.261942	-0.033721
1763641962.002842	-0.966611	0.636660	-0.010613	0.182691	-0.057440	0.707841	1.155270	-0.278340	-0.025886
1763641962.011295	-0.966611	0.636660	-0.010613	0.182691	-0.057440	0.707841	1.155270	-0.278340	-0.025886
1763641962.019892	-0.950509	0.644219	-0.009618	0.182022	-0.060835	0.702210	1.112594	-0.337775	-0.057956
1763641962.029646	-0.950509	0.644219	-0.009618	0.182022	-0.060835	0.702210	1.112411	-0.341272	-0.055180
1763641962.039641	-0.934321	0.651229	-0.008642	0.183522	-0.064123	0.695913	1.106188	-0.350072	-0.035517
1763641962.050059	-0.934321	0.651229	-0.008642	0.183522	-0.064123	0.695913	1.104536	-0.360772	-0.037344
1763641962.060151	-0.918130	0.657791	-0.007871	0.183002	-0.066605	0.691000	1.097089	-0.378363	-0.035406
1763641962.070090	-0.901826	0.663797	-0.007136	0.182834	-0.068980	0.685709	1.086768	-0.394114	-0.040222
1763641962.079926	-0.901826	0.663797	-0.007136	0.182834	-0.068980	0.685709	1.073574	-0.421424	-0.051026
1763641962.090994	-0.885506	0.669329	-0.006503	0.181265	-0.071243	0.680276	1.060423	-0.428853	-0.051770
1763641962.100072	-0.869230	0.674237	-0.005969	0.180325	-0.073232	0.675154	1.047318	-0.440416	-0.046430
1763641962.110246	-0.869230	0.674237	-0.005969	0.180325	-0.073232	0.675154	1.043240	-0.442790	-0.042012
1763641962.119688	-0.852790	0.678607	-0.005400	0.179192	-0.075887	0.669908	1.043266	-0.453145	-0.028176
1763641962.129684	-0.852790	0.678607	-0.005400	0.179192	-0.075887	0.669908	1.031187	-0.466385	-0.029904
1763641962.139685	-0.836290	0.682477	-0.004920	0.176203	-0.077783	0.665048	1.025225	-0.488196	-0.035399
1763641962.150571	-0.819958	0.685888	-0.004481	0.173223	-0.079527	0.660316	1.014205	-0.506911	-0.044096
1763641962.160330	-0.819958	0.685888	-0.004481	0.173223	-0.079527	0.660316	0.987008	-0.526384	-0.050533
1763641962.170504	-0.803615	0.688697	-0.003981	0.171017	-0.081593	0.655037	0.983928	-0.535414	-0.058413
1763641962.179627	-0.803615	0.688697	-0.003981	0.171017	-0.081593	0.655037	0.965417	-0.540334	-0.043011
1763641962.189672	-0.787213	0.690824	-0.003775	0.168978	-0.084595	0.650813	0.965417	-0.540334	-0.043011
1763641962.199664	-0.787213	0.690824	-0.003775	0.168978	-0.084595	0.650813	0.960705	-0.544488	-0.047112
1763641962.211387	-0.787213	0.690824	-0.003775	0.168978	-0.084595	0.650813	0.960766	-0.551702	-0.039972
1763641962.219723	-0.754614	0.693811	-0.003257	0.162170	-0.088444	0.640317	0.937001	-0.590501	-0.041552
1763641962.230038	-0.754614	0.693811	-0.003257	0.162170	-0.088444	0.640317	0.929416	-0.604490	-0.052522
1763641962.240008	-0.738343	0.694495	-0.003069	0.156904	-0.089087	0.635579	0.901532	-0.621406	-0.055101
1763641962.250761	-0.722075	0.694707	-0.002898	0.151684	-0.090987	0.631135	0.894353	-0.630532	-0.063785
1763641962.260472	-0.722075	0.694707	-0.002898	0.151684	-0.090987	0.631135	0.883991	-0.637146	-0.048958
1763641962.272282	-0.705955	0.694429	-0.002842	0.146911	-0.092908	0.627030	0.883991	-0.637146	-0.048958
1763641962.280615	-0.705955	0.694429	-0.002842	0.146911	-0.092908	0.627030	0.876164	-0.650160	-0.039333
1763641962.290112	-0.689967	0.693520	-0.002857	0.142134	-0.095090	0.622738	0.867588	-0.654989	-0.029969
1763641962.299832	-0.673950	0.692330	-0.002940	0.139422	-0.096420	0.619304	0.847637	-0.668965	-0.031610
1763641962.310445	-0.673950	0.692330	-0.002940	0.139422	-0.096420	0.619304	0.841474	-0.686820	-0.039763
1763641962.320010	-0.658251	0.690524	-0.002883	0.134339	-0.097781	0.614649	0.841474	-0.686820	-0.039763
1763641962.329658	-0.658251	0.690524	-0.002883	0.134339	-0.097781	0.614649	0.800538	-0.713412	-0.052806
1763641962.339829	-0.642673	0.688201	-0.002978	0.130047	-0.098697	0.610472	0.800538	-0.713412	-0.052806
1763641962.349658	-0.627132	0.685620	-0.003015	0.122948	-0.099437	0.606399	0.789141	-0.722646	-0.053032
1763641962.359985	-0.627132	0.685620	-0.003015	0.122948	-0.099437	0.606399	0.779187	-0.724974	-0.050193
1763641962.370824	-0.611745	0.682451	-0.003067	0.116101	-0.100491	0.602301	0.758575	-0.730030	-0.046285
1763641962.380466	-0.611745	0.682451	-0.003067	0.116101	-0.100491	0.602301	0.749488	-0.738727	-0.034332
1763641962.389878	-0.596456	0.678904	-0.003243	0.111317	-0.102049	0.598483	0.749488	-0.738727	-0.034332
1763641962.399805	-0.581339	0.675055	-0.003405	0.105752	-0.103086	0.594715	0.738610	-0.747071	-0.039385
1763641962.409667	-0.581339	0.675055	-0.003405	0.105752	-0.103086	0.594715	0.716929	-0.765997	-0.039494
1763641962.421361	-0.566522	0.670564	-0.003542	0.101670	-0.103137	0.590936	0.716929	-0.765997	-0.039494
1763641962.432554	-0.566522	0.670564	-0.003542	0.101670	-0.103137	0.590936	0.694046	-0.784282	-0.044834
1763641962.439620	-0.551930	0.665761	-0.003695	0.096677	-0.104242	0.587045	0.655488	-0.807899	-0.051836
1763641962.450804	-0.551930	0.665761	-0.003695	0.096677	-0.104242	0.587045	0.641340	-0.811819	-0.052276
1763641962.459728	-0.537483	0.660554	-0.003767	0.092234	-0.104285	0.583626	0.641340	-0.811819	-0.052276
1763641962.469563	-0.523299	0.654927	-0.003960	0.088637	-0.105394	0.580267	0.611304	-0.810133	-0.036825
1763641962.480093	-0.523299	0.654927	-0.003960	0.088637	-0.105394	0.580267	0.601526	-0.815284	-0.034728
1763641962.491433	-0.509370	0.649017	-0.004067	0.083300	-0.105417	0.576274	0.601526	-0.815284	-0.034728
1763641962.500368	-0.495582	0.642787	-0.004135	0.076894	-0.105251	0.572670	0.601999	-0.820096	-0.029837
1763641962.510847	-0.495582	0.642787	-0.004135	0.076894	-0.105251	0.572670	0.591032	-0.822931	-0.019117
1763641962.520592	-0.482039	0.636163	-0.004170	0.070428	-0.104683	0.569464	0.580203	-0.833561	-0.028876
1763641962.530925	-0.482039	0.636163	-0.004170	0.070428	-0.104683	0.569464	0.571761	-0.840317	-0.034459
1763641962.540366	-0.468741	0.629271	-0.004186	0.063629	-0.103949	0.566349	0.552876	-0.843293	-0.033914
1763641962.549888	-0.455794	0.622049	-0.004160	0.056741	-0.102917	0.563205	0.528423	-0.855009	-0.042735
1763641962.559768	-0.455794	0.622049	-0.004160	0.056741	-0.102917	0.563205	0.513568	-0.867730	-0.046628
1763641962.569724	-0.443040	0.614558	-0.004100	0.053591	-0.103192	0.560501	0.506833	-0.868382	-0.047567
1763641962.580505	-0.443040	0.614558	-0.004100	0.053591	-0.103192	0.560501	0.485354	-0.872320	-0.041975
1763641962.590208	-0.430620	0.606700	-0.004100	0.048498	-0.102587	0.557143	0.472661	-0.866983	-0.044819
1763641962.600245	-0.418365	0.598574	-0.004005	0.042329	-0.102769	0.554851	0.461727	-0.864955	-0.028543
1763641962.610173	-0.418365	0.598574	-0.004005	0.042329	-0.102769	0.554851	0.443833	-0.860023	-0.013560
1763641962.619743	-0.406420	0.590191	-0.003756	0.037525	-0.101801	0.552145	0.438684	-0.865832	-0.017453
1763641962.630202	-0.406420	0.590191	-0.003756	0.037525	-0.101801	0.552145	0.438185	-0.868770	-0.011107
1763641962.639977	-0.394855	0.581609	-0.003623	0.032392	-0.101300	0.548997	0.431934	-0.866348	-0.003827
1763641962.649654	-0.394855	0.581609	-0.003623	0.032392	-0.101300	0.548997	0.415565	-0.875463	-0.009403
1763641962.659666	-0.383533	0.572801	-0.003317	0.027546	-0.100707	0.546046	0.401538	-0.879157	-0.008898
1763641962.669550	-0.372493	0.563812	-0.002954	0.020591	-0.099423	0.543456	0.382544	-0.880056	-0.016438
1763641962.679893	-0.372493	0.563812	-0.002954	0.020591	-0.099423	0.543456	0.359180	-0.889403	-0.021444
1763641962.691992	-0.361795	0.554649	-0.002538	0.016673	-0.098117	0.540895	0.359180	-0.889403	-0.021444
1763641962.699826	-0.351392	0.545323	-0.002047	0.013003	-0.098412	0.538169	0.335787	-0.890377	-0.025744
1763641962.710855	-0.351392	0.545323	-0.002047	0.013003	-0.098412	0.538169	0.308953	-0.882992	-0.026519
1763641962.720047	-0.341282	0.535806	-0.001605	0.006909	-0.097108	0.534963	0.307293	-0.879925	-0.028300
1763641962.730155	-0.341282	0.535806	-0.001605	0.006909	-0.097108	0.534963	0.308970	-0.871955	-0.017506
1763641962.740367	-0.331612	0.526182	-0.001404	0.003460	-0.096186	0.532012	0.297621	-0.872780	-0.017396
1763641962.749979	-0.331612	0.526182	-0.001404	0.003460	-0.096186	0.532012	0.297621	-0.872780	-0.017396
1763641962.759701	-0.322131	0.516441	-0.001005	-0.001390	-0.094531	0.528646	0.272583	-0.870207	-0.018389
1763641962.771178	-0.312915	0.506571	-0.000731	-0.006635	-0.091897	0.526245	0.257065	-0.883049	-0.025731
1763641962.779742	-0.312915	0.506571	-0.000731	-0.006635	-0.091897	0.526245	0.237273	-0.880002	-0.041056
1763641962.790243	-0.304137	0.496633	-0.000478	-0.010141	-0.090946	0.523327	0.217423	-0.876000	-0.039356
1763641962.800103	-0.295622	0.486590	-0.000202	-0.014244	-0.089818	0.520726	0.210486	-0.875520	-0.045591
1763641962.812573	-0.295622	0.486590	-0.000202	-0.014244	-0.089818	0.520726	0.199763	-0.859774	-0.044250
1763641962.820278	-0.287470	0.476554	-0.000001	-0.018627	-0.087078	0.517390	0.188476	-0.850748	-0.035517
1763641962.831516	-0.287470	0.476554	-0.000001	-0.018627	-0.087078	0.517390	0.184140	-0.851073	-0.034315
1763641962.839980	-0.279517	0.466430	0.000081	-0.023880	-0.085655	0.514644	0.182648	-0.854813	-0.042315
1763641962.852772	-0.272031	0.456151	0.000183	-0.028748	-0.083802	0.511895	0.161419	-0.846382	-0.039182
1763641962.859561	-0.272031	0.456151	0.000183	-0.028748	-0.083802	0.511895	0.150748	-0.854178	-0.049905
1763641962.870731	-0.264787	0.445927	0.000227	-0.032089	-0.081157	0.508609	0.137562	-0.859078	-0.054655
1763641962.879801	-0.264787	0.445927	0.000227	-0.032089	-0.081157	0.508609	0.125653	-0.846014	-0.056223
1763641962.890549	-0.257880	0.435704	0.000228	-0.035787	-0.078812	0.505663	0.099548	-0.838060	-0.048462
1763641962.900158	-0.251400	0.425540	0.000200	-0.039982	-0.077384	0.502737	0.093818	-0.831118	-0.048077
1763641962.910429	-0.251400	0.425540	0.000200	-0.039982	-0.077384	0.502737	0.087704	-0.810718	-0.031442
1763641962.919592	-0.245065	0.415350	0.000244	-0.043141	-0.074985	0.499530	0.087704	-0.810718	-0.031442
1763641962.930368	-0.245065	0.415350	0.000244	-0.043141	-0.074985	0.499530	0.062203	-0.800747	-0.029833
1763641962.939666	-0.239203	0.405119	0.000246	-0.047932	-0.071733	0.496220	0.062203	-0.800747	-0.029833
1763641962.951296	-0.233611	0.394941	0.000387	-0.050710	-0.069490	0.493183	0.047674	-0.803824	-0.034799
1763641962.960630	-0.233611	0.394941	0.000387	-0.050710	-0.069490	0.493183	0.047674	-0.803824	-0.034799
1763641962.970130	-0.228309	0.384895	0.000620	-0.054114	-0.066229	0.490535	0.025387	-0.802383	-0.040129
1763641962.979822	-0.228309	0.384895	0.000620	-0.054114	-0.066229	0.490535	0.011998	-0.789101	-0.042989
1763641962.991163	-0.223313	0.374859	0.000843	-0.055658	-0.063578	0.487876	-0.004236	-0.784254	-0.032750
1763641962.999954	-0.218582	0.364854	0.001084	-0.057581	-0.061235	0.484978	-0.005724	-0.776837	-0.030199
1763641963.011882	-0.218582	0.364854	0.001084	-0.057581	-0.061235	0.484978	-0.002652	-0.763337	-0.020281
1763641963.019905	-0.214231	0.355115	0.001498	-0.059066	-0.058605	0.482294	-0.009080	-0.745870	-0.006093
1763641963.030136	-0.214231	0.355115	0.001498	-0.059066	-0.058605	0.482294	-0.026611	-0.735785	-0.003547
1763641963.039684	-0.210225	0.345234	0.001792	-0.063132	-0.055334	0.479591	-0.026611	-0.735785	-0.003547
1763641963.050719	-0.206436	0.335534	0.002222	-0.066860	-0.051851	0.476404	-0.035650	-0.736871	-0.003435
1763641963.059950	-0.206436	0.335534	0.002222	-0.066860	-0.051851	0.476404	-0.043671	-0.735963	-0.014932
1763641963.071311	-0.202930	0.325943	0.002721	-0.069884	-0.048465	0.473477	-0.076908	-0.721575	-0.024341
1763641963.080378	-0.202930	0.325943	0.002721	-0.069884	-0.048465	0.473477	-0.076908	-0.721575	-0.024341
1763641963.090992	-0.199768	0.316556	0.003347	-0.070329	-0.046265	0.470209	-0.079783	-0.708814	-0.010016
1763641963.100151	-0.196839	0.307215	0.003926	-0.071142	-0.042987	0.467398	-0.082036	-0.691622	-0.004986
1763641963.110156	-0.196839	0.307215	0.003926	-0.071142	-0.042987	0.467398	-0.085113	-0.678569	-0.000430
1763641963.120130	-0.194214	0.298035	0.004491	-0.072029	-0.040850	0.464446	-0.085113	-0.678569	-0.000430
1763641963.130651	-0.194214	0.298035	0.004491	-0.072029	-0.040850	0.464446	-0.098878	-0.677443	-0.010660
1763641963.139574	-0.191872	0.289033	0.004941	-0.073937	-0.037304	0.461409	-0.126045	-0.671875	-0.025788
1763641963.149761	-0.189758	0.280236	0.005383	-0.075814	-0.033724	0.458290	-0.123884	-0.663651	-0.027177
1763641963.159743	-0.189758	0.280236	0.005383	-0.075814	-0.033724	0.458290	-0.129900	-0.642029	-0.019791
1763641963.170048	-0.187847	0.271473	0.005717	-0.075725	-0.030891	0.454849	-0.138605	-0.628446	-0.016595
1763641963.179802	-0.187847	0.271473	0.005717	-0.075725	-0.030891	0.454849	-0.128777	-0.631109	-0.023681
1763641963.190492	-0.186261	0.262927	0.005973	-0.076506	-0.028519	0.451797	-0.161093	-0.622137	-0.047397
1763641963.199630	-0.184834	0.254499	0.006104	-0.077256	-0.025637	0.448920	-0.161093	-0.622137	-0.047397
1763641963.210050	-0.184834	0.254499	0.006104	-0.077256	-0.025637	0.448920	-0.160913	-0.587781	-0.033283
1763641963.219835	-0.183619	0.246370	0.006094	-0.078951	-0.022475	0.445956	-0.160913	-0.587781	-0.033283
1763641963.229534	-0.183619	0.246370	0.006094	-0.078951	-0.022475	0.445956	-0.167933	-0.578940	-0.026053
1763641963.239323	-0.182642	0.238245	0.005957	-0.078703	-0.019519	0.443106	-0.162321	-0.579817	-0.043951
1763641963.249850	-0.181829	0.230314	0.005769	-0.079218	-0.016193	0.439486	-0.180389	-0.573240	-0.050211
1763641963.260029	-0.181829	0.230314	0.005769	-0.079218	-0.016193	0.439486	-0.199259	-0.563518	-0.058955
1763641963.270590	-0.181205	0.222694	0.005599	-0.078656	-0.012253	0.436317	-0.203653	-0.562445	-0.058808
1763641963.282804	-0.181205	0.222694	0.005599	-0.078656	-0.012253	0.436317	-0.192547	-0.523274	-0.031218
1763641963.289573	-0.180870	0.215195	0.005329	-0.079998	-0.009093	0.433160	-0.192547	-0.523274	-0.031218
1763641963.300350	-0.180616	0.207911	0.005013	-0.080556	-0.006504	0.430129	-0.208267	-0.513463	-0.031546
1763641963.309873	-0.180616	0.207911	0.005013	-0.080556	-0.006504	0.430129	-0.208267	-0.513463	-0.031546
1763641963.319968	-0.180516	0.200957	0.004691	-0.078909	-0.004409	0.427389	-0.213044	-0.507726	-0.034603
1763641963.330855	-0.180516	0.200957	0.004691	-0.078909	-0.004409	0.427389	-0.229303	-0.496144	-0.042498
1763641963.339802	-0.180778	0.194066	0.004504	-0.078781	-0.001485	0.423977	-0.236902	-0.487408	-0.034221
1763641963.349697	-0.181116	0.187291	0.004322	-0.078211	0.001606	0.420731	-0.230053	-0.470357	-0.022044
1763641963.359940	-0.181116	0.187291	0.004322	-0.078211	0.001606	0.420731	-0.226955	-0.458646	-0.009810
1763641963.370046	-0.181600	0.180953	0.004303	-0.077712	0.003516	0.417292	-0.224400	-0.451067	-0.014494
1763641963.381978	-0.181600	0.180953	0.004303	-0.077712	0.003516	0.417292	-0.229837	-0.448131	-0.021872
1763641963.391455	-0.182146	0.174613	0.004179	-0.077426	0.006654	0.415023	-0.229837	-0.448131	-0.021872
1763641963.399642	-0.182948	0.168678	0.004120	-0.076053	0.009615	0.411868	-0.252631	-0.438983	-0.034563
1763641963.409691	-0.182948	0.168678	0.004120	-0.076053	0.009615	0.411868	-0.256025	-0.432515	-0.035255
1763641963.420484	-0.183725	0.162826	0.004044	-0.074359	0.011694	0.408527	-0.253023	-0.409634	-0.024949
1763641963.429599	-0.183725	0.162826	0.004044	-0.074359	0.011694	0.408527	-0.249251	-0.397358	-0.009109
1763641963.440192	-0.184744	0.157149	0.003964	-0.071561	0.013250	0.405336	-0.249251	-0.397358	-0.009109
1763641963.450673	-0.185939	0.151784	0.003783	-0.071493	0.016123	0.402544	-0.242928	-0.394318	-0.019198
1763641963.459697	-0.185939	0.151784	0.003783	-0.071493	0.016123	0.402544	-0.254306	-0.384826	-0.021294
1763641963.469636	-0.187128	0.146537	0.003716	-0.070953	0.017835	0.400005	-0.267181	-0.379566	-0.030308
1763641963.479578	-0.187128	0.146537	0.003716	-0.070953	0.017835	0.400005	-0.267256	-0.375763	-0.029980
1763641963.491048	-0.188380	0.141628	0.003536	-0.066654	0.019827	0.397204	-0.258090	-0.355554	-0.024438
1763641963.501082	-0.189848	0.136787	0.003362	-0.065502	0.021853	0.394706	-0.262279	-0.338177	-0.011436
1763641963.510057	-0.189848	0.136787	0.003362	-0.065502	0.021853	0.394706	-0.262390	-0.333154	-0.013955
1763641963.520221	-0.191370	0.132134	0.003196	-0.064313	0.023969	0.392056	-0.262390	-0.333154	-0.013955
1763641963.531303	-0.191370	0.132134	0.003196	-0.064313	0.023969	0.392056	-0.263029	-0.334348	-0.027524
1763641963.540174	-0.192843	0.127721	0.002984	-0.064289	0.026274	0.389136	-0.280149	-0.321166	-0.035403
1763641963.552144	-0.194441	0.123516	0.002751	-0.062912	0.028480	0.386429	-0.275762	-0.317239	-0.029876
1763641963.560180	-0.194441	0.123516	0.002751	-0.062912	0.028480	0.386429	-0.259420	-0.299053	-0.018690
1763641963.569587	-0.196100	0.119492	0.002410	-0.060843	0.029844	0.383863	-0.260796	-0.285790	-0.005760
1763641963.580687	-0.196100	0.119492	0.002410	-0.060843	0.029844	0.383863	-0.266211	-0.277304	-0.007845
1763641963.589706	-0.197848	0.115721	0.002170	-0.057958	0.031948	0.380441	-0.262149	-0.287331	-0.020086
1763641963.600101	-0.199610	0.112048	0.001816	-0.056655	0.034393	0.378291	-0.264960	-0.283830	-0.022374
1763641963.610577	-0.199610	0.112048	0.001816	-0.056655	0.034393	0.378291	-0.273346	-0.272527	-0.029179
1763641963.620124	-0.201432	0.108513	0.001472	-0.055039	0.035928	0.375977	-0.286042	-0.263163	-0.024726
1763641963.630025	-0.201432	0.108513	0.001472	-0.055039	0.035928	0.375977	-0.274051	-0.248768	-0.018215
1763641963.639957	-0.203292	0.105208	0.001216	-0.053759	0.037148	0.373461	-0.257600	-0.242021	-0.003938
1763641963.651162	-0.205201	0.102098	0.000993	-0.052632	0.038671	0.371003	-0.261932	-0.230999	-0.002402
1763641963.660436	-0.205201	0.102098	0.000993	-0.052632	0.038671	0.371003	-0.266265	-0.231135	-0.014408
1763641963.671575	-0.207079	0.099175	0.000723	-0.048726	0.039638	0.368557	-0.267152	-0.233548	-0.016671
1763641963.680535	-0.207079	0.099175	0.000723	-0.048726	0.039638	0.368557	-0.266114	-0.226629	-0.020152
1763641963.690099	-0.208995	0.096423	0.000602	-0.048046	0.041077	0.365972	-0.266114	-0.226629	-0.020152
1763641963.699684	-0.210789	0.093782	0.000224	-0.045206	0.042337	0.363538	-0.272297	-0.219588	-0.017901
1763641963.715386	-0.210789	0.093782	0.000224	-0.045206	0.042337	0.363538	-0.253745	-0.194416	-0.001013
1763641963.721656	-0.212700	0.091323	-0.000045	-0.042927	0.042883	0.361094	-0.256146	-0.187909	-0.002853
1763641963.730692	-0.212700	0.091323	-0.000045	-0.042927	0.042883	0.361094	-0.256146	-0.187909	-0.002853
1763641963.740259	-0.214672	0.089052	-0.000352	-0.043006	0.044389	0.358918	-0.270140	-0.189347	-0.025670
1763641963.749700	-0.216466	0.087009	-0.000719	-0.041115	0.045487	0.356452	-0.268297	-0.181914	-0.025626
1763641963.759686	-0.216466	0.087009	-0.000719	-0.041115	0.045487	0.356452	-0.271161	-0.171986	-0.018158
1763641963.770328	-0.218364	0.085005	-0.001000	-0.039391	0.045941	0.354218	-0.264971	-0.157897	-0.011510
1763641963.782345	-0.218364	0.085005	-0.001000	-0.039391	0.045941	0.354218	-0.251063	-0.150724	-0.000384
1763641963.789838	-0.220267	0.083205	-0.001274	-0.038827	0.046893	0.352651	-0.251063	-0.150724	-0.000384
1763641963.800777	-0.222076	0.081520	-0.001635	-0.036910	0.048519	0.349428	-0.244872	-0.149247	-0.005090
1763641963.810080	-0.222076	0.081520	-0.001635	-0.036910	0.048519	0.349428	-0.254245	-0.153901	-0.012278
1763641963.820221	-0.223929	0.079878	-0.001932	-0.034751	0.048882	0.347632	-0.256609	-0.140897	-0.017327
1763641963.829854	-0.223929	0.079878	-0.001932	-0.034751	0.048882	0.347632	-0.261508	-0.130219	-0.006222
1763641963.840852	-0.225672	0.078486	-0.002229	-0.031953	0.049060	0.345260	-0.247480	-0.121809	-0.005140
1763641963.849659	-0.227443	0.077242	-0.002479	-0.029910	0.049296	0.343138	-0.237196	-0.116586	0.002059
1763641963.860527	-0.227443	0.077242	-0.002479	-0.029910	0.049296	0.343138	-0.240686	-0.104334	-0.001829
1763641963.869399	-0.229189	0.076140	-0.002714	-0.027214	0.050009	0.340375	-0.238337	-0.116993	-0.011993
1763641963.879918	-0.229189	0.076140	-0.002714	-0.027214	0.050009	0.340375	-0.238337	-0.116993	-0.011993
1763641963.889414	-0.231056	0.075035	-0.003000	-0.027053	0.051218	0.338623	-0.246064	-0.119918	-0.020653
1763641963.899400	-0.232679	0.074060	-0.003321	-0.024498	0.051135	0.336784	-0.243424	-0.112405	-0.021707
1763641963.909787	-0.232679	0.074060	-0.003321	-0.024498	0.051135	0.336784	-0.250780	-0.097708	-0.009020
1763641963.919548	-0.234294	0.073226	-0.003486	-0.022246	0.051653	0.334900	-0.240557	-0.090130	-0.005922
1763641963.930931	-0.234294	0.073226	-0.003486	-0.022246	0.051653	0.334900	-0.222807	-0.088256	0.005054
1763641963.939640	-0.235782	0.072555	-0.003664	-0.018691	0.051039	0.332539	-0.218493	-0.079409	0.015088
1763641963.950440	-0.237336	0.071934	-0.003887	-0.016226	0.052093	0.330360	-0.223119	-0.078208	0.008002
1763641963.959641	-0.237336	0.071934	-0.003887	-0.016226	0.052093	0.330360	-0.223119	-0.078208	0.008002
1763641963.969909	-0.238775	0.071443	-0.004026	-0.015863	0.052231	0.328530	-0.222883	-0.083254	0.001281
1763641963.980602	-0.238775	0.071443	-0.004026	-0.015863	0.052231	0.328530	-0.224289	-0.079340	0.002190
1763641963.991808	-0.240182	0.071020	-0.004051	-0.014302	0.051604	0.327073	-0.223654	-0.069975	0.005524
1763641963.999715	-0.241520	0.070664	-0.004024	-0.013877	0.051587	0.325217	-0.227280	-0.059350	0.003907
1763641964.009788	-0.241520	0.070664	-0.004024	-0.013877	0.051587	0.325217	-0.212868	-0.051944	0.011783
1763641964.019891	-0.242797	0.070322	-0.004076	-0.011494	0.051407	0.322521	-0.198402	-0.050137	0.015198
1763641964.029692	-0.242797	0.070322	-0.004076	-0.011494	0.051407	0.322521	-0.204640	-0.052711	0.008895
1763641964.040227	-0.244100	0.070161	-0.004219	-0.011490	0.052531	0.320593	-0.211681	-0.056077	-0.003161
1763641964.050281	-0.245245	0.070031	-0.004309	-0.009625	0.053176	0.318499	-0.209511	-0.055936	-0.006958
1763641964.060072	-0.245245	0.070031	-0.004309	-0.009625	0.053176	0.318499	-0.204238	-0.046399	0.000907
1763641964.069891	-0.246401	0.070010	-0.004345	-0.008687	0.052722	0.316927	-0.201974	-0.034314	0.007367
1763641964.080194	-0.246401	0.070010	-0.004345	-0.008687	0.052722	0.316927	-0.191178	-0.030654	0.014184
1763641964.090087	-0.247499	0.070073	-0.004381	-0.007469	0.052522	0.315077	-0.181375	-0.026579	0.016166
1763641964.100113	-0.248448	0.070169	-0.004491	-0.003967	0.052115	0.312819	-0.184710	-0.028691	0.011964
1763641964.109590	-0.248448	0.070169	-0.004491	-0.003967	0.052115	0.312819	-0.189303	-0.033007	-0.001094
1763641964.119666	-0.249396	0.070343	-0.004647	-0.003555	0.051669	0.311121	-0.189618	-0.036828	-0.008507
1763641964.129739	-0.249396	0.070343	-0.004647	-0.003555	0.051669	0.311121	-0.191160	-0.025399	0.001540
1763641964.139733	-0.250235	0.070492	-0.004789	-0.004172	0.051635	0.309463	-0.188074	-0.015955	0.005754
1763641964.151101	-0.250235	0.070492	-0.004789	-0.004172	0.051635	0.309463	-0.178088	-0.013308	0.012175
1763641964.160619	-0.251112	0.070694	-0.004847	-0.001626	0.050887	0.307370	-0.166457	-0.007982	0.015834
1763641964.169886	-0.251856	0.071001	-0.005041	-0.000243	0.051023	0.305765	-0.165915	-0.007279	0.016081
1763641964.180256	-0.251856	0.071001	-0.005041	-0.000243	0.051023	0.305765	-0.165839	-0.014405	0.008855
1763641964.189752	-0.252518	0.071364	-0.005100	0.003496	0.049997	0.303745	-0.168199	-0.023199	-0.001810
1763641964.200349	-0.253128	0.071776	-0.005120	0.005974	0.049289	0.301894	-0.169603	-0.012070	0.001204
1763641964.210818	-0.253128	0.071776	-0.005120	0.005974	0.049289	0.301894	-0.168398	-0.000146	0.010132
1763641964.219808	-0.253616	0.072112	-0.005282	0.007542	0.048268	0.300393	-0.163287	0.004714	0.016517
1763641964.229887	-0.253616	0.072112	-0.005282	0.007542	0.048268	0.300393	-0.144163	0.002682	0.017860
1763641964.239711	-0.254221	0.072458	-0.005411	0.009146	0.047604	0.297985	-0.142735	0.002941	0.017606
1763641964.249739	-0.254672	0.072861	-0.005486	0.008798	0.047792	0.295545	-0.151804	0.002754	0.009320
1763641964.260330	-0.254672	0.072861	-0.005486	0.008798	0.047792	0.295545	-0.161724	-0.005038	-0.003911
1763641964.269617	-0.255047	0.073271	-0.005600	0.011121	0.046361	0.293994	-0.155241	-0.005297	-0.001629
1763641964.279798	-0.255047	0.073271	-0.005600	0.011121	0.046361	0.293994	-0.146899	0.003407	0.008855
1763641964.289695	-0.255307	0.073676	-0.005709	0.011527	0.045085	0.292154	-0.148282	0.013861	0.021433
1763641964.299815	-0.255572	0.074136	-0.005746	0.013778	0.043519	0.290443	-0.137275	0.016028	0.021827
1763641964.310018	-0.255572	0.074136	-0.005746	0.013778	0.043519	0.290443	-0.132136	0.012553	0.025131
1763641964.320362	-0.255787	0.074551	-0.005732	0.016046	0.042621	0.288819	-0.126563	0.011736	0.023649
1763641964.330679	-0.255787	0.074551	-0.005732	0.016046	0.042621	0.288819	-0.132410	0.002246	0.012645
1763641964.340451	-0.255940	0.074986	-0.005646	0.019225	0.041730	0.286999	-0.140059	-0.000560	0.006366
1763641964.350446	-0.256007	0.075391	-0.005637	0.020853	0.040850	0.285339	-0.131890	0.004028	0.010712
1763641964.360540	-0.256007	0.075391	-0.005637	0.020853	0.040850	0.285339	-0.132212	0.017056	0.025426
1763641964.369823	-0.256041	0.075788	-0.005637	0.021740	0.040223	0.283493	-0.132212	0.017056	0.025426
1763641964.379836	-0.256041	0.075788	-0.005637	0.021740	0.040223	0.283493	-0.108467	0.008700	0.016707
1763641964.392034	-0.256053	0.076237	-0.005662	0.022275	0.039336	0.281514	-0.126894	0.003772	0.003626
1763641964.399518	-0.256048	0.076598	-0.005701	0.023750	0.038471	0.279387	-0.132202	0.003706	-0.003826
1763641964.409764	-0.256048	0.076598	-0.005701	0.023750	0.038471	0.279387	-0.117397	0.006479	0.004786
1763641964.420155	-0.255868	0.076882	-0.005786	0.024816	0.038021	0.277096	-0.105820	0.016173	0.020040
1763641964.429913	-0.255868	0.076882	-0.005786	0.024816	0.038021	0.277096	-0.103485	0.018513	0.025478
1763641964.439928	-0.255656	0.077155	-0.005800	0.025740	0.036769	0.275262	-0.109150	0.014520	0.019994
1763641964.450165	-0.255431	0.077397	-0.005779	0.026692	0.034951	0.273688	-0.101613	0.009382	0.014397
1763641964.460824	-0.255431	0.077397	-0.005779	0.026692	0.034951	0.273688	-0.105301	0.002536	0.008178
1763641964.471404	-0.255206	0.077612	-0.005769	0.028040	0.033413	0.271739	-0.105301	0.002536	0.008178
1763641964.479832	-0.255206	0.077612	-0.005769	0.028040	0.033413	0.271739	-0.106566	0.007808	0.008828
1763641964.489753	-0.254908	0.077828	-0.005788	0.028828	0.032610	0.269650	-0.094971	0.017975	0.024274
1763641964.499769	-0.254583	0.077966	-0.005814	0.029194	0.031770	0.267543	-0.089530	0.019703	0.029895
1763641964.509890	-0.254583	0.077966	-0.005814	0.029194	0.031770	0.267543	-0.089530	0.019703	0.029895
1763641964.520757	-0.254251	0.078119	-0.005858	0.029169	0.031104	0.266081	-0.095306	-0.000745	0.010277
1763641964.530410	-0.254251	0.078119	-0.005858	0.029169	0.031104	0.266081	-0.097213	-0.005244	0.000863
1763641964.540158	-0.253818	0.078179	-0.005909	0.028086	0.030311	0.264392	-0.103334	-0.000091	-0.002005
1763641964.581639	-0.252943	0.078048	-0.006031	0.026894	0.029112	0.261038	-0.081607	0.008282	0.022406
1763641964.586611	-0.252356	0.077981	-0.006008	0.026200	0.028419	0.258829	-0.087451	0.009638	0.018463
1763641964.597008	-0.251892	0.077908	-0.005969	0.027164	0.028091	0.257318	-0.087801	-0.003529	0.011253
1763641964.607028	-0.251892	0.077908	-0.005969	0.027164	0.028091	0.257318	-0.090482	-0.012240	0.002152
1763641964.617127	-0.251360	0.077623	-0.006031	0.026847	0.027356	0.255666	-0.095278	-0.009589	0.007073
1763641964.627593	-0.251360	0.077623	-0.006031	0.026847	0.027356	0.255666	-0.096917	-0.001891	0.015868
1763641964.636996	-0.250861	0.077398	-0.005888	0.027799	0.026055	0.254093	-0.090821	-0.000250	0.023221
1763641964.646982	-0.250145	0.077145	-0.005749	0.029141	0.025250	0.252348	-0.071268	-0.000992	0.034526
1763641964.656991	-0.250145	0.077145	-0.005749	0.029141	0.025250	0.252348	-0.069383	-0.000192	0.039870
1763641964.667000	-0.249587	0.076844	-0.005568	0.029911	0.023932	0.250499	-0.074206	-0.003455	0.035373
1763641964.677352	-0.249587	0.076844	-0.005568	0.029911	0.023932	0.250499	-0.081060	-0.012656	0.024338
1763641964.690526	-0.249041	0.076435	-0.005325	0.030371	0.022853	0.249184	-0.079531	-0.013244	0.027785
1763641964.701519	-0.248436	0.075957	-0.005053	0.031416	0.021730	0.247110	-0.081086	-0.005481	0.034608
1763641964.708225	-0.248436	0.075957	-0.005053	0.031416	0.021730	0.247110	-0.070995	-0.005438	0.037385
1763641964.718171	-0.247834	0.075414	-0.004726	0.032051	0.020469	0.245169	-0.070995	-0.005438	0.037385
1763641964.727380	-0.247834	0.075414	-0.004726	0.032051	0.020469	0.245169	-0.070286	-0.005923	0.030377
1763641964.737348	-0.247206	0.074879	-0.004474	0.031126	0.020254	0.243687	-0.083147	-0.023793	0.003575
1763641964.747035	-0.247206	0.074879	-0.004474	0.031126	0.020254	0.243687	-0.079088	-0.018735	0.006447
1763641964.757015	-0.246547	0.074243	-0.004219	0.028763	0.020936	0.242500	-0.067366	-0.007596	0.020671
1763641964.766966	-0.245913	0.073565	-0.004089	0.028114	0.020259	0.239929	-0.063686	-0.011371	0.029725
1763641964.777138	-0.245913	0.073565	-0.004089	0.028114	0.020259	0.239929	-0.060343	-0.019476	0.013024
1763641964.787587	-0.245311	0.072825	-0.004028	0.026685	0.018998	0.238641	-0.060343	-0.019476	0.013024
1763641964.797175	-0.244695	0.072131	-0.004025	0.026225	0.017821	0.236741	-0.068590	-0.026647	0.004621
1763641964.807162	-0.244695	0.072131	-0.004025	0.026225	0.017821	0.236741	-0.082251	-0.019897	-0.000112
1763641964.817104	-0.244137	0.071314	-0.004144	0.025586	0.016927	0.234907	-0.076650	-0.024175	-0.001105
1763641964.827424	-0.244137	0.071314	-0.004144	0.025586	0.016927	0.234907	-0.062101	-0.016175	0.007393
1763641964.838405	-0.243515	0.070425	-0.004244	0.025710	0.015935	0.234063	-0.056306	-0.012841	0.013423
1763641964.847438	-0.242892	0.069478	-0.004444	0.024124	0.014992	0.232242	-0.068504	-0.019527	0.005434
1763641964.857215	-0.242892	0.069478	-0.004444	0.024124	0.014992	0.232242	-0.077742	-0.035565	-0.009742
1763641964.867042	-0.242333	0.068518	-0.004648	0.023911	0.013619	0.230354	-0.077742	-0.035565	-0.009742
1763641964.877010	-0.242333	0.068518	-0.004648	0.023911	0.013619	0.230354	-0.077400	-0.022190	0.003298
1763641964.887345	-0.241785	0.067547	-0.004789	0.025627	0.011922	0.229416	-0.077400	-0.022190	0.003298
1763641964.897570	-0.241247	0.066521	-0.004789	0.025285	0.011405	0.227810	-0.061517	-0.023347	0.014181
1763641964.907428	-0.241247	0.066521	-0.004789	0.025285	0.011405	0.227810	-0.059481	-0.021083	0.022522
1763641964.917384	-0.240678	0.065329	-0.004770	0.024789	0.011498	0.226227	-0.071287	-0.023545	0.020936
1763641964.927919	-0.240678	0.065329	-0.004770	0.024789	0.011498	0.226227	-0.067223	-0.036133	0.014276
1763641964.937379	-0.240162	0.064268	-0.004760	0.024669	0.010991	0.225155	-0.068067	-0.046195	0.010680
1763641964.947817	-0.239751	0.063128	-0.004656	0.024754	0.010383	0.223701	-0.071522	-0.042286	0.019472
1763641964.957219	-0.239751	0.063128	-0.004656	0.024754	0.010383	0.223701	-0.074246	-0.033518	0.029295
1763641964.967010	-0.239391	0.061897	-0.004439	0.022145	0.009576	0.221920	-0.075143	-0.026887	0.034921
1763641964.977010	-0.239391	0.061897	-0.004439	0.022145	0.009576	0.221920	-0.058391	-0.030684	0.041252
1763641964.987014	-0.239023	0.060604	-0.004082	0.021168	0.009819	0.220856	-0.058391	-0.030684	0.041252
1763641964.998494	-0.238649	0.059356	-0.003760	0.018296	0.009985	0.218993	-0.077672	-0.049344	0.016201
1763641965.007542	-0.238649	0.059356	-0.003760	0.018296	0.009985	0.218993	-0.077672	-0.049344	0.016201
1763641965.017031	-0.238264	0.058077	-0.003471	0.020908	0.009574	0.217122	-0.078261	-0.042877	0.014871
1763641965.027719	-0.238264	0.058077	-0.003471	0.020908	0.009574	0.217122	-0.067839	-0.035672	0.031799
1763641965.037017	-0.237964	0.056619	-0.003115	0.020498	0.009904	0.215734	-0.058361	-0.037990	0.023152
1763641965.048366	-0.237688	0.055328	-0.002916	0.020169	0.008524	0.214086	-0.065736	-0.043063	0.014104
1763641965.061959	-0.237688	0.055328	-0.002916	0.020169	0.008524	0.214086	-0.080502	-0.046482	0.003846
1763641965.067245	-0.237537	0.053911	-0.002847	0.019483	0.009063	0.213245	-0.080502	-0.046482	0.003846
1763641965.077157	-0.237537	0.053911	-0.002847	0.019483	0.009063	0.213245	-0.067815	-0.033831	0.016762
1763641965.088724	-0.237383	0.052482	-0.002670	0.017165	0.008061	0.212093	-0.065620	-0.032767	0.019468
1763641965.097797	-0.237119	0.050989	-0.002626	0.015589	0.007909	0.209892	-0.067161	-0.047519	0.002056
1763641965.109432	-0.237119	0.050989	-0.002626	0.015589	0.007909	0.209892	-0.067161	-0.047519	0.002056
1763641965.117890	-0.236909	0.049551	-0.002743	0.014337	0.007501	0.209582	-0.072238	-0.050343	-0.010885
1763641965.127977	-0.236909	0.049551	-0.002743	0.014337	0.007501	0.209582	-0.085582	-0.043744	-0.012507
1763641965.137450	-0.236856	0.048122	-0.002854	0.013736	0.007030	0.207686	-0.083914	-0.040109	-0.008591
1763641965.147261	-0.236872	0.046656	-0.002991	0.012418	0.007627	0.206005	-0.066031	-0.040286	0.003230
1763641965.157184	-0.236872	0.046656	-0.002991	0.012418	0.007627	0.206005	-0.074197	-0.036700	0.000458
1763641965.168593	-0.236889	0.045163	-0.003176	0.011737	0.007462	0.204286	-0.074197	-0.036700	0.000458
1763641965.177071	-0.236889	0.045163	-0.003176	0.011737	0.007462	0.204286	-0.083824	-0.045528	-0.006260
1763641965.187401	-0.237014	0.043630	-0.003335	0.011472	0.008061	0.203170	-0.082640	-0.049382	-0.012091
1763641965.197672	-0.237002	0.042134	-0.003537	0.010223	0.007891	0.202186	-0.079847	-0.032625	0.008762
1763641965.209606	-0.237002	0.042134	-0.003537	0.010223	0.007891	0.202186	-0.074653	-0.033761	0.014653
1763641965.217656	-0.237009	0.040569	-0.003603	0.010888	0.007655	0.200701	-0.072768	-0.028746	0.022083
1763641965.226922	-0.237009	0.040569	-0.003603	0.010888	0.007655	0.200701	-0.072469	-0.033712	0.018156
1763641965.236963	-0.237200	0.039161	-0.003682	0.009645	0.008728	0.199346	-0.082889	-0.042687	0.011312
1763641965.248036	-0.237479	0.037591	-0.003663	0.010370	0.008008	0.198224	-0.090029	-0.049910	0.002857
1763641965.256722	-0.237479	0.037591	-0.003663	0.010370	0.008008	0.198224	-0.084916	-0.045607	0.008943
1763641965.267401	-0.237734	0.036132	-0.003578	0.010013	0.008637	0.197169	-0.084916	-0.045607	0.008943
1763641965.276897	-0.237734	0.036132	-0.003578	0.010013	0.008637	0.197169	-0.083577	-0.031842	0.020993
1763641965.286802	-0.238013	0.034618	-0.003382	0.006800	0.009021	0.195415	-0.081557	-0.026618	0.027518
1763641965.296730	-0.238325	0.033138	-0.003166	0.004174	0.009657	0.194075	-0.074084	-0.036484	0.021581
1763641965.308775	-0.238325	0.033138	-0.003166	0.004174	0.009657	0.194075	-0.074084	-0.036484	0.021581
1763641965.318688	-0.238718	0.031660	-0.002942	0.004958	0.010403	0.192510	-0.084751	-0.039773	0.013738
1763641965.327753	-0.238718	0.031660	-0.002942	0.004958	0.010403	0.192510	-0.089428	-0.036728	0.012297
1763641965.337058	-0.239127	0.030162	-0.002842	0.004465	0.010985	0.190577	-0.072629	-0.025084	0.028302
1763641965.347179	-0.239127	0.030162	-0.002842	0.004465	0.010985	0.190577	-0.072629	-0.025084	0.028302
1763641965.356942	-0.239561	0.028719	-0.002603	0.005957	0.011289	0.190130	-0.084094	-0.028939	0.020078
1763641965.366975	-0.240025	0.027325	-0.002444	0.003814	0.012272	0.188692	-0.084094	-0.028939	0.020078
1763641965.377899	-0.240025	0.027325	-0.002444	0.003814	0.012272	0.188692	-0.086596	-0.033308	0.003036
1763641965.387850	-0.240417	0.025967	-0.002262	0.003555	0.013227	0.187491	-0.086596	-0.033308	0.003036
1763641965.397112	-0.241037	0.024649	-0.002213	0.002590	0.014050	0.186529	-0.083424	-0.021825	0.012277
1763641965.407031	-0.241037	0.024649	-0.002213	0.002590	0.014050	0.186529	-0.072373	-0.019260	0.012868
1763641965.417104	-0.241484	0.023208	-0.002277	0.003803	0.014051	0.184827	-0.079181	-0.028473	0.001797
1763641965.427539	-0.241484	0.023208	-0.002277	0.003803	0.014051	0.184827	-0.079181	-0.028473	0.001797
1763641965.438638	-0.242082	0.021893	-0.002267	0.003621	0.014311	0.184518	-0.085388	-0.027629	-0.011720
1763641965.447140	-0.242632	0.020549	-0.002433	0.002656	0.014994	0.183467	-0.076015	-0.013856	0.006444
1763641965.457072	-0.242632	0.020549	-0.002433	0.002656	0.014994	0.183467	-0.072158	-0.012644	0.010063
1763641965.467123	-0.243285	0.019289	-0.002544	0.001192	0.015500	0.182430	-0.078218	-0.018262	0.002511
1763641965.477039	-0.243285	0.019289	-0.002544	0.001192	0.015500	0.182430	-0.074796	-0.024876	-0.007659
1763641965.487300	-0.243910	0.018091	-0.002687	0.000431	0.015982	0.181361	-0.085185	-0.023681	-0.013343
1763641965.497336	-0.244554	0.016885	-0.002979	0.001327	0.016564	0.180183	-0.092201	-0.017883	-0.013676
1763641965.507434	-0.244554	0.016885	-0.002979	0.001327	0.016564	0.180183	-0.086331	-0.010799	-0.004614
1763641965.518594	-0.245311	0.015704	-0.003178	0.000451	0.017070	0.179156	-0.074705	-0.006005	0.010446
1763641965.527336	-0.245311	0.015704	-0.003178	0.000451	0.017070	0.179156	-0.072783	-0.007024	0.006534
1763641965.537865	-0.245996	0.014623	-0.003342	0.000101	0.017678	0.178144	-0.076210	-0.017991	-0.001701
1763641965.547305	-0.246693	0.013386	-0.003537	0.000782	0.017525	0.176380	-0.082172	-0.021477	-0.011148
1763641965.557509	-0.246693	0.013386	-0.003537	0.000782	0.017525	0.176380	-0.088272	-0.015478	-0.007151
1763641965.567864	-0.247475	0.012265	-0.003590	-0.000369	0.017826	0.175907	-0.090856	-0.004669	0.008536
1763641965.577338	-0.247475	0.012265	-0.003590	-0.000369	0.017826	0.175907	-0.072454	-0.003702	0.014914
1763641965.588412	-0.248299	0.011213	-0.003726	-0.000745	0.017591	0.174903	-0.062609	-0.007375	0.022450
1763641965.597666	-0.249057	0.010254	-0.003738	-0.001069	0.018744	0.174038	-0.063919	-0.001171	0.021090
1763641965.608239	-0.249057	0.010254	-0.003738	-0.001069	0.018744	0.174038	-0.078050	-0.004458	0.016077
1763641965.617739	-0.249931	0.009356	-0.003750	0.000397	0.019299	0.173870	-0.087576	-0.008128	0.007709
1763641965.626935	-0.249931	0.009356	-0.003750	0.000397	0.019299	0.173870	-0.081851	-0.012196	0.006965
1763641965.637039	-0.250677	0.008348	-0.003666	-0.000216	0.019295	0.172661	-0.079747	0.001398	0.019183
1763641965.648072	-0.251639	0.007358	-0.003517	-0.000589	0.019363	0.171414	-0.079747	0.001398	0.019183
1763641965.657218	-0.251639	0.007358	-0.003517	-0.000589	0.019363	0.171414	-0.076962	0.009217	0.027849
1763641965.667035	-0.252418	0.006582	-0.003397	-0.000674	0.019398	0.170487	-0.071189	0.000578	0.016859
1763641965.677730	-0.252418	0.006582	-0.003397	-0.000674	0.019398	0.170487	-0.088622	0.003747	0.004185
1763641965.687128	-0.253234	0.005855	-0.003249	-0.000446	0.019821	0.169240	-0.088622	0.003747	0.004185
1763641965.697414	-0.254169	0.004989	-0.003119	-0.000396	0.018889	0.168489	-0.090582	0.009789	0.009583
1763641965.707452	-0.254169	0.004989	-0.003119	-0.000396	0.018889	0.168489	-0.063710	0.009808	0.023211
1763641965.716898	-0.255040	0.004214	-0.002914	-0.000758	0.018731	0.167454	-0.058734	0.014588	0.023578
1763641965.727950	-0.255040	0.004214	-0.002914	-0.000758	0.018731	0.167454	-0.058734	0.014588	0.023578
1763641965.737534	-0.255915	0.003479	-0.002883	0.000089	0.019732	0.166184	-0.087283	0.002525	-0.000213
1763641965.747041	-0.256819	0.002812	-0.002929	-0.001826	0.021020	0.165833	-0.077201	0.001719	-0.002373
1763641965.758647	-0.256819	0.002812	-0.002929	-0.001826	0.021020	0.165833	-0.071177	0.021824	0.014645
1763641965.767665	-0.257704	0.002105	-0.002929	-0.001898	0.021882	0.165379	-0.071177	0.021824	0.014645
1763641965.777463	-0.257704	0.002105	-0.002929	-0.001898	0.021882	0.165379	-0.073110	0.015693	0.009530
1763641965.787486	-0.258757	0.001531	-0.002912	-0.001107	0.021219	0.163903	-0.063803	0.006820	-0.000974
1763641965.797435	-0.259657	0.001050	-0.002895	-0.001125	0.022132	0.163136	-0.082172	0.012696	-0.007747
1763641965.809520	-0.259657	0.001050	-0.002895	-0.001125	0.022132	0.163136	-0.086498	0.015221	-0.010928
1763641965.817086	-0.260499	0.000491	-0.002950	-0.000559	0.022034	0.161916	-0.067862	0.018226	0.002697
1763641965.828393	-0.260499	0.000491	-0.002950	-0.000559	0.022034	0.161916	-0.054274	0.022883	0.017115
1763641965.837262	-0.261547	-0.000020	-0.003145	0.000225	0.022908	0.160382	-0.062853	0.027603	0.010255
1763641965.847262	-0.262580	-0.000489	-0.003270	0.000401	0.022348	0.160183	-0.075797	0.018409	0.001031
1763641965.857805	-0.262580	-0.000489	-0.003270	0.000401	0.022348	0.160183	-0.073022	0.012287	-0.007541
1763641965.868084	-0.263465	-0.000913	-0.003373	0.001638	0.022355	0.159849	-0.072035	0.011819	-0.002114
1763641965.877293	-0.263465	-0.000913	-0.003373	0.001638	0.022355	0.159849	-0.076440	0.028723	0.008181
1763641965.888477	-0.264433	-0.001326	-0.003432	0.003174	0.022157	0.159173	-0.070310	0.032806	0.009282
1763641965.897749	-0.265383	-0.001672	-0.003384	0.002506	0.022930	0.158080	-0.066975	0.031353	0.013656
1763641965.909304	-0.265383	-0.001672	-0.003384	0.002506	0.022930	0.158080	-0.065028	0.019995	0.001663
1763641965.917714	-0.266329	-0.001954	-0.003300	-0.000666	0.024464	0.156594	-0.079953	0.019896	-0.006830
1763641965.926947	-0.266329	-0.001954	-0.003300	-0.000666	0.024464	0.156594	-0.079953	0.019896	-0.006830
1763641965.936994	-0.267306	-0.002279	-0.003283	0.000545	0.025258	0.155281	-0.081482	0.031257	0.008141
1763641965.947331	-0.268221	-0.002587	-0.003282	-0.000123	0.026429	0.154920	-0.081482	0.031257	0.008141
1763641965.957508	-0.268221	-0.002587	-0.003282	-0.000123	0.026429	0.154920	-0.059040	0.034510	0.022547
1763641965.967346	-0.269292	-0.002811	-0.003210	-0.000784	0.026780	0.153700	-0.059040	0.034510	0.022547
1763641965.976998	-0.269292	-0.002811	-0.003210	-0.000784	0.026780	0.153700	-0.062950	0.024136	0.010351
1763641965.989515	-0.270194	-0.003008	-0.003041	0.000286	0.026733	0.152756	-0.076865	0.027554	0.008968
1763641965.997004	-0.271082	-0.003181	-0.002843	0.000610	0.027144	0.151730	-0.073425	0.027701	0.008276
1763641966.007119	-0.271082	-0.003181	-0.002843	0.000610	0.027144	0.151730	-0.065196	0.033108	0.012773
1763641966.019021	-0.272047	-0.003287	-0.002676	0.001412	0.026950	0.150591	-0.058243	0.041502	0.023138
1763641966.027021	-0.272047	-0.003287	-0.002676	0.001412	0.026950	0.150591	-0.062870	0.040295	0.015406
1763641966.037146	-0.272834	-0.003412	-0.002544	0.002581	0.026429	0.149920	-0.069211	0.026078	0.001195
1763641966.048316	-0.273866	-0.003509	-0.002427	0.004110	0.027626	0.148955	-0.065437	0.024219	-0.010856
1763641966.057114	-0.273866	-0.003509	-0.002427	0.004110	0.027626	0.148955	-0.069545	0.039038	0.005811
1763641966.068570	-0.274757	-0.003538	-0.002322	0.005499	0.028057	0.148246	-0.063057	0.047288	0.019303
1763641966.078393	-0.274757	-0.003538	-0.002322	0.005499	0.028057	0.148246	-0.047621	0.032740	0.007924
1763641966.087082	-0.275666	-0.003581	-0.002242	0.005982	0.027866	0.147717	-0.047621	0.032740	0.007924
1763641966.097509	-0.276518	-0.003661	-0.002047	0.007452	0.027650	0.146411	-0.060572	0.035149	-0.000865
1763641966.107927	-0.276518	-0.003661	-0.002047	0.007452	0.027650	0.146411	-0.062563	0.038816	0.003138
1763641966.117174	-0.277403	-0.003646	-0.002045	0.008201	0.027315	0.145573	-0.062563	0.038816	0.003138
1763641966.131060	-0.277403	-0.003646	-0.002045	0.008201	0.027315	0.145573	-0.045098	0.042345	0.014789
1763641966.137105	-0.278315	-0.003718	-0.001964	0.007263	0.026798	0.144901	-0.051874	0.052748	0.017390
1763641966.147208	-0.279140	-0.003732	-0.001876	0.005246	0.027306	0.143257	-0.051874	0.052748	0.017390
1763641966.156982	-0.279140	-0.003732	-0.001876	0.005246	0.027306	0.143257	-0.060115	0.029384	-0.007531
1763641966.168054	-0.279958	-0.003645	-0.001974	0.004474	0.028611	0.141972	-0.063512	0.047278	0.006757
1763641966.177559	-0.279958	-0.003645	-0.001974	0.004474	0.028611	0.141972	-0.063512	0.047278	0.006757
1763641966.188102	-0.280786	-0.003498	-0.001903	0.004433	0.029310	0.141871	-0.050003	0.053376	0.013971
1763641966.197254	-0.281602	-0.003326	-0.001838	0.005012	0.029138	0.140755	-0.040698	0.043275	0.013378
1763641966.207996	-0.281602	-0.003326	-0.001838	0.005012	0.029138	0.140755	-0.034460	0.036726	0.009378
1763641966.217421	-0.282360	-0.003280	-0.001767	0.007192	0.028728	0.140292	-0.053891	0.038625	-0.004470
1763641966.227939	-0.282360	-0.003280	-0.001767	0.007192	0.028728	0.140292	-0.062613	0.038565	-0.006839
1763641966.237577	-0.283124	-0.003209	-0.001791	0.007395	0.028547	0.139242	-0.043720	0.045860	0.001382
1763641966.248975	-0.283877	-0.003067	-0.001834	0.006365	0.028124	0.138855	-0.030711	0.046117	0.013546
1763641966.257459	-0.283877	-0.003067	-0.001834	0.006365	0.028124	0.138855	-0.052104	0.037072	-0.010240
1763641966.267114	-0.284595	-0.002850	-0.001794	0.005632	0.027890	0.137753	-0.052104	0.037072	-0.010240
1763641966.277026	-0.284595	-0.002850	-0.001794	0.005632	0.027890	0.137753	-0.054655	0.034500	-0.016431
1763641966.287403	-0.285318	-0.002621	-0.001918	0.007553	0.027391	0.137308	-0.045803	0.040243	-0.008811
1763641966.297968	-0.286031	-0.002458	-0.002002	0.005790	0.027789	0.136844	-0.046627	0.047797	0.004892
1763641966.308934	-0.286031	-0.002458	-0.002002	0.005790	0.027789	0.136844	-0.038407	0.049936	0.008388
1763641966.317115	-0.286754	-0.002208	-0.002006	0.005692	0.027346	0.136194	-0.035671	0.048385	0.006869
1763641966.327063	-0.286754	-0.002208	-0.002006	0.005692	0.027346	0.136194	-0.035671	0.048385	0.006869
1763641966.338225	-0.287402	-0.002075	-0.002046	0.005574	0.027083	0.135468	-0.041861	0.035571	-0.005077
1763641966.348715	-0.288089	-0.001845	-0.002056	0.005233	0.026451	0.134484	-0.045795	0.033891	-0.004904
1763641966.357166	-0.288089	-0.001845	-0.002056	0.005233	0.026451	0.134484	-0.045795	0.033891	-0.004904
1763641966.368005	-0.288751	-0.001656	-0.002020	0.005515	0.026377	0.133852	-0.039843	0.051146	0.006546
1763641966.377820	-0.288751	-0.001656	-0.002020	0.005515	0.026377	0.133852	-0.034545	0.050774	0.017093
1763641966.388457	-0.289382	-0.001415	-0.001923	0.005108	0.026550	0.133152	-0.026606	0.035371	0.002595
1763641966.397443	-0.289917	-0.001056	-0.001834	0.004441	0.026869	0.132329	-0.037137	0.034650	-0.000024
1763641966.407423	-0.289917	-0.001056	-0.001834	0.004441	0.026869	0.132329	-0.039807	0.042501	-0.003807
1763641966.416992	-0.290548	-0.000749	-0.001816	0.006077	0.026644	0.131956	-0.039807	0.042501	-0.003807
1763641966.427267	-0.290548	-0.000749	-0.001816	0.006077	0.026644	0.131956	-0.049320	0.046865	0.004149
1763641966.436962	-0.291167	-0.000539	-0.001674	0.007011	0.026369	0.131284	-0.023104	0.049189	0.018959
1763641966.446993	-0.291789	-0.000336	-0.001484	0.008712	0.025812	0.130005	-0.024501	0.045826	0.015049
1763641966.457505	-0.291789	-0.000336	-0.001484	0.008712	0.025812	0.130005	-0.036410	0.037652	-0.000117
1763641966.467175	-0.292309	-0.000114	-0.001292	0.009635	0.025894	0.129220	-0.040298	0.034942	-0.003900
1763641966.477347	-0.292309	-0.000114	-0.001292	0.009635	0.025894	0.129220	-0.038166	0.046520	0.010161
1763641966.488024	-0.292875	0.000199	-0.001130	0.010310	0.026119	0.128986	-0.024184	0.049185	0.022012
1763641966.498692	-0.293479	0.000502	-0.001019	0.010089	0.026144	0.128553	-0.017005	0.038398	0.008903
1763641966.509420	-0.293479	0.000502	-0.001019	0.010089	0.026144	0.128553	-0.017005	0.038398	0.008903
1763641966.517061	-0.293942	0.000752	-0.000873	0.011421	0.025729	0.127876	-0.031278	0.035590	0.004637
1763641966.527810	-0.293942	0.000752	-0.000873	0.011421	0.025729	0.127876	-0.036820	0.038535	0.001696
1763641966.536962	-0.294440	0.001053	-0.000680	0.013939	0.025500	0.127432	-0.036820	0.038535	0.001696
1763641966.546957	-0.294930	0.001360	-0.000559	0.014633	0.025334	0.126970	-0.036820	0.038535	0.001696
1763641966.557528	-0.294930	0.001360	-0.000559	0.014633	0.025334	0.126970	-0.023071	0.049741	0.011964
1763641966.567772	-0.295472	0.001629	-0.000368	0.013493	0.025121	0.126118	-0.024140	0.032054	-0.002595
1763641966.578674	-0.295472	0.001629	-0.000368	0.013493	0.025121	0.126118	-0.029814	0.025595	-0.017114
1763641966.587104	-0.295984	0.001938	-0.000232	0.012865	0.025412	0.124958	-0.032083	0.031698	-0.011024
1763641966.596950	-0.296404	0.002124	-0.000123	0.012749	0.026012	0.124224	-0.036623	0.047726	0.003373
1763641966.608287	-0.296404	0.002124	-0.000123	0.012749	0.026012	0.124224	-0.018136	0.037763	0.006993
1763641966.618637	-0.296896	0.002392	-0.000019	0.012519	0.026132	0.124158	-0.018136	0.037763	0.006993
1763641966.627164	-0.296896	0.002392	-0.000019	0.012519	0.026132	0.124158	-0.014172	0.032298	-0.002661
1763641966.636986	-0.297374	0.002649	-0.000012	0.013023	0.025879	0.123439	-0.037688	0.029844	-0.015231
1763641966.647021	-0.297784	0.002821	-0.000066	0.013202	0.025431	0.122697	-0.037688	0.029844	-0.015231
1763641966.657018	-0.297784	0.002821	-0.000066	0.013202	0.025431	0.122697	-0.010036	0.040041	0.007101
1763641966.667461	-0.298271	0.003046	-0.000070	0.014136	0.025212	0.122240	-0.010036	0.040041	0.007101
1763641966.678079	-0.298271	0.003046	-0.000070	0.014136	0.025212	0.122240	-0.022350	0.045783	0.004265
1763641966.687129	-0.298741	0.003314	-0.000038	0.013573	0.025124	0.121181	-0.024731	0.028321	-0.007625
1763641966.697318	-0.299100	0.003540	-0.000013	0.013110	0.025178	0.120942	-0.027564	0.027806	-0.016050
1763641966.708603	-0.299100	0.003540	-0.000013	0.013110	0.025178	0.120942	-0.031995	0.038943	-0.005734
1763641966.719199	-0.299534	0.003708	-0.000079	0.012040	0.025094	0.120204	-0.014234	0.039341	0.002867
1763641966.727264	-0.299534	0.003708	-0.000079	0.012040	0.025094	0.120204	-0.012235	0.037286	0.008576
1763641966.737114	-0.299958	0.003945	-0.000119	0.011551	0.025579	0.119158	-0.008781	0.032870	0.000039
1763641966.747123	-0.300351	0.004177	-0.000102	0.010726	0.026529	0.118587	-0.023594	0.023486	-0.013586
1763641966.757351	-0.300351	0.004177	-0.000102	0.010726	0.026529	0.118587	-0.023594	0.023486	-0.013586
1763641966.768326	-0.300687	0.004401	-0.000037	0.010805	0.026941	0.117945	-0.023660	0.034394	-0.002361
1763641966.777944	-0.300687	0.004401	-0.000037	0.010805	0.026941	0.117945	-0.023660	0.034394	-0.002361
1763641966.789107	-0.300988	0.004613	-0.000005	0.011395	0.026584	0.117502	-0.008354	0.035228	0.006535
1763641966.797151	-0.301301	0.004833	0.000072	0.011827	0.026680	0.117007	-0.002379	0.024547	-0.002171
1763641966.807389	-0.301301	0.004833	0.000072	0.011827	0.026680	0.117007	-0.017523	0.024330	-0.005051
1763641966.817922	-0.301592	0.005082	0.000168	0.013398	0.026462	0.116026	-0.017523	0.024330	-0.005051
1763641966.829901	-0.301592	0.005082	0.000168	0.013398	0.026462	0.116026	-0.027707	0.025235	-0.004132
1763641966.837455	-0.301846	0.005284	0.000277	0.013376	0.026444	0.115037	-0.003625	0.033723	0.007467
1763641966.847301	-0.302140	0.005476	0.000383	0.012603	0.026422	0.114601	-0.003625	0.033723	0.007467
1763641966.857471	-0.302140	0.005476	0.000383	0.012603	0.026422	0.114601	0.002206	0.034373	0.017438
1763641966.867203	-0.302445	0.005676	0.000469	0.011564	0.026198	0.114311	-0.012680	0.021563	-0.000286
1763641966.877721	-0.302445	0.005676	0.000469	0.011564	0.026198	0.114311	-0.012680	0.021563	-0.000286
1763641966.887337	-0.302733	0.005894	0.000615	0.010892	0.026278	0.113791	-0.014063	0.018568	-0.006028
1763641966.897069	-0.303030	0.006144	0.000803	0.012043	0.025212	0.113278	-0.007132	0.033460	0.008839
1763641966.906941	-0.303030	0.006144	0.000803	0.012043	0.025212	0.113278	0.001198	0.030891	0.013283
1763641966.916878	-0.303260	0.006315	0.000959	0.011347	0.025170	0.112907	0.007460	0.023980	0.001160
1763641966.927360	-0.303260	0.006315	0.000959	0.011347	0.025170	0.112907	0.007460	0.023980	0.001160
1763641966.937376	-0.303545	0.006477	0.000994	0.013194	0.024553	0.112560	-0.014926	0.019995	-0.011510
1763641966.946932	-0.303748	0.006639	0.000971	0.014290	0.024111	0.112016	-0.018734	0.019572	-0.022810
1763641966.957027	-0.303748	0.006639	0.000971	0.014290	0.024111	0.112016	0.009012	0.032136	0.003896
1763641966.967290	-0.303922	0.006792	0.000917	0.015371	0.023625	0.111527	0.001307	0.029700	0.001397
1763641966.976940	-0.303922	0.006792	0.000917	0.015371	0.023625	0.111527	-0.001230	0.018605	-0.009280
1763641966.988415	-0.304083	0.006978	0.000902	0.015691	0.023398	0.111595	-0.007416	0.016983	-0.016875
1763641966.997854	-0.304242	0.007137	0.000927	0.016463	0.023107	0.111636	-0.010759	0.019083	-0.013896
1763641967.007002	-0.304242	0.007137	0.000927	0.016463	0.023107	0.111636	-0.009964	0.025030	-0.007160
1763641967.017330	-0.304434	0.007373	0.000952	0.015824	0.023028	0.111161	0.009797	0.023565	0.002404
1763641967.027509	-0.304434	0.007373	0.000952	0.015824	0.023028	0.111161	0.007889	0.029384	0.010833
1763641967.037458	-0.304628	0.007594	0.000947	0.015343	0.022816	0.110756	0.003452	0.026050	0.002255
1763641967.047828	-0.304813	0.007769	0.000920	0.013559	0.023152	0.110074	-0.006670	0.011264	-0.010315
1763641967.057148	-0.304813	0.007769	0.000920	0.013559	0.023152	0.110074	-0.003474	0.012007	-0.015464
1763641967.067082	-0.304975	0.007972	0.000982	0.013166	0.023158	0.109698	-0.003474	0.012007	-0.015464
1763641967.077318	-0.304975	0.007972	0.000982	0.013166	0.023158	0.109698	-0.005799	0.031750	0.006667
1763641967.088681	-0.305094	0.008200	0.001108	0.013557	0.023148	0.108833	-0.005799	0.031750	0.006667
1763641967.097558	-0.305246	0.008400	0.001199	0.012675	0.023835	0.108274	0.003729	0.028833	0.007559
1763641967.108179	-0.305246	0.008400	0.001199	0.012675	0.023835	0.108274	0.009360	0.020844	0.004105
1763641967.117002	-0.305312	0.008568	0.001347	0.013192	0.024169	0.107589	-0.008145	0.015118	-0.014686
1763641967.127172	-0.305312	0.008568	0.001347	0.013192	0.024169	0.107589	-0.008145	0.015118	-0.014686
1763641967.137203	-0.305382	0.008698	0.001421	0.012602	0.024488	0.107015	-0.008851	0.014773	-0.009504
1763641967.147396	-0.305484	0.008840	0.001493	0.011993	0.024282	0.106837	0.005744	0.024833	0.004148
1763641967.157158	-0.305484	0.008840	0.001493	0.011993	0.024282	0.106837	0.010430	0.025338	0.004676
1763641967.167105	-0.305617	0.009011	0.001576	0.011401	0.024501	0.106568	0.010430	0.025338	0.004676
1763641967.179857	-0.305617	0.009011	0.001576	0.011401	0.024501	0.106568	-0.000896	0.012884	-0.009736
1763641967.188498	-0.305735	0.009172	0.001658	0.011476	0.024580	0.106431	-0.001440	0.015786	-0.011212
1763641967.198365	-0.305837	0.009332	0.001708	0.011272	0.024582	0.106112	-0.001983	0.023657	-0.004593
1763641967.208062	-0.305837	0.009332	0.001708	0.011272	0.024582	0.106112	0.015327	0.023933	-0.001093
1763641967.217896	-0.305914	0.009505	0.001709	0.011811	0.024674	0.105601	0.016056	0.016637	-0.006127
1763641967.230021	-0.305914	0.009505	0.001709	0.011811	0.024674	0.105601	0.016056	0.016637	-0.006127
1763641967.237139	-0.305969	0.009695	0.001645	0.011612	0.024394	0.104985	-0.002547	0.007365	-0.030573
1763641967.247939	-0.306067	0.009899	0.001558	0.010822	0.024330	0.104466	-0.001699	0.019358	-0.013729
1763641967.257453	-0.306067	0.009899	0.001558	0.010822	0.024330	0.104466	0.015992	0.024271	-0.001929
1763641967.267384	-0.306106	0.010042	0.001453	0.010620	0.024121	0.104230	0.015992	0.024271	-0.001929
1763641967.277323	-0.306106	0.010042	0.001453	0.010620	0.024121	0.104230	0.016439	0.011661	-0.015743
1763641967.287460	-0.306183	0.010227	0.001326	0.008571	0.024387	0.103489	0.008864	0.010085	-0.023748
1763641967.297429	-0.306281	0.010381	0.001182	0.009373	0.023823	0.102803	-0.003238	0.009707	-0.028313
1763641967.308447	-0.306281	0.010381	0.001182	0.009373	0.023823	0.102803	-0.001482	0.017899	-0.021482
1763641967.317058	-0.306391	0.010481	0.000999	0.012030	0.022443	0.102237	0.015065	0.019666	-0.006939
1763641967.327435	-0.306391	0.010481	0.000999	0.012030	0.022443	0.102237	0.015065	0.019666	-0.006939
1763641967.336984	-0.306463	0.010657	0.000937	0.010833	0.022717	0.101292	0.010275	0.027753	-0.001815
1763641967.347058	-0.306490	0.010857	0.000802	0.011431	0.022651	0.100783	0.005156	0.004296	-0.020967
1763641967.357675	-0.306490	0.010857	0.000802	0.011431	0.022651	0.100783	0.003316	0.007100	-0.024626
1763641967.367156	-0.306519	0.010979	0.000730	0.011591	0.022825	0.100318	0.003316	0.007100	-0.024626
1763641967.377133	-0.306519	0.010979	0.000730	0.011591	0.022825	0.100318	-0.000371	0.014374	-0.011496
1763641967.388189	-0.306560	0.011123	0.000624	0.012619	0.021999	0.099814	0.019902	0.017856	0.003983
1763641967.397116	-0.306532	0.011304	0.000600	0.013306	0.022262	0.099079	0.020197	0.017247	0.007244
1763641967.408279	-0.306532	0.011304	0.000600	0.013306	0.022262	0.099079	0.020197	0.017247	0.007244
1763641967.418240	-0.306570	0.011430	0.000620	0.012921	0.022487	0.098247	0.004080	0.002973	-0.009648
1763641967.427382	-0.306570	0.011430	0.000620	0.012921	0.022487	0.098247	0.004080	0.002973	-0.009648
1763641967.436987	-0.306570	0.011584	0.000723	0.013181	0.022374	0.097549	0.007335	0.001756	-0.007357
1763641967.447234	-0.306554	0.011720	0.000857	0.012631	0.022366	0.097074	0.009158	0.018255	0.006849
1763641967.457938	-0.306554	0.011720	0.000857	0.012631	0.022366	0.097074	0.019305	0.018452	0.015165
1763641967.467075	-0.306549	0.011850	0.000994	0.011710	0.022205	0.096650	0.019305	0.018452	0.015165
1763641967.477407	-0.306549	0.011850	0.000994	0.011710	0.022205	0.096650	0.015073	0.004522	0.002561
1763641967.487293	-0.306572	0.012049	0.001163	0.011045	0.022875	0.095884	0.015073	0.004522	0.002561
1763641967.497699	-0.306554	0.012170	0.001304	0.011380	0.022765	0.095743	0.000137	0.008082	-0.007217
1763641967.509501	-0.306554	0.012170	0.001304	0.011380	0.022765	0.095743	-0.001461	0.009313	0.000020
1763641967.517937	-0.306473	0.012286	0.001515	0.011554	0.022490	0.095771	0.026805	0.015849	0.017745
1763641967.529167	-0.306473	0.012286	0.001515	0.011554	0.022490	0.095771	0.018878	0.009751	0.009938
1763641967.537385	-0.306414	0.012378	0.001758	0.011976	0.022270	0.095569	0.009475	0.001126	-0.004382
1763641967.547278	-0.306397	0.012461	0.001995	0.012881	0.022319	0.095214	0.008498	0.000365	-0.005613
1763641967.557409	-0.306397	0.012461	0.001995	0.012881	0.022319	0.095214	0.012684	0.012296	0.005744
1763641967.567781	-0.306399	0.012549	0.002175	0.013716	0.021759	0.095176	0.022736	0.010886	0.010482
1763641967.578425	-0.306399	0.012549	0.002175	0.013716	0.021759	0.095176	0.022736	0.010886	0.010482
1763641967.587226	-0.306396	0.012614	0.002275	0.013565	0.021250	0.094451	0.022432	0.009722	0.008582
1763641967.598233	-0.306345	0.012719	0.002372	0.013357	0.020559	0.093605	0.005353	-0.000680	-0.017052
1763641967.610134	-0.306345	0.012719	0.002372	0.013357	0.020559	0.093605	0.005629	0.001835	-0.019544
1763641967.617555	-0.306284	0.012771	0.002421	0.012665	0.020232	0.092995	0.015380	0.010184	-0.005073
1763641967.627899	-0.306284	0.012771	0.002421	0.012665	0.020232	0.092995	0.015380	0.010184	-0.005073
1763641967.637013	-0.306256	0.012855	0.002386	0.012380	0.019474	0.092165	0.023272	0.012911	0.002261
1763641967.646921	-0.306173	0.012883	0.002352	0.012411	0.019388	0.091846	0.024503	-0.000567	-0.012888
1763641967.656904	-0.306173	0.012883	0.002352	0.012411	0.019388	0.091846	0.010742	-0.000182	-0.024192
1763641967.667039	-0.306130	0.012964	0.002288	0.011480	0.019482	0.091487	0.010742	-0.000182	-0.024192
1763641967.677377	-0.306130	0.012964	0.002288	0.011480	0.019482	0.091487	0.005128	0.007490	-0.011954
1763641967.689583	-0.306087	0.013021	0.002188	0.011370	0.019656	0.091104	0.030221	0.006727	-0.006877
1763641967.697064	-0.306033	0.013105	0.001981	0.009595	0.020098	0.090823	0.030221	0.006727	-0.006877
1763641967.707164	-0.306033	0.013105	0.001981	0.009595	0.020098	0.090823	0.025145	0.001693	-0.010771
1763641967.718058	-0.305982	0.013168	0.001848	0.008416	0.020387	0.090241	0.005641	-0.008395	-0.024690
1763641967.727002	-0.305982	0.013168	0.001848	0.008416	0.020387	0.090241	0.015196	0.004879	-0.011957
1763641967.742129	-0.305881	0.013197	0.001730	0.008558	0.020994	0.089869	0.028513	0.010451	0.000282
1763641967.747231	-0.305877	0.013236	0.001629	0.009122	0.020251	0.089535	0.028513	0.010451	0.000282
1763641967.756949	-0.305877	0.013236	0.001629	0.009122	0.020251	0.089535	0.022885	0.010035	0.007346
1763641967.767148	-0.305854	0.013272	0.001608	0.008896	0.019724	0.089513	0.015691	-0.003322	-0.007218
1763641967.777000	-0.305854	0.013272	0.001608	0.008896	0.019724	0.089513	0.007245	0.000462	-0.012499
1763641967.787481	-0.305809	0.013325	0.001598	0.009281	0.019454	0.088913	0.007647	-0.003104	-0.010737
1763641967.798329	-0.305798	0.013359	0.001664	0.008980	0.018791	0.088447	0.012584	0.004936	0.003302
1763641967.807931	-0.305798	0.013359	0.001664	0.008980	0.018791	0.088447	0.028255	0.009694	0.014657
1763641967.817410	-0.305786	0.013394	0.001797	0.010120	0.018333	0.087760	0.028255	0.009694	0.014657
1763641967.827427	-0.305786	0.013394	0.001797	0.010120	0.018333	0.087760	0.017641	0.011612	0.017251
1763641967.837837	-0.305792	0.013467	0.001966	0.012013	0.018004	0.087456	0.017124	0.001809	0.006479
1763641967.847931	-0.305859	0.013498	0.002155	0.012711	0.017853	0.086859	0.011253	-0.009908	-0.003489
1763641967.857106	-0.305859	0.013498	0.002155	0.012711	0.017853	0.086859	0.008818	0.008104	0.009525
1763641967.867154	-0.305841	0.013511	0.002319	0.013763	0.017354	0.086221	0.008818	0.008104	0.009525
1763641967.877340	-0.305841	0.013511	0.002319	0.013763	0.017354	0.086221	0.014853	0.006313	0.011736
1763641967.888222	-0.305874	0.013535	0.002422	0.013990	0.017044	0.085589	0.016674	-0.007345	-0.006913
1763641967.897430	-0.305885	0.013540	0.002525	0.013582	0.017356	0.084883	0.016674	-0.007345	-0.006913
1763641967.907451	-0.305885	0.013540	0.002525	0.013582	0.017356	0.084883	0.004069	-0.002207	-0.016577
1763641967.917135	-0.305925	0.013521	0.002548	0.014123	0.016759	0.084423	0.015560	0.004749	-0.001463
1763641967.927092	-0.305925	0.013521	0.002548	0.014123	0.016759	0.084423	0.015560	0.004749	-0.001463
1763641967.936926	-0.305943	0.013477	0.002462	0.014182	0.017157	0.084211	0.016312	0.005156	-0.001136
1763641967.947392	-0.305982	0.013440	0.002344	0.013314	0.017432	0.084094	0.001832	-0.005516	-0.024187
1763641967.958352	-0.305982	0.013440	0.002344	0.013314	0.017432	0.084094	0.003290	0.002738	-0.013881
1763641967.968663	-0.306055	0.013422	0.002138	0.013347	0.017029	0.083947	0.003290	0.002738	-0.013881
1763641967.977990	-0.306055	0.013422	0.002138	0.013347	0.017029	0.083947	0.018427	0.002389	-0.009539
1763641967.988001	-0.306069	0.013375	0.001892	0.012043	0.017282	0.083409	0.018427	0.002389	-0.009539
1763641967.998330	-0.306165	0.013328	0.001584	0.009724	0.018265	0.082707	0.005992	-0.011994	-0.031765
1763641968.008540	-0.306165	0.013328	0.001584	0.009724	0.018265	0.082707	0.005992	-0.011994	-0.031765
1763641968.017062	-0.306273	0.013222	0.001281	0.010019	0.018643	0.082167	0.003794	0.000022	-0.019758
1763641968.027017	-0.306273	0.013222	0.001281	0.010019	0.018643	0.082167	0.003565	0.007455	-0.010596
1763641968.037038	-0.306345	0.013153	0.001070	0.010888	0.018253	0.081751	0.003565	0.007455	-0.010596
1763641968.047102	-0.306434	0.013124	0.000832	0.011585	0.017902	0.081801	0.017003	-0.002579	-0.013449
1763641968.057740	-0.306434	0.013124	0.000832	0.011585	0.017902	0.081801	0.017003	-0.002579	-0.013449
1763641968.067372	-0.306557	0.013076	0.000643	0.012082	0.017829	0.081530	-0.005024	-0.008394	-0.024951
1763641968.076947	-0.306557	0.013076	0.000643	0.012082	0.017829	0.081530	-0.007104	-0.011946	-0.026327
1763641968.088822	-0.306639	0.013049	0.000502	0.012503	0.018228	0.081020	0.001457	-0.000205	-0.005492
1763641968.097102	-0.306760	0.012967	0.000358	0.013336	0.017950	0.080996	0.001457	-0.000205	-0.005492
1763641968.108740	-0.306760	0.012967	0.000358	0.013336	0.017950	0.080996	0.020287	0.004496	0.007166
1763641968.118175	-0.306855	0.012868	0.000271	0.010849	0.018266	0.080672	0.014451	-0.006447	0.003417
1763641968.128889	-0.306855	0.012868	0.000271	0.010849	0.018266	0.080672	0.014451	-0.006447	0.003417
1763641968.138379	-0.307003	0.012826	0.000240	0.009871	0.018559	0.080370	-0.001761	-0.007252	-0.003978
1763641968.148702	-0.307003	0.012826	0.000240	0.009871	0.018559	0.080370	-0.004506	-0.005893	-0.004007
1763641968.159950	-0.307220	0.012704	0.000301	0.009462	0.018977	0.080030	0.004718	-0.002505	0.005755
1763641968.168520	-0.307404	0.012589	0.000321	0.010629	0.018759	0.079557	0.018017	0.002311	0.015425
1763641968.177232	-0.307404	0.012589	0.000321	0.010629	0.018759	0.079557	0.008077	0.002043	0.005800
1763641968.188533	-0.307549	0.012510	0.000419	0.010065	0.019202	0.079255	-0.003133	-0.012529	-0.008551
1763641968.196964	-0.307668	0.012434	0.000421	0.010360	0.019401	0.078907	-0.002892	-0.010538	-0.019253
1763641968.207056	-0.307668	0.012434	0.000421	0.010360	0.019401	0.078907	0.001766	-0.007551	-0.008351
1763641968.217560	-0.307776	0.012333	0.000409	0.010108	0.019268	0.078626	0.004967	0.003689	0.003163
1763641968.227005	-0.307776	0.012333	0.000409	0.010108	0.019268	0.078626	0.004967	0.003689	0.003163
1763641968.237885	-0.307939	0.012256	0.000377	0.009331	0.019523	0.078295	0.014398	-0.002117	0.002835
1763641968.247319	-0.308109	0.012178	0.000302	0.008553	0.020489	0.077817	0.014398	-0.002117	0.002835
1763641968.257265	-0.308109	0.012178	0.000302	0.008553	0.020489	0.077817	-0.004020	-0.013669	-0.017335
1763641968.267974	-0.308220	0.012074	0.000206	0.007571	0.021403	0.076703	-0.004020	-0.013669	-0.017335
1763641968.278535	-0.308220	0.012074	0.000206	0.007571	0.021403	0.076703	0.011163	0.002795	0.003159
1763641968.289820	-0.308338	0.011987	0.000136	0.007927	0.021274	0.076287	0.011403	0.002365	0.011342
1763641968.297501	-0.308496	0.011926	0.000055	0.007531	0.020454	0.075959	0.014646	-0.005897	-0.005100
1763641968.308445	-0.308496	0.011926	0.000055	0.007531	0.020454	0.075959	0.007402	-0.011996	-0.011277
1763641968.318799	-0.308647	0.011827	-0.000113	0.007693	0.020781	0.075778	-0.005274	-0.006546	-0.017939
1763641968.328341	-0.308647	0.011827	-0.000113	0.007693	0.020781	0.075778	-0.005274	-0.006546	-0.017939
1763641968.336963	-0.308844	0.011694	-0.000270	0.007689	0.021109	0.075424	0.004959	-0.002321	-0.002051
1763641968.346932	-0.309026	0.011637	-0.000378	0.008080	0.020604	0.075120	0.022937	0.002658	0.010809
1763641968.357145	-0.309026	0.011637	-0.000378	0.008080	0.020604	0.075120	0.022937	0.002658	0.010809
1763641968.368615	-0.309204	0.011565	-0.000506	0.008073	0.019957	0.075201	0.009215	0.003742	0.009849
1763641968.377388	-0.309204	0.011565	-0.000506	0.008073	0.019957	0.075201	0.002221	-0.013540	-0.009634
1763641968.389539	-0.309361	0.011472	-0.000564	0.007821	0.019926	0.075019	0.002887	-0.009469	-0.003317
1763641968.397006	-0.309521	0.011383	-0.000575	0.008129	0.019690	0.074814	0.000327	0.001222	0.005027
1763641968.407421	-0.309521	0.011383	-0.000575	0.008129	0.019690	0.074814	0.000327	0.001222	0.005027
1763641968.417861	-0.309718	0.011295	-0.000566	0.008679	0.019071	0.074183	0.013852	0.004570	0.013534
1763641968.427414	-0.309718	0.011295	-0.000566	0.008679	0.019071	0.074183	0.011583	-0.004521	0.004073
1763641968.437149	-0.309850	0.011245	-0.000590	0.008419	0.019201	0.073916	-0.003284	-0.014534	-0.009072
1763641968.447569	-0.309967	0.011203	-0.000591	0.008479	0.019370	0.073670	-0.003284	-0.014534	-0.009072
1763641968.456956	-0.309967	0.011203	-0.000591	0.008479	0.019370	0.073670	0.001140	-0.000868	0.000608
1763641968.468034	-0.310137	0.011138	-0.000606	0.008468	0.019257	0.073852	0.005091	0.006729	0.012553
1763641968.477175	-0.310137	0.011138	-0.000606	0.008468	0.019257	0.073852	0.006053	0.000984	0.006185
1763641968.488492	-0.310326	0.011113	-0.000581	0.008160	0.019246	0.073539	0.006053	0.000984	0.006185
1763641968.497377	-0.310493	0.011071	-0.000559	0.008686	0.019495	0.073526	0.004320	-0.008185	-0.012121
1763641968.509336	-0.310493	0.011071	-0.000559	0.008686	0.019495	0.073526	-0.004722	-0.010886	-0.016483
1763641968.517577	-0.310627	0.011044	-0.000627	0.009083	0.020243	0.073336	0.000305	-0.002182	-0.002663
1763641968.527444	-0.310627	0.011044	-0.000627	0.009083	0.020243	0.073336	0.023132	0.001935	0.011297
1763641968.538042	-0.310769	0.011002	-0.000661	0.009345	0.020703	0.073216	0.023132	0.001935	0.011297
1763641968.548697	-0.310916	0.010933	-0.000770	0.008367	0.021617	0.073107	0.011554	-0.006142	-0.003856
1763641968.556887	-0.310916	0.010933	-0.000770	0.008367	0.021617	0.073107	0.005601	-0.012568	-0.010846
1763641968.568589	-0.311133	0.010895	-0.000847	0.009239	0.022301	0.073126	0.004336	-0.008610	-0.005829
1763641968.577523	-0.311133	0.010895	-0.000847	0.009239	0.022301	0.073126	0.000867	-0.000111	0.001958
1763641968.589412	-0.311372	0.010879	-0.000905	0.009483	0.022289	0.072217	0.010250	-0.000972	0.005173
1763641968.597961	-0.311543	0.010873	-0.000937	0.009458	0.022170	0.071901	0.016993	0.004873	0.009292
1763641968.608032	-0.311543	0.010873	-0.000937	0.009458	0.022170	0.071901	0.014627	-0.004499	0.000007
1763641968.617326	-0.311704	0.010863	-0.000957	0.009967	0.022340	0.071205	0.014627	-0.004499	0.000007
1763641968.627457	-0.311704	0.010863	-0.000957	0.009967	0.022340	0.071205	-0.001090	-0.011998	-0.013650
1763641968.637415	-0.311824	0.010866	-0.001000	0.009769	0.022239	0.070855	0.006118	-0.013487	-0.018394
1763641968.647457	-0.311886	0.010862	-0.001020	0.009856	0.022143	0.070710	0.004658	0.000245	0.001821
1763641968.656976	-0.311886	0.010862	-0.001020	0.009856	0.022143	0.070710	0.013646	0.001333	0.010575
1763641968.666965	-0.311994	0.010878	-0.001053	0.009726	0.021917	0.070515	0.013646	0.001333	0.010575
1763641968.677077	-0.311994	0.010878	-0.001053	0.009726	0.021917	0.070515	0.017112	-0.009473	0.000358
1763641968.688973	-0.312080	0.010864	-0.001087	0.009616	0.021982	0.069822	-0.005741	-0.011118	-0.007992
1763641968.697397	-0.312208	0.010805	-0.001106	0.010104	0.021687	0.069363	-0.005399	-0.009393	-0.002233
1763641968.709282	-0.312208	0.010805	-0.001106	0.010104	0.021687	0.069363	0.007854	0.001984	0.011526
1763641968.717054	-0.312269	0.010774	-0.001086	0.009983	0.021563	0.069286	0.013357	0.003536	0.021803
1763641968.727043	-0.312269	0.010774	-0.001086	0.009983	0.021563	0.069286	0.009322	-0.000202	0.009529
1763641968.736949	-0.312378	0.010787	-0.001050	0.009623	0.021798	0.069070	0.009322	-0.000202	0.009529
1763641968.747968	-0.312486	0.010781	-0.000985	0.009950	0.021829	0.068666	-0.002620	-0.008729	-0.003143
1763641968.757484	-0.312486	0.010781	-0.000985	0.009950	0.021829	0.068666	-0.004059	-0.008368	-0.004472
1763641968.767200	-0.312634	0.010801	-0.000897	0.010043	0.022272	0.068644	-0.002253	-0.001102	0.006648
1763641968.778067	-0.312634	0.010801	-0.000897	0.010043	0.022272	0.068644	-0.002253	-0.001102	0.006648
1763641968.787522	-0.312734	0.010805	-0.000859	0.009660	0.022498	0.068383	0.016752	0.004889	0.017897
1763641968.797396	-0.312814	0.010792	-0.000738	0.009642	0.021859	0.068197	0.004467	-0.015982	0.000716
1763641968.807421	-0.312814	0.010792	-0.000738	0.009642	0.021859	0.068197	0.004467	-0.015982	0.000716
1763641968.816974	-0.312875	0.010811	-0.000694	0.009556	0.021825	0.068174	-0.002382	0.003546	0.015629
1763641968.826944	-0.312875	0.010811	-0.000694	0.009556	0.021825	0.068174	-0.002382	0.003546	0.015629
1763641968.837101	-0.312983	0.010837	-0.000596	0.010382	0.021039	0.068660	0.015752	-0.001361	0.019465
1763641968.846997	-0.313078	0.010851	-0.000513	0.010276	0.020616	0.068915	0.018800	-0.005559	0.009250
1763641968.857682	-0.313078	0.010851	-0.000513	0.010276	0.020616	0.068915	-0.004901	-0.013589	-0.004890
1763641968.868494	-0.313198	0.010861	-0.000431	0.010683	0.020380	0.069039	-0.002067	-0.014087	-0.007939
1763641968.877347	-0.313198	0.010861	-0.000431	0.010683	0.020380	0.069039	0.004898	-0.001164	0.006235
1763641968.888909	-0.313305	0.010820	-0.000396	0.010733	0.020799	0.069084	0.004898	-0.001164	0.006235
1763641968.897525	-0.313442	0.010761	-0.000301	0.010327	0.020625	0.069172	0.011029	-0.001456	0.016377
1763641968.907477	-0.313442	0.010761	-0.000301	0.010327	0.020625	0.069172	0.008583	-0.001307	0.008160
1763641968.917754	-0.313524	0.010745	-0.000290	0.010245	0.020771	0.069079	0.012377	-0.014241	0.002845
1763641968.927147	-0.313524	0.010745	-0.000290	0.010245	0.020771	0.069079	0.001931	-0.012806	-0.002193
1763641968.937254	-0.313595	0.010748	-0.000248	0.010692	0.020939	0.069014	0.003808	-0.004588	0.000802
1763641968.947818	-0.313679	0.010716	-0.000284	0.011114	0.021436	0.068514	0.020156	0.000074	0.008435
1763641968.957269	-0.313679	0.010716	-0.000284	0.011114	0.021436	0.068514	0.014435	-0.009031	0.001721
1763641968.967366	-0.313762	0.010703	-0.000348	0.010547	0.021504	0.068114	0.014435	-0.009031	0.001721
1763641968.978040	-0.313762	0.010703	-0.000348	0.010547	0.021504	0.068114	-0.000656	-0.016217	-0.019812
1763641968.987519	-0.313839	0.010635	-0.000499	0.012066	0.021354	0.067999	-0.000656	-0.016217	-0.019812
1763641968.997595	-0.313944	0.010541	-0.000641	0.012690	0.021377	0.067897	-0.003320	-0.015590	-0.015654
1763641969.007726	-0.313944	0.010541	-0.000641	0.012690	0.021377	0.067897	0.003038	-0.006795	-0.008803
1763641969.018662	-0.314050	0.010468	-0.000814	0.013234	0.021107	0.068134	0.011063	-0.002717	0.003476
1763641969.027509	-0.314050	0.010468	-0.000814	0.013234	0.021107	0.068134	0.011063	-0.002717	0.003476
1763641969.037332	-0.314120	0.010443	-0.000967	0.013004	0.021212	0.067969	0.013703	-0.014724	-0.007638
1763641969.047271	-0.314120	0.010443	-0.000967	0.013004	0.021212	0.067969	0.010605	-0.027413	-0.014302
1763641969.057137	-0.314190	0.010382	-0.001078	0.012605	0.021471	0.068049	0.006506	-0.017242	-0.011631
1763641969.071771	-0.314253	0.010319	-0.001194	0.011700	0.021849	0.067874	-0.000822	-0.009393	-0.004875
1763641969.077680	-0.314253	0.010319	-0.001194	0.011700	0.021849	0.067874	0.006690	-0.007437	0.003377
1763641969.089004	-0.314333	0.010243	-0.001322	0.011790	0.021810	0.067515	0.020420	-0.009812	0.005661
1763641969.097895	-0.314384	0.010142	-0.001368	0.012234	0.021336	0.067180	0.009357	-0.022191	-0.008087
1763641969.108070	-0.314384	0.010142	-0.001368	0.012234	0.021336	0.067180	0.009357	-0.022191	-0.008087
1763641969.117030	-0.314427	0.010059	-0.001446	0.012041	0.021355	0.067165	0.002782	-0.023486	-0.015509
1763641969.130144	-0.314427	0.010059	-0.001446	0.012041	0.021355	0.067165	0.001865	-0.020800	-0.007245
1763641969.138796	-0.314471	0.009960	-0.001463	0.011387	0.021467	0.067353	-0.004813	-0.009843	0.004239
1763641969.147006	-0.314534	0.009920	-0.001408	0.011664	0.020902	0.067504	0.010069	-0.010259	0.007129
1763641969.156943	-0.314534	0.009920	-0.001408	0.011664	0.020902	0.067504	0.018911	-0.010587	0.016458
1763641969.167093	-0.314570	0.009818	-0.001392	0.010590	0.020670	0.067854	0.018646	-0.004821	0.015015
1763641969.178920	-0.314570	0.009818	-0.001392	0.010590	0.020670	0.067854	0.003306	-0.025800	0.000930
1763641969.190427	-0.314615	0.009748	-0.001331	0.011584	0.020536	0.067673	0.007890	-0.021576	0.002108
1763641969.197353	-0.314615	0.009748	-0.001331	0.011584	0.020536	0.067673	0.007890	-0.021576	0.002108
1763641969.207215	-0.314618	0.009699	-0.001194	0.011178	0.020248	0.067388	0.001382	-0.010162	0.015995
1763641969.217794	-0.314645	0.009654	-0.001048	0.009997	0.019769	0.067331	0.020093	-0.008944	0.021752
1763641969.227921	-0.314645	0.009654	-0.001048	0.009997	0.019769	0.067331	0.020093	-0.008944	0.021752
1763641969.238187	-0.314682	0.009583	-0.000896	0.008604	0.020020	0.067313	0.016555	-0.012010	0.015404
1763641969.247338	-0.314641	0.009556	-0.000686	0.006152	0.021267	0.067283	0.009733	-0.021932	-0.002581
1763641969.257261	-0.314641	0.009556	-0.000686	0.006152	0.021267	0.067283	0.003245	-0.013294	0.001141
1763641969.266901	-0.314687	0.009520	-0.000541	0.004652	0.021862	0.067134	0.003245	-0.013294	0.001141
1763641969.277164	-0.314687	0.009520	-0.000541	0.004652	0.021862	0.067134	0.008840	-0.007356	0.009425
1763641969.289986	-0.314719	0.009520	-0.000381	0.003524	0.021858	0.067161	0.016872	-0.003308	0.006356
1763641969.298516	-0.314734	0.009512	-0.000305	0.002922	0.022044	0.067121	0.016872	-0.003308	0.006356
1763641969.307402	-0.314734	0.009512	-0.000305	0.002922	0.022044	0.067121	0.008686	-0.015458	0.001588
1763641969.317867	-0.314765	0.009482	-0.000262	0.003571	0.022485	0.066985	-0.002940	-0.019025	-0.011845
1763641969.327077	-0.314765	0.009482	-0.000262	0.003571	0.022485	0.066985	0.005644	-0.016666	-0.012585
1763641969.337233	-0.314785	0.009510	-0.000209	0.004216	0.022163	0.067104	0.006910	-0.002283	0.005300
1763641969.347975	-0.314804	0.009527	-0.000217	0.003372	0.022182	0.067240	0.021040	-0.004326	0.005457
1763641969.359485	-0.314804	0.009527	-0.000217	0.003372	0.022182	0.067240	0.019254	-0.013977	-0.006830
1763641969.368744	-0.314807	0.009518	-0.000247	0.003526	0.022204	0.067260	-0.004363	-0.016639	-0.020666
1763641969.377417	-0.314807	0.009518	-0.000247	0.003526	0.022204	0.067260	-0.004363	-0.016639	-0.020666
1763641969.388544	-0.314822	0.009563	-0.000253	0.003377	0.022613	0.067477	0.017937	-0.001954	0.002923
1763641969.398367	-0.314863	0.009589	-0.000325	0.003691	0.022023	0.067553	0.017197	-0.001905	0.013648
1763641969.408941	-0.314863	0.009589	-0.000325	0.003691	0.022023	0.067553	0.017197	-0.001905	0.013648
1763641969.417542	-0.314870	0.009643	-0.000314	0.004082	0.021539	0.067813	0.020456	-0.009574	0.002964
1763641969.427091	-0.314870	0.009643	-0.000314	0.004082	0.021539	0.067813	0.020456	-0.009574	0.002964
1763641969.437135	-0.314878	0.009730	-0.000274	0.003152	0.022198	0.067685	0.011568	-0.012520	0.000904
1763641969.447259	-0.314942	0.009774	-0.000218	0.004003	0.021829	0.067955	0.003786	-0.014904	-0.010993
1763641969.460053	-0.314942	0.009774	-0.000218	0.004003	0.021829	0.067955	0.015894	0.002709	0.008861
1763641969.469566	-0.314940	0.009846	-0.000164	0.003665	0.021620	0.067862	0.020711	-0.000312	0.013576
1763641969.477821	-0.314940	0.009846	-0.000164	0.003665	0.021620	0.067862	0.020651	-0.007292	0.006706
1763641969.488675	-0.314928	0.009950	-0.000123	0.003899	0.021207	0.068429	0.020651	-0.007292	0.006706
1763641969.496941	-0.314955	0.010023	-0.000087	0.004805	0.021131	0.068891	0.019044	-0.010198	-0.002508
1763641969.509030	-0.314955	0.010023	-0.000087	0.004805	0.021131	0.068891	-0.004182	-0.011611	-0.010329
1763641969.518133	-0.315000	0.010136	-0.000046	0.003722	0.021048	0.068783	0.002705	-0.013180	-0.011240
1763641969.528652	-0.315000	0.010136	-0.000046	0.003722	0.021048	0.068783	0.010683	0.000109	0.001956
1763641969.538433	-0.315006	0.010228	-0.000017	0.004672	0.020892	0.069246	0.018598	0.004387	0.015128
1763641969.547569	-0.314986	0.010370	0.000018	0.004519	0.021154	0.069500	0.018598	0.004387	0.015128
1763641969.557531	-0.314986	0.010370	0.000018	0.004519	0.021154	0.069500	0.025088	-0.003289	0.008791
1763641969.568342	-0.314968	0.010524	0.000118	0.006615	0.021340	0.069313	0.023325	-0.010565	0.009490
1763641969.577730	-0.314968	0.010524	0.000118	0.006615	0.021340	0.069313	0.006283	-0.009336	-0.000751
1763641969.612511	-0.315015	0.010773	0.000373	0.006946	0.022092	0.068774	0.023295	0.002360	0.017342
1763641969.615720	-0.315015	0.010773	0.000373	0.006946	0.022092	0.068774	0.023295	0.002360	0.017342
1763641969.620047	-0.315015	0.010773	0.000373	0.006946	0.022092	0.068774	0.023295	0.002360	0.017342
1763641969.627916	-0.315015	0.010773	0.000373	0.007174	0.021463	0.068970	0.018805	-0.007950	-0.003287
1763641969.631994	-0.315021	0.010942	0.000458	0.007174	0.021463	0.068970	0.018805	-0.007950	-0.003287
1763641969.636876	-0.315043	0.011116	0.000541	0.007417	0.021569	0.069226	0.002014	-0.011051	-0.008451
1763641969.646925	-0.315083	0.011251	0.000584	0.007348	0.021564	0.069730	0.005636	-0.011607	-0.015234
1763641969.656923	-0.315083	0.011251	0.000584	0.007348	0.021564	0.069730	0.009144	0.001027	-0.005527
1763641969.668149	-0.315071	0.011386	0.000551	0.007865	0.021449	0.070236	0.019148	0.006549	0.009697
1763641969.677560	-0.315071	0.011386	0.000551	0.007865	0.021449	0.070236	0.019424	0.001556	0.006731
1763641969.688051	-0.315075	0.011542	0.000458	0.007925	0.021177	0.070885	0.027612	-0.009497	-0.001660
1763641969.696938	-0.315093	0.011693	0.000373	0.008594	0.021489	0.071306	0.027612	-0.009497	-0.001660
1763641969.707008	-0.315093	0.011693	0.000373	0.008594	0.021489	0.071306	0.016607	-0.009785	-0.005853
1763641969.716964	-0.315104	0.011826	0.000320	0.007824	0.021915	0.071047	0.002266	-0.008139	-0.015271
1763641969.727432	-0.315104	0.011826	0.000320	0.007824	0.021915	0.071047	0.006516	-0.012149	-0.009405
1763641969.738233	-0.315134	0.011948	0.000235	0.008715	0.021398	0.070742	0.019698	0.003020	0.007709
1763641969.747896	-0.315153	0.012033	0.000136	0.009700	0.020494	0.070495	0.019698	0.003020	0.007709
1763641969.758309	-0.315153	0.012033	0.000136	0.009700	0.020494	0.070495	0.020057	-0.008330	-0.009453
1763641969.769166	-0.315185	0.012125	0.000108	0.010213	0.020247	0.070223	0.002931	-0.010487	-0.020974
1763641969.778464	-0.315185	0.012125	0.000108	0.010213	0.020247	0.070223	0.002931	-0.010487	-0.020974
1763641969.787482	-0.315207	0.012272	0.000035	0.010892	0.020007	0.070024	0.005752	-0.004176	-0.013175
1763641969.797068	-0.315245	0.012375	-0.000085	0.010065	0.019996	0.070497	0.017776	0.003241	0.005108
1763641969.807385	-0.315245	0.012375	-0.000085	0.010065	0.019996	0.070497	0.021097	0.000197	0.007438
1763641969.817032	-0.315279	0.012473	-0.000182	0.010173	0.019780	0.070496	0.021097	0.000197	0.007438
1763641969.827504	-0.315279	0.012473	-0.000182	0.010173	0.019780	0.070496	0.023280	-0.007396	-0.001639
1763641969.838270	-0.315339	0.012612	-0.000253	0.009969	0.019550	0.070330	0.001055	-0.010375	-0.011699
1763641969.847427	-0.315380	0.012740	-0.000365	0.010650	0.019351	0.070260	0.001055	-0.010375	-0.011699
1763641969.857001	-0.315380	0.012740	-0.000365	0.010650	0.019351	0.070260	0.007455	-0.005580	-0.006052
1763641969.867002	-0.315401	0.012903	-0.000459	0.009781	0.019107	0.069763	0.007455	-0.005580	-0.006052
1763641969.876981	-0.315401	0.012903	-0.000459	0.009781	0.019107	0.069763	0.013969	0.002877	0.009128
1763641969.889859	-0.315420	0.013052	-0.000590	0.008725	0.019141	0.070069	0.013731	0.001818	0.002923
1763641969.898385	-0.315448	0.013174	-0.000604	0.008677	0.018963	0.070364	0.018971	-0.008017	0.003242
1763641969.907975	-0.315448	0.013174	-0.000604	0.008677	0.018963	0.070364	0.005890	-0.013827	-0.008483
1763641969.917511	-0.315527	0.013238	-0.000588	0.009376	0.018661	0.070214	0.005890	-0.013827	-0.008483
1763641969.928800	-0.315527	0.013238	-0.000588	0.009376	0.018661	0.070214	0.002690	0.002380	0.008588
1763641969.937287	-0.315571	0.013327	-0.000564	0.009847	0.018465	0.070566	0.002690	0.002380	0.008588
1763641969.947412	-0.315664	0.013414	-0.000554	0.009710	0.018207	0.070827	0.002690	0.002380	0.008588
1763641969.957169	-0.315664	0.013414	-0.000554	0.009710	0.018207	0.070827	0.019962	-0.000574	0.016023
1763641969.966916	-0.315804	0.013514	-0.000530	0.008893	0.017851	0.070840	0.019962	-0.000574	0.016023
1763641969.976952	-0.315804	0.013514	-0.000530	0.008893	0.017851	0.070840	0.000638	-0.016280	-0.003391
1763641969.987143	-0.315912	0.013632	-0.000476	0.009466	0.017985	0.070866	0.000638	-0.016280	-0.003391
1763641969.997231	-0.315912	0.013632	-0.000476	0.009466	0.017985	0.070866	0.007188	-0.013083	-0.003534
1763641970.008575	-0.315961	0.013729	-0.000416	0.008874	0.018436	0.070796	-0.002037	-0.000877	0.002560
1763641970.017271	-0.316017	0.013766	-0.000367	0.009564	0.018522	0.070967	-0.002037	-0.000877	0.002560
1763641970.027371	-0.316017	0.013766	-0.000367	0.009564	0.018522	0.070967	0.015248	-0.000580	0.006223
1763641970.037334	-0.316112	0.013820	-0.000356	0.009247	0.018704	0.071091	0.017190	-0.010317	-0.002590
1763641970.047200	-0.316220	0.013880	-0.000343	0.009284	0.019143	0.071367	0.017190	-0.010317	-0.002590
1763641970.059155	-0.316220	0.013880	-0.000343	0.009284	0.019143	0.071367	-0.002151	-0.010539	-0.010502
1763641970.067112	-0.316352	0.013931	-0.000360	0.010415	0.019138	0.071560	-0.002151	-0.010539	-0.010502
1763641970.077423	-0.316352	0.013931	-0.000360	0.010415	0.019138	0.071560	0.019492	-0.001788	0.011331
1763641970.087431	-0.316496	0.013945	-0.000378	0.010469	0.019361	0.071613	0.017604	0.006882	0.019976
1763641970.097288	-0.316670	0.014013	-0.000404	0.010362	0.019254	0.071732	0.008758	-0.002040	0.012384
1763641970.107951	-0.316670	0.014013	-0.000404	0.010362	0.019254	0.071732	0.008758	-0.002040	0.012384
1763641970.117543	-0.316811	0.014123	-0.000412	0.010484	0.019207	0.072101	0.013333	-0.014716	0.004642
1763641970.127009	-0.316811	0.014123	-0.000412	0.010484	0.019207	0.072101	0.005194	-0.015614	-0.001567
1763641970.137100	-0.316961	0.014176	-0.000404	0.010712	0.019237	0.072278	-0.007025	-0.007227	-0.000036
1763641970.147874	-0.317112	0.014227	-0.000348	0.010341	0.018933	0.072262	0.006082	-0.001086	0.011679
1763641970.156986	-0.317112	0.014227	-0.000348	0.010341	0.018933	0.072262	0.008264	-0.000412	0.021415
1763641970.167320	-0.317228	0.014237	-0.000289	0.010603	0.018849	0.072236	0.010866	-0.004824	0.007486
1763641970.177046	-0.317228	0.014237	-0.000289	0.010603	0.018849	0.072236	0.006628	-0.012076	0.005132
1763641970.188687	-0.317391	0.014225	-0.000223	0.010553	0.018498	0.071892	-0.005550	-0.010639	-0.001864
1763641970.197144	-0.317391	0.014225	-0.000223	0.010553	0.018498	0.071892	-0.001016	-0.017981	-0.009431
1763641970.208461	-0.317578	0.014244	-0.000178	0.011572	0.018537	0.071919	-0.001036	-0.002165	0.002915
1763641970.222189	-0.317804	0.014243	-0.000164	0.011697	0.018898	0.071852	0.010112	0.003874	0.015166
1763641970.227990	-0.317804	0.014243	-0.000164	0.011697	0.018898	0.071852	0.004819	-0.004975	0.010660
1763641970.236905	-0.318057	0.014264	-0.000173	0.012123	0.018729	0.071984	0.013193	-0.008379	0.001530
1763641970.247177	-0.318255	0.014250	-0.000238	0.012609	0.018992	0.072065	-0.000312	-0.014202	-0.007642
1763641970.256984	-0.318255	0.014250	-0.000238	0.012609	0.018992	0.072065	-0.014578	-0.015833	-0.015769
1763641970.267258	-0.318485	0.014216	-0.000308	0.013576	0.018676	0.072156	-0.002466	-0.015065	-0.011044
1763641970.277364	-0.318485	0.014216	-0.000308	0.013576	0.018676	0.072156	-0.000126	-0.004372	0.005854
1763641970.288280	-0.318690	0.014186	-0.000281	0.013427	0.018306	0.072358	0.008359	-0.001447	0.010939
1763641970.297027	-0.318868	0.014175	-0.000334	0.012616	0.018335	0.072473	0.008359	-0.001447	0.010939
1763641970.306996	-0.318868	0.014175	-0.000334	0.012616	0.018335	0.072473	0.009929	-0.003975	0.011714
1763641970.316923	-0.319061	0.014108	-0.000417	0.012565	0.018499	0.072500	0.006868	-0.016331	0.004502
1763641970.328185	-0.319061	0.014108	-0.000417	0.012565	0.018499	0.072500	-0.001223	-0.024181	-0.004417
1763641970.337990	-0.319278	0.014019	-0.000473	0.013934	0.018320	0.072675	-0.000743	-0.018549	0.001977
1763641970.347896	-0.319489	0.013956	-0.000480	0.013184	0.018465	0.072725	-0.009618	-0.007306	0.009592
1763641970.358581	-0.319489	0.013956	-0.000480	0.013184	0.018465	0.072725	0.000912	-0.008990	0.013375
1763641970.367478	-0.319734	0.013893	-0.000434	0.012557	0.018188	0.072798	0.013609	-0.006019	0.018630
1763641970.378708	-0.319734	0.013893	-0.000434	0.012557	0.018188	0.072798	0.004291	-0.009890	0.008744
1763641970.387992	-0.319955	0.013774	-0.000425	0.014962	0.017393	0.072893	-0.003666	-0.021131	-0.001712
1763641970.397203	-0.320177	0.013686	-0.000455	0.014527	0.017350	0.073058	-0.010321	-0.021086	-0.011234
1763641970.407120	-0.320177	0.013686	-0.000455	0.014527	0.017350	0.073058	-0.011113	-0.020931	-0.004806
1763641970.416919	-0.320465	0.013575	-0.000535	0.015389	0.017096	0.072677	-0.012606	-0.013783	-0.002017
1763641970.427420	-0.320465	0.013575	-0.000535	0.015389	0.017096	0.072677	0.005602	-0.010184	0.008907
1763641970.438243	-0.320720	0.013494	-0.000546	0.015911	0.017118	0.072654	0.001960	-0.005378	0.022117
1763641970.446989	-0.320979	0.013364	-0.000470	0.015140	0.017407	0.072691	-0.000185	-0.009422	0.012658
1763641970.456945	-0.320979	0.013364	-0.000470	0.015140	0.017407	0.072691	0.010441	-0.024227	0.008700
1763641970.466967	-0.321226	0.013250	-0.000422	0.014123	0.017687	0.072562	-0.001194	-0.021750	0.005041
1763641970.477027	-0.321226	0.013250	-0.000422	0.014123	0.017687	0.072562	-0.010049	-0.023233	-0.004959
1763641970.489115	-0.321506	0.013157	-0.000285	0.014675	0.017521	0.072330	-0.008583	-0.020192	0.001064
1763641970.497153	-0.321746	0.013068	-0.000277	0.014667	0.017786	0.071819	0.004148	-0.009235	0.009716
1763641970.507717	-0.321746	0.013068	-0.000277	0.014667	0.017786	0.071819	0.003219	-0.011895	0.015149
1763641970.517293	-0.321999	0.012947	-0.000277	0.014119	0.017475	0.072028	0.003219	-0.011895	0.015149
1763641970.527524	-0.321999	0.012947	-0.000277	0.014119	0.017475	0.072028	0.005580	-0.022547	-0.004698
1763641970.539190	-0.322313	0.012809	-0.000300	0.013358	0.018250	0.072230	-0.013708	-0.027787	-0.013623
1763641970.547987	-0.322563	0.012699	-0.000362	0.012899	0.018792	0.072327	-0.013708	-0.027787	-0.013623
1763641970.557100	-0.322563	0.012699	-0.000362	0.012899	0.018792	0.072327	-0.009966	-0.014668	-0.002185
1763641970.567389	-0.322881	0.012544	-0.000443	0.014109	0.018827	0.071759	-0.009966	-0.014668	-0.002185
1763641970.577123	-0.322881	0.012544	-0.000443	0.014109	0.018827	0.071759	0.010605	-0.018339	0.006750
1763641970.587211	-0.323154	0.012401	-0.000542	0.012347	0.019532	0.071644	0.006946	-0.012790	0.005733
1763641970.598500	-0.323520	0.012148	-0.000726	0.011954	0.019802	0.071528	0.000778	-0.021425	-0.001674
1763641970.608457	-0.323520	0.012148	-0.000726	0.011954	0.019802	0.071528	-0.012102	-0.030407	-0.010826
1763641970.616978	-0.323889	0.011988	-0.000798	0.009907	0.021142	0.071378	-0.007718	-0.026193	-0.008667
1763641970.626987	-0.323889	0.011988	-0.000798	0.009907	0.021142	0.071378	-0.011581	-0.018964	-0.003044
1763641970.637119	-0.324178	0.011864	-0.000872	0.009431	0.021176	0.071270	-0.015761	-0.012667	0.001201
1763641970.648098	-0.324484	0.011679	-0.001031	0.010662	0.020199	0.070612	-0.000418	-0.010002	0.012832
1763641970.657450	-0.324484	0.011679	-0.001031	0.010662	0.020199	0.070612	-0.000418	-0.010002	0.012832
1763641970.666989	-0.324746	0.011542	-0.001036	0.009964	0.020291	0.069894	-0.000418	-0.010002	0.012832
1763641970.677270	-0.324746	0.011542	-0.001036	0.009964	0.020291	0.069894	0.003665	-0.026921	-0.005852
1763641970.688749	-0.325052	0.011438	-0.001029	0.008887	0.020727	0.069729	0.003665	-0.026921	-0.005852
1763641970.698827	-0.325305	0.011263	-0.001037	0.009260	0.020865	0.069804	-0.011329	-0.025383	-0.005807
1763641970.708017	-0.325305	0.011263	-0.001037	0.009260	0.020865	0.069804	-0.011312	-0.023884	-0.007283
1763641970.717093	-0.325571	0.011053	-0.001103	0.009152	0.020847	0.069850	0.007008	-0.011554	0.012983
1763641970.727403	-0.325571	0.011053	-0.001103	0.009152	0.020847	0.069850	0.004408	-0.013677	0.014545
1763641970.737271	-0.325802	0.010919	-0.001135	0.008676	0.020709	0.069856	0.004915	-0.020750	0.007743
1763641970.746926	-0.326097	0.010780	-0.001105	0.008111	0.020194	0.069761	0.006809	-0.025220	0.005941
1763641970.757354	-0.326097	0.010780	-0.001105	0.008111	0.020194	0.069761	-0.011277	-0.029071	-0.003634
1763641970.767399	-0.326482	0.010548	-0.001148	0.009090	0.019710	0.069846	-0.016137	-0.026642	-0.007739
1763641970.776951	-0.326482	0.010548	-0.001148	0.009090	0.019710	0.069846	-0.009298	-0.018932	0.002004
1763641970.788230	-0.326812	0.010394	-0.001132	0.010745	0.019532	0.069810	-0.009232	-0.009871	0.015156
1763641970.797093	-0.327100	0.010259	-0.001091	0.010993	0.019846	0.068947	0.000120	-0.012111	0.013914
1763641970.806978	-0.327100	0.010259	-0.001091	0.010993	0.019846	0.068947	0.004143	-0.011661	0.014344
1763641970.820192	-0.327385	0.010160	-0.000989	0.010559	0.020425	0.068207	-0.000294	-0.015484	0.012794
1763641970.829714	-0.327385	0.010160	-0.000989	0.010559	0.020425	0.068207	-0.007359	-0.026957	-0.002023
1763641970.838750	-0.327677	0.009988	-0.000984	0.010625	0.021625	0.067291	-0.007571	-0.028146	-0.007923
1763641970.849590	-0.327989	0.009704	-0.000992	0.009935	0.021752	0.066974	-0.008407	-0.014179	0.004399
1763641970.858000	-0.327989	0.009704	-0.000992	0.009935	0.021752	0.066974	-0.008407	-0.014179	0.004399
1763641970.868620	-0.328293	0.009517	-0.000977	0.008717	0.022029	0.067075	0.006475	-0.012675	0.013194
1763641970.877297	-0.328293	0.009517	-0.000977	0.008717	0.022029	0.067075	0.002701	-0.010033	0.009987
1763641970.888360	-0.328586	0.009310	-0.001021	0.009512	0.022130	0.067114	-0.003008	-0.023843	-0.005164
1763641970.896948	-0.328889	0.009105	-0.001097	0.010386	0.022091	0.066798	-0.009438	-0.023868	-0.015616
1763641970.908520	-0.328889	0.009105	-0.001097	0.010386	0.022091	0.066798	-0.009397	-0.023416	-0.016580
1763641970.917451	-0.329186	0.008920	-0.001140	0.010509	0.021540	0.066806	-0.016170	-0.019291	-0.009711
1763641970.927947	-0.329186	0.008920	-0.001140	0.010509	0.021540	0.066806	0.000708	-0.010784	-0.001832
1763641970.936993	-0.329461	0.008796	-0.001254	0.010510	0.021268	0.066452	0.003815	-0.007237	0.012763
1763641970.946914	-0.329748	0.008654	-0.001356	0.010119	0.021034	0.065989	-0.001072	-0.010132	0.007012
1763641970.957068	-0.329748	0.008654	-0.001356	0.010119	0.021034	0.065989	0.009089	-0.020696	-0.002917
1763641970.966990	-0.330070	0.008572	-0.001383	0.009355	0.021297	0.065604	0.004034	-0.024297	-0.000228
1763641970.978424	-0.330070	0.008572	-0.001383	0.009355	0.021297	0.065604	-0.012388	-0.020897	-0.009699
1763641970.986908	-0.330368	0.008459	-0.001416	0.008095	0.021501	0.065259	-0.009500	-0.027404	-0.010843
1763641970.997792	-0.330368	0.008459	-0.001416	0.008095	0.021501	0.065259	-0.008858	-0.013624	0.004593
1763641971.008328	-0.330634	0.008329	-0.001397	0.007241	0.021552	0.064825	0.000633	-0.008950	0.009835
1763641971.017270	-0.330867	0.008181	-0.001438	0.005810	0.021541	0.064073	0.000153	-0.013321	0.011007
1763641971.027992	-0.330867	0.008181	-0.001438	0.005810	0.021541	0.064073	0.003002	-0.007056	0.007208
1763641971.037234	-0.331192	0.007955	-0.001368	0.004882	0.021607	0.063857	-0.000695	-0.017545	0.002176
1763641971.048030	-0.331496	0.007836	-0.001396	0.005011	0.021889	0.063785	-0.008774	-0.024446	-0.016764
1763641971.057516	-0.331496	0.007836	-0.001396	0.005011	0.021889	0.063785	-0.008774	-0.024446	-0.016764
1763641971.067668	-0.331767	0.007740	-0.001382	0.005418	0.022252	0.063210	-0.011469	-0.014883	0.000499
1763641971.077570	-0.331767	0.007740	-0.001382	0.005418	0.022252	0.063210	-0.011491	-0.008740	0.001122
1763641971.088650	-0.331977	0.007616	-0.001345	0.006401	0.022109	0.063024	0.007291	-0.009364	0.008731
1763641971.097156	-0.332238	0.007497	-0.001271	0.006931	0.022423	0.062651	0.008838	-0.007418	0.021239
1763641971.108536	-0.332238	0.007497	-0.001271	0.006931	0.022423	0.062651	0.003996	-0.010022	0.014237
1763641971.117881	-0.332498	0.007373	-0.001249	0.008621	0.022348	0.062994	-0.006791	-0.022476	0.004179
1763641971.127033	-0.332498	0.007373	-0.001249	0.008621	0.022348	0.062994	-0.006791	-0.022476	0.004179
1763641971.137837	-0.332712	0.007271	-0.001210	0.008248	0.022634	0.063104	-0.011097	-0.020314	-0.000529
1763641971.147831	-0.333008	0.007175	-0.001110	0.008649	0.022117	0.062371	-0.004258	-0.009235	0.009120
1763641971.157150	-0.333008	0.007175	-0.001110	0.008649	0.022117	0.062371	-0.004258	-0.009235	0.009120
1763641971.167747	-0.333241	0.007091	-0.001010	0.008722	0.021887	0.062319	-0.002299	-0.006978	0.013657
1763641971.177212	-0.333241	0.007091	-0.001010	0.008722	0.021887	0.062319	-0.002299	-0.006978	0.013657
1763641971.189058	-0.333499	0.007026	-0.000880	0.008715	0.021230	0.062014	0.006095	-0.014411	0.003412
1763641971.198987	-0.333727	0.006896	-0.000778	0.008872	0.020350	0.061006	-0.015468	-0.021289	-0.012707
1763641971.208657	-0.333727	0.006896	-0.000778	0.008872	0.020350	0.061006	-0.007922	-0.019508	-0.010253
1763641971.218374	-0.334025	0.006777	-0.000683	0.007493	0.020143	0.060619	-0.003588	-0.005726	0.004628
1763641971.228311	-0.334025	0.006777	-0.000683	0.007493	0.020143	0.060619	0.005775	-0.007093	0.008675
1763641971.237547	-0.334313	0.006700	-0.000655	0.006964	0.020109	0.060625	0.005775	-0.007093	0.008675
1763641971.248513	-0.334585	0.006644	-0.000673	0.006589	0.020554	0.060347	0.008509	-0.004466	0.005194
1763641971.257782	-0.334585	0.006644	-0.000673	0.006589	0.020554	0.060347	0.001266	-0.016280	-0.002142
1763641971.267804	-0.334861	0.006591	-0.000703	0.006808	0.020902	0.059691	-0.008238	-0.020094	-0.014742
1763641971.277184	-0.334861	0.006591	-0.000703	0.006808	0.020902	0.059691	-0.008238	-0.020094	-0.014742
1763641971.287423	-0.335154	0.006519	-0.000724	0.007683	0.020464	0.059442	-0.005250	-0.014770	-0.009948
1763641971.297687	-0.335405	0.006465	-0.000718	0.007389	0.020435	0.059002	-0.015917	-0.007604	-0.001460
1763641971.307508	-0.335405	0.006465	-0.000718	0.007389	0.020435	0.059002	-0.013828	-0.001689	-0.001535
1763641971.317746	-0.335649	0.006467	-0.000784	0.005958	0.020139	0.058898	0.002561	0.001739	0.009045
1763641971.328254	-0.335649	0.006467	-0.000784	0.005958	0.020139	0.058898	-0.000817	-0.001898	0.006608
1763641971.337351	-0.335945	0.006495	-0.000796	0.005844	0.020174	0.058688	-0.000817	-0.001898	0.006608
1763641971.348582	-0.336218	0.006443	-0.000831	0.006504	0.020470	0.058354	0.005019	-0.006003	0.002795
1763641971.357833	-0.336218	0.006443	-0.000831	0.006504	0.020470	0.058354	-0.013056	-0.010570	-0.006152
1763641971.367140	-0.336492	0.006429	-0.000741	0.005521	0.021715	0.057587	-0.013056	-0.010570	-0.006152
1763641971.377596	-0.336492	0.006429	-0.000741	0.005521	0.021715	0.057587	-0.002984	-0.010286	-0.005480
1763641971.388025	-0.336786	0.006419	-0.000674	0.004688	0.022222	0.057140	-0.004509	0.003512	0.010303
1763641971.397357	-0.337039	0.006465	-0.000659	0.005470	0.021760	0.057015	0.001598	0.007995	0.018321
1763641971.408867	-0.337039	0.006465	-0.000659	0.005470	0.021760	0.057015	0.004869	0.002505	0.015024
1763641971.417963	-0.337317	0.006546	-0.000591	0.005250	0.021912	0.056531	0.001913	-0.001242	0.004538
1763641971.426957	-0.337317	0.006546	-0.000591	0.005250	0.021912	0.056531	0.001913	-0.001242	0.004538
1763641971.437043	-0.337573	0.006652	-0.000556	0.004820	0.021551	0.056343	-0.016064	-0.007508	-0.007690
1763641971.448160	-0.337887	0.006763	-0.000505	0.005192	0.021135	0.056226	-0.012472	-0.004506	-0.012552
1763641971.457528	-0.337887	0.006763	-0.000505	0.005192	0.021135	0.056226	-0.008411	0.000274	-0.003121
1763641971.467170	-0.338177	0.006868	-0.000500	0.005441	0.020828	0.055777	-0.014164	0.006281	0.000996
1763641971.477017	-0.338177	0.006868	-0.000500	0.005441	0.020828	0.055777	0.002091	0.009491	0.003662
1763641971.488177	-0.338456	0.007004	-0.000433	0.005480	0.020555	0.055725	0.001499	0.010106	0.014157
1763641971.498069	-0.338681	0.007143	-0.000309	0.006246	0.020617	0.055401	-0.006611	0.012227	0.009436
1763641971.508571	-0.338681	0.007143	-0.000309	0.006246	0.020617	0.055401	-0.001130	-0.002556	-0.004241
1763641971.517715	-0.338939	0.007307	-0.000304	0.005215	0.021413	0.055256	-0.011145	-0.005403	-0.005832
1763641971.527045	-0.338939	0.007307	-0.000304	0.005215	0.021413	0.055256	-0.015935	0.002169	-0.011491
1763641971.537099	-0.339287	0.007416	-0.000265	0.005670	0.020286	0.055213	-0.020597	-0.000060	-0.010967
1763641971.546999	-0.339593	0.007540	-0.000351	0.007013	0.020257	0.055111	-0.009526	0.014308	-0.003317
1763641971.556991	-0.339593	0.007540	-0.000351	0.007013	0.020257	0.055111	-0.002125	0.013742	0.003345
1763641971.568707	-0.339965	0.007645	-0.000451	0.008547	0.019847	0.054931	-0.010078	0.012877	-0.000908
1763641971.578156	-0.339965	0.007645	-0.000451	0.008547	0.019847	0.054931	-0.004234	0.008717	-0.012930
1763641971.588740	-0.340322	0.007870	-0.000570	0.008824	0.020400	0.054636	-0.020441	-0.000608	-0.026161
1763641971.597953	-0.340646	0.008046	-0.000728	0.007820	0.020786	0.054411	-0.020441	-0.000608	-0.026161
1763641971.608068	-0.340646	0.008046	-0.000728	0.007820	0.020786	0.054411	-0.015627	-0.003142	-0.025876
1763641971.617597	-0.340893	0.008306	-0.000824	0.007420	0.021377	0.054154	-0.017592	0.010915	-0.010140
1763641971.627934	-0.340893	0.008306	-0.000824	0.007420	0.021377	0.054154	-0.017012	0.016787	-0.002017
1763641971.637093	-0.341184	0.008533	-0.000893	0.007082	0.021278	0.053943	-0.012123	0.017200	0.002823
1763641971.647159	-0.341533	0.008832	-0.000921	0.006418	0.021503	0.054526	-0.005614	0.019933	0.011280
1763641971.657158	-0.341533	0.008832	-0.000921	0.006418	0.021503	0.054526	-0.007222	0.019488	0.012841
1763641971.667740	-0.341849	0.009114	-0.000919	0.006579	0.021463	0.055018	-0.005361	0.011997	0.008067
1763641971.677659	-0.341849	0.009114	-0.000919	0.006579	0.021463	0.055018	0.000929	0.002202	-0.000625
1763641971.689037	-0.342206	0.009353	-0.000829	0.006709	0.021760	0.054588	-0.017349	0.003952	0.002657
1763641971.697115	-0.342593	0.009580	-0.000670	0.007613	0.021560	0.054392	-0.021802	0.006934	-0.005993
1763641971.707569	-0.342593	0.009580	-0.000670	0.007613	0.021560	0.054392	-0.016412	0.001811	-0.005154
1763641971.718109	-0.342930	0.009810	-0.000468	0.007825	0.021690	0.054243	-0.017186	0.017619	0.007172
1763641971.727502	-0.342930	0.009810	-0.000468	0.007825	0.021690	0.054243	-0.011441	0.021755	0.011166
1763641971.736978	-0.343240	0.010071	-0.000340	0.007333	0.022229	0.054143	-0.009807	0.017693	0.012007
1763641971.747130	-0.343583	0.010404	-0.000225	0.007079	0.023003	0.053563	-0.006629	0.020798	0.007300
1763641971.758257	-0.343583	0.010404	-0.000225	0.007079	0.023003	0.053563	-0.024072	0.006709	-0.010946
1763641971.768037	-0.343956	0.010639	-0.000133	0.007344	0.023201	0.053121	-0.021032	0.007964	-0.015871
1763641971.779395	-0.343956	0.010639	-0.000133	0.007344	0.023201	0.053121	-0.023587	0.010387	-0.004946
1763641971.788628	-0.344304	0.010930	-0.000096	0.007300	0.022928	0.053134	-0.023587	0.010387	-0.004946
1763641971.797924	-0.344648	0.011242	-0.000035	0.008500	0.022605	0.053108	-0.006582	0.022219	0.007123
1763641971.808117	-0.344648	0.011242	-0.000035	0.008500	0.022605	0.053108	-0.006582	0.022219	0.007123
1763641971.817344	-0.345051	0.011516	-0.000041	0.008770	0.022563	0.052688	-0.007709	0.028825	0.015783
1763641971.828475	-0.345051	0.011516	-0.000041	0.008770	0.022563	0.052688	-0.011018	0.022335	0.008001
1763641971.839030	-0.345440	0.011789	-0.000011	0.010822	0.022380	0.052730	-0.003547	0.012592	0.003521
1763641971.848666	-0.345840	0.012056	0.000077	0.011964	0.021677	0.052620	-0.024786	0.006108	-0.004315
1763641971.857531	-0.345840	0.012056	0.000077	0.011964	0.021677	0.052620	-0.024786	0.006108	-0.004315
1763641971.867121	-0.346260	0.012334	0.000154	0.012948	0.022017	0.052625	-0.025089	0.007639	-0.011349
1763641971.877309	-0.346260	0.012334	0.000154	0.012948	0.022017	0.052625	-0.021283	0.010751	-0.002048
1763641971.889182	-0.346581	0.012636	0.000295	0.013853	0.022776	0.052440	-0.026773	0.020325	0.010214
1763641971.897758	-0.346905	0.012971	0.000494	0.014352	0.023002	0.052275	-0.010121	0.020985	0.016397
1763641971.907139	-0.346905	0.012971	0.000494	0.014352	0.023002	0.052275	-0.010121	0.020985	0.016397
1763641971.917407	-0.347238	0.013231	0.000696	0.015530	0.023376	0.052057	-0.015484	0.023442	0.012360
1763641971.927768	-0.347238	0.013231	0.000696	0.015530	0.023376	0.052057	-0.012419	0.005005	-0.000144
1763641971.937484	-0.347604	0.013530	0.000888	0.016230	0.023675	0.051690	-0.019817	0.002134	-0.005837
1763641971.947544	-0.347941	0.013755	0.001065	0.016279	0.023301	0.052198	-0.023135	0.008968	-0.009840
1763641971.956914	-0.347941	0.013755	0.001065	0.016279	0.023301	0.052198	-0.028057	0.007839	-0.008235
1763641971.967979	-0.348377	0.013978	0.001118	0.015773	0.023785	0.051758	-0.012219	0.019014	-0.002784
1763641971.977765	-0.348377	0.013978	0.001118	0.015773	0.023785	0.051758	-0.016932	0.017550	-0.005506
1763641971.990686	-0.348667	0.014181	0.001140	0.015462	0.024053	0.051734	-0.006088	0.008428	-0.016126
1763641971.999061	-0.349053	0.014463	0.001107	0.015717	0.024343	0.051458	-0.006088	0.008428	-0.016126
1763641972.007189	-0.349053	0.014463	0.001107	0.015717	0.024343	0.051458	-0.016432	0.004044	-0.017236
1763641972.017653	-0.349376	0.014721	0.001029	0.014804	0.025139	0.050886	-0.018755	0.002116	-0.022529
1763641972.027695	-0.349376	0.014721	0.001029	0.014804	0.025139	0.050886	-0.018755	0.002116	-0.022529
1763641972.036676	-0.349661	0.014884	0.000930	0.013818	0.025657	0.050339	-0.005429	0.015951	-0.003915
1763641972.047320	-0.349970	0.015034	0.000861	0.012521	0.025828	0.050517	-0.000823	0.012475	0.002828
1763641972.056756	-0.349970	0.015034	0.000861	0.012521	0.025828	0.050517	-0.001449	0.019101	0.007564
1763641972.068156	-0.350281	0.015308	0.000753	0.012160	0.025943	0.050030	-0.008979	0.017276	0.006200
1763641972.078191	-0.350281	0.015308	0.000753	0.012160	0.025943	0.050030	-0.007756	0.004731	-0.003077
1763641972.088081	-0.350552	0.015489	0.000710	0.012493	0.026141	0.049977	-0.006924	-0.000015	-0.011594
1763641972.098036	-0.350860	0.015692	0.000734	0.013423	0.026364	0.050303	-0.014454	0.004608	-0.009618
1763641972.109045	-0.350860	0.015692	0.000734	0.013423	0.026364	0.050303	-0.014454	0.004608	-0.009618
1763641972.117398	-0.351189	0.015937	0.000733	0.013846	0.025972	0.050290	-0.017973	0.008506	-0.006993
1763641972.127070	-0.351189	0.015937	0.000733	0.013846	0.025972	0.050290	-0.017973	0.008506	-0.006993
1763641972.137481	-0.351428	0.016092	0.000811	0.014292	0.025873	0.049983	0.001282	0.017183	0.013350
1763641972.147551	-0.351617	0.016198	0.000886	0.012980	0.026382	0.049987	-0.004331	0.014799	0.009393
1763641972.159834	-0.351617	0.016198	0.000886	0.012980	0.026382	0.049987	-0.004331	0.014799	0.009393
1763641972.167119	-0.351815	0.016403	0.001006	0.011609	0.026921	0.049130	0.005834	0.009977	0.002530
1763641972.177922	-0.351815	0.016403	0.001006	0.011609	0.026921	0.049130	-0.008067	-0.000541	-0.015829
1763641972.187394	-0.351991	0.016628	0.001134	0.013108	0.027196	0.048907	-0.008067	-0.000541	-0.015829
1763641972.196946	-0.352219	0.016827	0.001202	0.013832	0.026342	0.048741	-0.011894	0.014309	-0.001415
1763641972.209024	-0.352219	0.016827	0.001202	0.013832	0.026342	0.048741	0.003753	0.010874	-0.003937
1763641972.217356	-0.352444	0.017026	0.001221	0.014182	0.025726	0.048572	0.003753	0.010874	-0.003937
1763641972.227323	-0.352444	0.017026	0.001221	0.014182	0.025726	0.048572	0.003644	0.015195	0.001462
1763641972.238453	-0.352649	0.017208	0.001193	0.013390	0.025585	0.048106	-0.000591	-0.001231	-0.019545
1763641972.247841	-0.352803	0.017327	0.001148	0.012682	0.026050	0.047870	-0.006496	0.000013	-0.027200
1763641972.258932	-0.352803	0.017327	0.001148	0.012682	0.026050	0.047870	-0.006496	0.000013	-0.027200
1763641972.268012	-0.352965	0.017481	0.001057	0.012683	0.025380	0.047906	-0.015997	0.005388	-0.020296
1763641972.277287	-0.352965	0.017481	0.001057	0.012683	0.025380	0.047906	-0.015997	0.005388	-0.020296
1763641972.287598	-0.353090	0.017592	0.000979	0.012786	0.024858	0.047694	-0.004964	0.011232	-0.012140
1763641972.297694	-0.353090	0.017592	0.000979	0.012786	0.024858	0.047694	0.005046	0.019219	0.002181
1763641972.308251	-0.353198	0.017705	0.000854	0.011678	0.025338	0.047425	0.011884	0.016208	0.005354
1763641972.317645	-0.353348	0.017851	0.000744	0.011435	0.025573	0.047305	0.009027	0.012112	0.009580
1763641972.327147	-0.353348	0.017851	0.000744	0.011435	0.025573	0.047305	0.009040	0.018264	0.009580
1763641972.337218	-0.353527	0.018087	0.000766	0.011640	0.025531	0.046755	0.003659	0.012093	0.007090
1763641972.347492	-0.353680	0.018258	0.000778	0.011955	0.024932	0.046835	0.003659	0.012093	0.007090
1763641972.359671	-0.353680	0.018258	0.000778	0.011955	0.024932	0.046835	-0.001509	0.001598	-0.008499
1763641972.368468	-0.353753	0.018469	0.000906	0.011976	0.024398	0.046686	-0.001486	0.004500	-0.004675
1763641972.376990	-0.353753	0.018469	0.000906	0.011976	0.024398	0.046686	-0.010749	0.006247	-0.003850
1763641972.386917	-0.353909	0.018662	0.001062	0.012515	0.023708	0.046799	-0.006360	0.013556	-0.002044
1763641972.397104	-0.354012	0.018828	0.001175	0.013444	0.022857	0.047028	0.008469	0.018118	0.012324
1763641972.407016	-0.354012	0.018828	0.001175	0.013444	0.022857	0.047028	0.010119	0.015148	0.011985
1763641972.418377	-0.354108	0.019003	0.001284	0.013673	0.022727	0.047139	0.008267	0.012600	0.003979
1763641972.429114	-0.354108	0.019003	0.001284	0.013673	0.022727	0.047139	0.010612	0.011933	0.001968
1763641972.438063	-0.354230	0.019167	0.001414	0.012848	0.022601	0.047117	-0.000194	0.002903	-0.006032
1763641972.448554	-0.354351	0.019370	0.001505	0.011436	0.022870	0.046163	-0.004172	0.001409	-0.016269
1763641972.457926	-0.354351	0.019370	0.001505	0.011436	0.022870	0.046163	-0.002648	0.009149	-0.010108
1763641972.469009	-0.354435	0.019587	0.001505	0.011336	0.022830	0.045726	-0.006382	0.017595	-0.000135
1763641972.477271	-0.354435	0.019587	0.001505	0.011336	0.022830	0.045726	0.010672	0.016766	-0.002572
1763641972.486931	-0.354535	0.019755	0.001559	0.011727	0.022715	0.045564	0.010757	0.018652	0.001216
1763641972.497700	-0.354629	0.019912	0.001482	0.010681	0.022956	0.044750	0.002787	0.001971	-0.022040
1763641972.508300	-0.354629	0.019912	0.001482	0.010681	0.022956	0.044750	-0.003602	0.001923	-0.025627
1763641972.518545	-0.354678	0.020156	0.001439	0.012282	0.023182	0.045001	-0.003602	0.001923	-0.025627
1763641972.529341	-0.354678	0.020156	0.001439	0.012282	0.023182	0.045001	-0.013091	0.007667	-0.020023
1763641972.538363	-0.354715	0.020355	0.001304	0.012770	0.023197	0.045227	-0.002703	0.017621	-0.012601
1763641972.548460	-0.354794	0.020572	0.001153	0.012758	0.022969	0.045042	0.010311	0.021614	0.001747
1763641972.557673	-0.354794	0.020572	0.001153	0.012758	0.022969	0.045042	0.010311	0.021614	0.001747
1763641972.567771	-0.354852	0.020783	0.001055	0.012082	0.023308	0.044705	0.011520	0.019614	0.010012
1763641972.578169	-0.354852	0.020783	0.001055	0.012082	0.023308	0.044705	0.015729	0.016642	0.006051
1763641972.588159	-0.354911	0.021047	0.001061	0.011979	0.023828	0.044158	0.013890	0.019337	0.007590
1763641972.597372	-0.354918	0.021200	0.001120	0.011481	0.023994	0.043651	0.005950	0.013888	0.003768
1763641972.607085	-0.354918	0.021200	0.001120	0.011481	0.023994	0.043651	-0.004778	0.004462	-0.008726
1763641972.617211	-0.354974	0.021409	0.001217	0.012607	0.023894	0.043330	-0.004778	0.004462	-0.008726
1763641972.629854	-0.354974	0.021409	0.001217	0.012607	0.023894	0.043330	0.003306	0.008703	-0.003426
1763641972.639039	-0.355066	0.021625	0.001337	0.011229	0.024284	0.042871	-0.008763	0.014931	-0.004030
1763641972.647060	-0.355066	0.021625	0.001337	0.011229	0.024284	0.042871	0.003909	0.023426	0.000775
1763641972.656963	-0.355145	0.021811	0.001390	0.011796	0.024218	0.042456	0.012325	0.022206	0.009863
1763641972.666982	-0.355200	0.022042	0.001469	0.010044	0.024960	0.041922	0.008312	0.020263	0.005289
1763641972.677949	-0.355200	0.022042	0.001469	0.010044	0.024960	0.041922	0.015415	0.012246	-0.006908
1763641972.689806	-0.355205	0.022261	0.001558	0.010290	0.025228	0.041679	0.005902	0.009998	-0.005091
1763641972.697958	-0.355261	0.022467	0.001593	0.009892	0.025204	0.041903	0.005902	0.009998	-0.005091
1763641972.707504	-0.355261	0.022467	0.001593	0.009892	0.025204	0.041903	0.001815	0.003614	-0.020687
1763641972.719146	-0.355251	0.022704	0.001602	0.011320	0.024904	0.041841	0.001367	0.021785	-0.010079
1763641972.728077	-0.355251	0.022704	0.001602	0.011320	0.024904	0.041841	0.010564	0.020308	-0.003748
1763641972.739889	-0.355309	0.022948	0.001445	0.012477	0.023939	0.041748	0.015578	0.016256	-0.003290
1763641972.747812	-0.355332	0.023147	0.001355	0.012202	0.023857	0.041466	0.016195	0.019831	-0.011959
1763641972.757836	-0.355332	0.023147	0.001355	0.012202	0.023857	0.041466	-0.002716	0.005703	-0.030440
1763641972.767013	-0.355359	0.023308	0.001191	0.013512	0.023603	0.041495	-0.002716	0.005703	-0.030440
1763641972.777913	-0.355359	0.023308	0.001191	0.013512	0.023603	0.041495	-0.000636	0.007022	-0.023955
1763641972.787686	-0.355345	0.023530	0.000918	0.014761	0.022999	0.041703	-0.000636	0.007022	-0.023955
1763641972.798713	-0.355314	0.023737	0.000686	0.015204	0.021975	0.041351	-0.004089	0.011152	-0.023407
1763641972.808196	-0.355314	0.023737	0.000686	0.015204	0.021975	0.041351	0.016449	0.025042	-0.002716
1763641972.817718	-0.355344	0.023950	0.000466	0.015941	0.022071	0.041185	0.013715	0.018883	0.006034
1763641972.828021	-0.355344	0.023950	0.000466	0.015941	0.022071	0.041185	0.010042	0.015580	0.005226
1763641972.837286	-0.355337	0.024151	0.000307	0.015313	0.022546	0.040795	0.010042	0.015580	0.005226
1763641972.847709	-0.355324	0.024333	0.000294	0.015315	0.022744	0.040509	0.019293	0.015726	0.004825
1763641972.859193	-0.355324	0.024333	0.000294	0.015315	0.022744	0.040509	0.005187	0.002779	-0.002554
1763641972.868603	-0.355333	0.024513	0.000360	0.014917	0.022613	0.040254	0.005362	0.003929	-0.004109
1763641972.877986	-0.355333	0.024513	0.000360	0.014917	0.022613	0.040254	0.004209	0.009292	0.003811
1763641972.886950	-0.355347	0.024675	0.000530	0.014964	0.022354	0.040096	0.004209	0.009292	0.003811
1763641972.897005	-0.355287	0.024862	0.000789	0.014248	0.022472	0.039888	0.003521	0.006747	-0.000382
1763641972.907372	-0.355287	0.024862	0.000789	0.014248	0.022472	0.039888	0.013188	0.016900	0.007264
1763641972.919063	-0.355189	0.025020	0.001036	0.012785	0.023057	0.039762	0.020745	0.022414	0.013114
1763641972.927931	-0.355189	0.025020	0.001036	0.012785	0.023057	0.039762	0.011203	0.018685	0.010652
1763641972.937251	-0.355175	0.025168	0.001202	0.012853	0.023338	0.039567	0.022415	0.012250	-0.001518
1763641972.947508	-0.355157	0.025333	0.001368	0.013698	0.023783	0.039241	0.021087	0.003003	-0.006416
1763641972.958225	-0.355157	0.025333	0.001368	0.013698	0.023783	0.039241	0.007933	0.000606	-0.021135
1763641972.970617	-0.355136	0.025439	0.001431	0.014507	0.024149	0.039316	0.010949	0.008814	-0.007842
1763641972.978423	-0.355136	0.025439	0.001431	0.014507	0.024149	0.039316	0.016818	0.018560	-0.000186
1763641972.988139	-0.355109	0.025590	0.001477	0.015052	0.024240	0.039046	0.016818	0.018560	-0.000186
1763641972.998219	-0.355089	0.025754	0.001413	0.013029	0.024336	0.038530	0.017680	0.014873	0.001781
1763641973.008996	-0.355089	0.025754	0.001413	0.013029	0.024336	0.038530	0.021909	0.020094	0.004412
1763641973.017535	-0.355053	0.025839	0.001339	0.012182	0.024443	0.038156	0.020522	0.016540	-0.002263
1763641973.027725	-0.355053	0.025839	0.001339	0.012182	0.024443	0.038156	0.016456	0.003855	-0.013067
1763641973.037065	-0.354950	0.025928	0.001244	0.012417	0.024573	0.038023	0.009609	0.002762	-0.023840
1763641973.047834	-0.354859	0.026020	0.001084	0.012233	0.023695	0.037883	0.005911	0.005893	-0.021133
1763641973.056913	-0.354859	0.026020	0.001084	0.012233	0.023695	0.037883	0.008385	0.003701	-0.022537
1763641973.068125	-0.354807	0.026140	0.000919	0.012062	0.023380	0.038001	0.012629	0.006548	-0.017541
1763641973.077783	-0.354807	0.026140	0.000919	0.012062	0.023380	0.038001	0.017338	0.018285	-0.000644
1763641973.088025	-0.354787	0.026329	0.000796	0.011379	0.023484	0.038358	0.017783	0.022165	0.004362
1763641973.097292	-0.354749	0.026442	0.000704	0.010255	0.023648	0.038387	0.015010	0.017212	0.007464
1763641973.108159	-0.354749	0.026442	0.000704	0.010255	0.023648	0.038387	0.022421	0.018929	0.010163
1763641973.119281	-0.354667	0.026575	0.000710	0.010964	0.023513	0.038339	0.023481	0.010773	0.005073
1763641973.128857	-0.354667	0.026575	0.000710	0.010964	0.023513	0.038339	0.021467	0.001064	-0.005916
1763641973.137081	-0.354579	0.026704	0.000728	0.011860	0.022683	0.038434	0.021467	0.001064	-0.005916
1763641973.146988	-0.354513	0.026798	0.000776	0.012697	0.022301	0.037980	0.008609	0.003075	-0.005452
1763641973.157786	-0.354513	0.026798	0.000776	0.012697	0.022301	0.037980	0.009144	0.001320	-0.013271
1763641973.168124	-0.354452	0.026886	0.000829	0.012759	0.022033	0.037808	0.006794	0.016614	-0.002649
1763641973.178469	-0.354452	0.026886	0.000829	0.012759	0.022033	0.037808	0.014526	0.018873	0.003325
1763641973.189356	-0.354409	0.026987	0.000826	0.013265	0.021445	0.037668	0.019329	0.013188	0.004703
1763641973.198136	-0.354384	0.027089	0.000869	0.012745	0.021265	0.037362	0.023449	0.019158	0.004001
1763641973.208174	-0.354384	0.027089	0.000869	0.012745	0.021265	0.037362	0.023449	0.019158	0.004001
1763641973.217310	-0.354298	0.027237	0.000840	0.012838	0.020934	0.037301	0.015923	0.018500	0.003517
1763641973.228990	-0.354298	0.027237	0.000840	0.012838	0.020934	0.037301	0.014868	-0.000275	-0.016469
1763641973.237434	-0.354251	0.027335	0.000820	0.012899	0.020512	0.037462	0.014868	-0.000275	-0.016469
1763641973.247125	-0.354188	0.027435	0.000833	0.012859	0.020442	0.037736	0.003733	0.005229	-0.017178
1763641973.257067	-0.354188	0.027435	0.000833	0.012859	0.020442	0.037736	0.003980	0.002521	-0.020225
1763641973.268005	-0.354180	0.027541	0.000794	0.013304	0.020110	0.037373	0.016252	0.020911	-0.004647
1763641973.277839	-0.354180	0.027541	0.000794	0.013304	0.020110	0.037373	0.015665	0.018022	-0.004538
1763641973.288513	-0.354201	0.027660	0.000640	0.013094	0.020462	0.037480	0.015665	0.018022	-0.004538
1763641973.297089	-0.354202	0.027772	0.000475	0.012867	0.020325	0.037139	0.017812	0.016012	-0.003884
1763641973.307527	-0.354202	0.027772	0.000475	0.012867	0.020325	0.037139	0.017812	0.016012	-0.003884
1763641973.317330	-0.354225	0.027873	0.000358	0.012749	0.020270	0.036817	0.018206	0.006250	-0.009651
1763641973.326978	-0.354225	0.027873	0.000358	0.012749	0.020270	0.036817	0.007389	0.000136	-0.018970
1763641973.337429	-0.354229	0.027938	0.000296	0.013153	0.020010	0.036615	0.006203	0.002421	-0.021110
1763641973.348487	-0.354229	0.027938	0.000296	0.013153	0.020010	0.036615	0.002958	0.001581	-0.016167
1763641973.356924	-0.354266	0.028049	0.000222	0.012717	0.019710	0.036433	0.001777	0.012294	-0.006779
1763641973.368174	-0.354281	0.028177	0.000149	0.012903	0.019343	0.036349	0.001777	0.012294	-0.006779
1763641973.377940	-0.354281	0.028177	0.000149	0.012903	0.019343	0.036349	0.015454	0.015463	0.001944
1763641973.390263	-0.354360	0.028290	0.000105	0.012663	0.019258	0.036163	0.015454	0.015463	0.001944
1763641973.399285	-0.354409	0.028350	0.000101	0.012661	0.019421	0.035957	0.022435	0.017758	0.010099
1763641973.408352	-0.354409	0.028350	0.000101	0.012661	0.019421	0.035957	0.022435	0.017758	0.010099
1763641973.417467	-0.354449	0.028417	0.000101	0.012772	0.019516	0.035915	0.010911	0.001224	-0.003907
1763641973.428185	-0.354449	0.028417	0.000101	0.012772	0.019516	0.035915	0.006952	-0.002222	-0.006679
1763641973.437656	-0.354502	0.028505	0.000146	0.013455	0.019780	0.035910	0.001098	-0.000562	-0.009433
1763641973.447818	-0.354584	0.028578	0.000217	0.014938	0.019441	0.036065	0.001098	-0.000562	-0.009433
1763641973.457812	-0.354584	0.028578	0.000217	0.014938	0.019441	0.036065	-0.000889	-0.000061	-0.012511
1763641973.467577	-0.354739	0.028702	0.000251	0.015686	0.019807	0.036221	-0.000889	-0.000061	-0.012511
1763641973.477201	-0.354739	0.028702	0.000251	0.015686	0.019807	0.036221	0.000799	0.001382	-0.000052
1763641973.487805	-0.354817	0.028836	0.000362	0.015153	0.020144	0.036209	0.005454	0.015994	0.013998
1763641973.497968	-0.354817	0.028836	0.000362	0.015153	0.020144	0.036209	0.013178	0.013028	0.017178
1763641973.513821	-0.354924	0.028908	0.000597	0.014758	0.020979	0.036078	0.010649	0.017949	0.028653
1763641973.520204	-0.354923	0.029007	0.000956	0.013008	0.022095	0.036179	0.010649	0.017949	0.028653
1763641973.527647	-0.354923	0.029007	0.000956	0.013008	0.022095	0.036179	0.010649	0.017949	0.028653
1763641973.537196	-0.354958	0.029103	0.001277	0.012878	0.022997	0.036591	0.018146	0.000104	0.010390
1763641973.547406	-0.355009	0.029273	0.001618	0.013257	0.023483	0.036667	0.001941	0.002232	0.006734
1763641973.557330	-0.355009	0.029273	0.001618	0.013257	0.023483	0.036667	-0.003717	0.001601	-0.005265
1763641973.567256	-0.355073	0.029329	0.001899	0.012581	0.023773	0.037175	0.003266	0.000019	-0.000877
1763641973.577238	-0.355073	0.029329	0.001899	0.012581	0.023773	0.037175	0.009085	0.016723	0.011222
1763641973.587110	-0.355149	0.029402	0.002125	0.012831	0.023616	0.037632	0.009085	0.016723	0.011222
1763641973.596652	-0.355201	0.029462	0.002321	0.012418	0.023604	0.037792	0.016243	0.012173	0.014898
1763641973.606753	-0.355201	0.029462	0.002321	0.012418	0.023604	0.037792	0.021506	0.012598	0.007500
1763641973.618649	-0.355284	0.029512	0.002509	0.011245	0.023896	0.037788	0.010334	0.005765	0.001078
1763641973.626777	-0.355284	0.029512	0.002509	0.011245	0.023896	0.037788	0.004241	-0.001552	-0.011560
1763641973.636664	-0.355379	0.029595	0.002633	0.011475	0.024171	0.038064	0.004039	-0.002951	-0.015432
1763641973.646822	-0.355468	0.029712	0.002646	0.010964	0.024461	0.038146	0.004039	-0.002951	-0.015432
1763641973.657318	-0.355468	0.029712	0.002646	0.010964	0.024461	0.038146	-0.002670	0.004938	-0.015337
1763641973.668889	-0.355577	0.029809	0.002640	0.011107	0.024404	0.037956	0.015000	0.013033	-0.004934
1763641973.677684	-0.355577	0.029809	0.002640	0.011107	0.024404	0.037956	0.014034	0.014862	-0.000860
