时间(s)	位置x(m)	位置y(m)	位置z(m)	欧拉角roll(rad)	欧拉角pitch(rad)	欧拉角yaw(rad)	速度x(m/s)	速度y(m/s)	速度z(m/s)
1763707537.246212	-0.501434	-0.025960	1.309301	0.000915	0.011036	0.002402	0.005217	0.000049	-0.015395
1763707537.276601	-0.498196	-0.026112	1.307129	0.002093	0.008987	0.002461	0.002571	0.010276	-0.019147
1763707537.301662	-0.497613	-0.026057	1.306652	0.000504	0.008629	0.001762	0.001357	0.003132	-0.028310
1763707537.334785	-0.497325	-0.025977	1.306288	-0.001555	0.008510	0.004400	0.020430	0.006585	-0.043297
1763707537.366052	-0.496830	-0.025991	1.304724	-0.006441	0.008857	0.013144	0.011106	0.009485	-0.116325
1763707537.388247	-0.496213	-0.025931	1.300954	-0.009936	0.008587	0.025189	0.002599	0.019855	-0.234381
1763707537.423886	-0.495855	-0.025891	1.298099	-0.011550	0.008451	0.031581	0.014440	0.022972	-0.252748
1763707537.452420	-0.494839	-0.025733	1.284618	-0.019127	0.009252	0.051407	0.010041	0.029029	-0.359550
1763707537.484858	-0.494522	-0.025609	1.278683	-0.021968	0.010275	0.059184	0.010322	0.042459	-0.420884
1763707537.510806	-0.493863	-0.025201	1.265202	-0.025792	0.011572	0.075551	0.007385	0.057374	-0.450572
1763707537.536327	-0.493346	-0.024536	1.250471	-0.027598	0.010757	0.092948	0.003331	0.061006	-0.458102
1763707537.567023	-0.493053	-0.024174	1.242932	-0.028300	0.010298	0.102489	0.019256	0.078686	-0.412047
1763707537.590753	-0.492461	-0.023121	1.228724	-0.026167	0.008485	0.122224	-0.003011	0.078182	-0.355628
1763707537.641920	-0.491533	-0.020757	1.211179	-0.022859	0.006604	0.151796	0.012395	0.087411	-0.216421
1763707537.680575	-0.491305	-0.019802	1.206876	-0.019730	0.006561	0.161705	0.001743	0.092403	-0.158454
1763707537.702291	-0.490523	-0.016163	1.198416	-0.014892	0.007703	0.188781	0.009321	0.101486	-0.049121
1763707537.736291	-0.490311	-0.014833	1.197210	-0.013622	0.009214	0.198128	0.007752	0.113811	0.016114
1763707537.758064	-0.489886	-0.011926	1.196674	-0.010597	0.011732	0.214918	0.023246	0.116966	0.063498
1763707537.787503	-0.489359	-0.008737	1.198175	-0.005083	0.012751	0.232889	0.013839	0.107810	0.075828
1763707537.819139	-0.489176	-0.007184	1.199448	-0.003637	0.014442	0.241710	0.011166	0.107734	0.081694
1763707537.850128	-0.488663	-0.003940	1.202825	0.001915	0.017129	0.257960	0.028027	0.108052	0.102359
1763707537.878547	-0.488020	-0.000497	1.206656	0.005470	0.019005	0.274678	0.037609	0.113853	0.108113
1763707537.903113	-0.487264	0.002861	1.210518	0.007182	0.020995	0.291221	0.036052	0.104133	0.085475
1763707537.926548	-0.486845	0.004667	1.212387	0.008661	0.021999	0.299509	0.039337	0.102454	0.086787
1763707537.960936	-0.485897	0.007963	1.216163	0.011397	0.023283	0.316296	0.038948	0.099951	0.077697
1763707537.993051	-0.485380	0.009662	1.217888	0.013022	0.023296	0.324585	0.043230	0.095909	0.063273
1763707538.018511	-0.483562	0.014717	1.222427	0.016619	0.023168	0.348785	0.052591	0.090028	0.052940
1763707538.052314	-0.482947	0.016338	1.223894	0.015541	0.023167	0.356897	0.073163	0.096147	0.072326
1763707538.076921	-0.481402	0.019555	1.226527	0.016043	0.022294	0.372942	0.071000	0.088977	0.059269
1763707538.110133	-0.479750	0.022683	1.228757	0.018806	0.021624	0.388481	0.061342	0.076253	0.036986
1763707538.142948	-0.478952	0.024250	1.229873	0.018403	0.021856	0.395374	0.092254	0.080501	0.066260
1763707538.167720	-0.477122	0.027275	1.231885	0.019867	0.020897	0.408476	0.085984	0.064022	0.048807
1763707538.202218	-0.475073	0.030185	1.234031	0.020534	0.019262	0.422758	0.097771	0.075462	0.076643
1763707538.228482	-0.472963	0.032937	1.236345	0.023216	0.017494	0.437580	0.100109	0.068621	0.079733
1763707538.262802	-0.470443	0.035623	1.238854	0.025633	0.014828	0.452692	0.092785	0.041970	0.065290
1763707538.301065	-0.469345	0.036816	1.240293	0.027497	0.012762	0.458882	0.108441	0.039186	0.076684
1763707538.327327	-0.465518	0.040407	1.244426	0.027636	0.009870	0.479294	0.100077	0.038686	0.074789
1763707538.363224	-0.462889	0.042478	1.246880	0.027731	0.006663	0.491612	0.084128	0.021826	0.053328
1763707538.386330	-0.460278	0.044359	1.249124	0.027389	0.004982	0.503402	0.100173	0.025651	0.078013
1763707538.421992	-0.458876	0.045333	1.250231	0.027949	0.003787	0.509898	0.090763	0.012417	0.065902
1763707538.451528	-0.456125	0.046853	1.252418	0.026839	0.001737	0.521803	0.097227	-0.007889	0.054020
1763707538.477563	-0.453319	0.048220	1.254500	0.026754	-0.000256	0.533731	0.099230	0.001177	0.062582
1763707538.504419	-0.450617	0.049361	1.256323	0.026049	-0.002579	0.544939	0.089151	-0.014842	0.039441
1763707538.533882	-0.449252	0.049805	1.257113	0.025985	-0.003157	0.550033	0.093330	-0.008849	0.053372
1763707538.564250	-0.446517	0.050628	1.258460	0.024523	-0.004376	0.560460	0.073182	-0.026352	0.030789
1763707538.591119	-0.443919	0.051153	1.259594	0.022815	-0.005518	0.570782	0.076081	-0.036321	0.033747
1763707538.623964	-0.442597	0.051292	1.260138	0.024415	-0.006490	0.575766	0.083768	-0.028944	0.049616
1763707538.647289	-0.440042	0.051541	1.261184	0.023865	-0.007650	0.586760	0.065209	-0.049981	0.020797
1763707538.677769	-0.437368	0.051507	1.262196	0.022174	-0.007686	0.596850	0.068276	-0.048592	0.031319
1763707538.704853	-0.434990	0.051253	1.263146	0.019941	-0.008545	0.606489	0.050826	-0.044732	0.030005
1763707538.737139	-0.433780	0.051069	1.263566	0.017551	-0.008949	0.610615	0.041607	-0.061610	0.015403
1763707538.764230	-0.431475	0.050426	1.264265	0.018438	-0.009832	0.619478	0.059095	-0.054981	0.035726
1763707538.797808	-0.429345	0.049598	1.264922	0.019142	-0.010609	0.628186	0.024948	-0.075979	0.012993
1763707538.821869	-0.427342	0.048571	1.265705	0.016098	-0.009954	0.637377	0.031604	-0.073658	0.031960
1763707538.853801	-0.426354	0.048060	1.266071	0.016131	-0.011226	0.641931	0.028575	-0.078882	0.024167
1763707538.888028	-0.424525	0.046824	1.266960	0.012180	-0.011636	0.650716	0.032116	-0.079349	0.027305
1763707538.910860	-0.422740	0.045341	1.267874	0.010385	-0.011618	0.658426	0.021342	-0.070838	0.035938
1763707538.934131	-0.421979	0.044661	1.268162	0.008906	-0.010955	0.661627	0.000046	-0.083963	0.013254
1763707538.963083	-0.420612	0.043032	1.268776	0.006614	-0.010256	0.668903	0.011212	-0.074463	0.030320
1763707538.988738	-0.419351	0.041263	1.269540	0.006002	-0.010032	0.675856	-0.013976	-0.084628	0.015021
1763707539.028545	-0.418780	0.040290	1.269991	0.005154	-0.009157	0.679916	-0.002673	-0.067621	0.035837
1763707539.054038	-0.417243	0.037524	1.270944	0.005234	-0.007537	0.691049	-0.001854	-0.071870	0.037370
1763707539.084370	-0.416743	0.036503	1.271228	0.002899	-0.006671	0.694292	-0.027457	-0.075608	0.007143
1763707539.119589	-0.416030	0.034530	1.271706	0.003041	-0.006016	0.701509	-0.014068	-0.073880	0.018162
1763707539.141638	-0.415540	0.032530	1.271998	0.002325	-0.004430	0.707415	-0.020554	-0.066777	0.010444
1763707539.175776	-0.415379	0.031528	1.272058	0.000038	-0.003200	0.709869	-0.044914	-0.072513	-0.003421
1763707539.199966	-0.414872	0.028517	1.272168	0.000156	-0.000150	0.718670	-0.019169	-0.063522	0.028921
1763707539.232107	-0.414788	0.027562	1.272263	0.000742	0.000592	0.721248	-0.042940	-0.078220	0.005441
1763707539.257758	-0.414763	0.025410	1.272635	0.002290	0.000689	0.727112	-0.037565	-0.057255	0.029071
1763707539.287332	-0.414683	0.024444	1.272811	0.002864	0.001156	0.730608	-0.038619	-0.057717	0.027330
1763707539.313076	-0.414811	0.022357	1.273196	0.001086	0.002110	0.736748	-0.049107	-0.067504	0.014736
1763707539.350459	-0.414900	0.021390	1.273505	0.000211	0.002398	0.739438	-0.053467	-0.053638	0.030778
1763707539.379055	-0.415261	0.018367	1.274290	-0.000698	0.002875	0.748861	-0.056297	-0.059585	0.011260
1763707539.408327	-0.415595	0.016519	1.274565	-0.001777	0.004302	0.753099	-0.049525	-0.061867	0.000478
1763707539.445757	-0.416124	0.014587	1.274617	-0.005757	0.005558	0.758654	-0.046261	-0.050164	0.019960
1763707539.470018	-0.416616	0.012643	1.274511	-0.004397	0.006149	0.763369	-0.050461	-0.050217	0.005063
1763707539.504030	-0.416948	0.011802	1.274579	-0.001521	0.005984	0.765683	-0.054964	-0.045547	0.017896
1763707539.527130	-0.417594	0.010127	1.274671	0.000176	0.006856	0.770530	-0.043036	-0.041610	0.031804
1763707539.558700	-0.418197	0.008301	1.274998	-0.000358	0.007623	0.776891	-0.065484	-0.051147	0.007927
1763707539.598858	-0.418871	0.006697	1.275452	-0.001743	0.009279	0.782278	-0.058355	-0.029303	0.037837
1763707539.624359	-0.419721	0.005212	1.275989	-0.002443	0.011162	0.787774	-0.060433	-0.045957	0.015206
1763707539.652178	-0.420096	0.004414	1.276287	-0.003339	0.011462	0.790686	-0.048112	-0.043028	0.015575
1763707539.673931	-0.420887	0.003028	1.276767	-0.004823	0.012921	0.795091	-0.045868	-0.027738	0.012164
1763707539.707801	-0.421751	0.001682	1.276932	-0.003494	0.013734	0.797993	-0.053242	-0.033247	-0.005911
1763707539.734022	-0.422217	0.000990	1.276899	-0.003528	0.014220	0.800212	-0.038648	-0.024708	0.011030
1763707539.768368	-0.423196	-0.000034	1.276894	-0.003342	0.014098	0.804447	-0.073232	-0.029892	-0.003618
1763707539.793008	-0.424072	-0.001130	1.277003	-0.001805	0.014170	0.807967	-0.051824	-0.023157	0.011115
1763707539.828038	-0.424968	-0.002044	1.277381	-0.002170	0.014703	0.812711	-0.060930	-0.020846	0.012119
1763707539.859834	-0.425858	-0.002920	1.277842	-0.002522	0.014746	0.817747	-0.053161	-0.024370	0.012694
1763707539.884417	-0.426698	-0.003665	1.278429	-0.000598	0.015269	0.822118	-0.040626	-0.007478	0.037176
1763707539.914235	-0.427103	-0.003982	1.278774	0.000308	0.015415	0.823630	-0.048163	-0.009012	0.015098
1763707539.945506	-0.427976	-0.004475	1.279529	-0.002195	0.017736	0.828166	-0.034857	-0.002243	0.020292
1763707539.978137	-0.428710	-0.004879	1.279849	-0.000505	0.017992	0.830540	-0.020498	0.001915	0.019265
1763707540.004333	-0.429635	-0.005311	1.280150	-0.000145	0.018357	0.833811	-0.046802	-0.006581	0.001151
1763707540.036362	-0.430014	-0.005456	1.280239	0.000768	0.018239	0.835310	-0.021905	0.004265	0.024887
1763707540.058527	-0.430754	-0.005658	1.280428	0.002972	0.016734	0.838635	-0.033448	0.008893	0.020030
1763707540.092533	-0.431026	-0.005725	1.280519	0.002482	0.016715	0.839893	-0.019238	0.015375	0.028566
1763707540.117158	-0.431629	-0.005731	1.280838	0.004867	0.016977	0.844232	-0.019544	0.012351	0.020915
1763707540.146558	-0.432247	-0.005799	1.281247	0.006266	0.015919	0.848544	-0.032319	-0.002584	0.006132
1763707540.171898	-0.432802	-0.005856	1.281781	0.005439	0.015442	0.852034	-0.019652	0.012848	0.029325
1763707540.204544	-0.433055	-0.005859	1.282064	0.004878	0.015675	0.854138	-0.023639	-0.003733	0.001033
1763707540.231605	-0.433434	-0.005726	1.282623	0.010070	0.014512	0.857206	-0.023783	-0.002905	0.005593
1763707540.263474	-0.433774	-0.005577	1.282911	0.011553	0.013761	0.860740	-0.024959	0.014805	0.012244
1763707540.288024	-0.434045	-0.005480	1.283129	0.011564	0.013214	0.864046	-0.021041	0.005671	-0.004631
1763707540.315301	-0.434145	-0.005427	1.283134	0.011659	0.012591	0.865358	-0.003880	0.011697	0.007304
1763707540.349472	-0.434276	-0.005314	1.282985	0.012290	0.012919	0.867486	-0.022957	0.007489	-0.005765
1763707540.375444	-0.434319	-0.005173	1.282766	0.011577	0.013488	0.870184	-0.016834	0.002787	0.003678
1763707540.406143	-0.434372	-0.005072	1.282628	0.009031	0.013213	0.873300	-0.005870	-0.000384	-0.003201
1763707540.433521	-0.434382	-0.005024	1.282676	0.008432	0.012897	0.874930	-0.017944	-0.002425	-0.000752
1763707540.461479	-0.434306	-0.004831	1.283158	0.012411	0.011989	0.877343	0.003490	0.013776	0.028208
1763707540.491838	-0.434198	-0.004798	1.283486	0.010696	0.012023	0.880775	-0.009837	0.003453	0.018291
1763707540.523388	-0.434165	-0.004705	1.283789	0.010917	0.011333	0.882326	0.008619	0.007185	0.040607
1763707540.551685	-0.433797	-0.004560	1.284719	0.006182	0.009427	0.887218	-0.000629	0.000802	0.017327
1763707540.579101	-0.433702	-0.004505	1.284995	0.005313	0.009358	0.888151	0.002189	-0.004765	0.006832
1763707540.602153	-0.433426	-0.004383	1.285575	0.005241	0.009698	0.890048	0.017282	0.009697	0.019570
1763707540.634678	-0.433280	-0.004342	1.285687	0.005796	0.008927	0.891540	-0.007652	-0.000262	-0.004796
1763707540.659505	-0.432979	-0.004150	1.285904	0.006836	0.008234	0.893982	0.016573	0.009771	0.021013
1763707540.690597	-0.432794	-0.004089	1.285955	0.006859	0.007963	0.895201	-0.002584	-0.002199	0.006985
1763707540.717234	-0.432409	-0.003937	1.286265	0.008173	0.006641	0.897461	0.016411	0.011058	0.027273
1763707540.748851	-0.431970	-0.003887	1.286521	0.009491	0.005617	0.900192	0.001854	0.001817	0.007067
1763707540.776491	-0.431622	-0.003958	1.286793	0.010647	0.005194	0.902190	0.001137	-0.007817	0.004384
1763707540.807930	-0.431118	-0.003980	1.287217	0.009855	0.004825	0.904419	0.005722	0.000682	0.017308
1763707540.834610	-0.430671	-0.004089	1.287568	0.010052	0.004495	0.906277	-0.002861	0.003928	0.010889
1763707540.863755	-0.430514	-0.004199	1.287649	0.010158	0.004555	0.907405	0.012712	-0.012528	0.005603
1763707540.897422	-0.430082	-0.004468	1.287673	0.010107	0.004062	0.909367	-0.001590	-0.003453	0.004163
1763707540.923565	-0.429556	-0.004769	1.287611	0.009905	0.004363	0.911426	-0.003479	-0.021347	-0.006218
1763707540.955715	-0.429047	-0.005173	1.287619	0.014204	0.003097	0.913241	0.006885	-0.017129	0.002498
1763707540.977636	-0.428460	-0.005669	1.287673	0.015545	0.002673	0.915178	-0.002683	-0.019307	-0.003215
1763707541.006408	-0.428144	-0.005990	1.287716	0.014840	0.002836	0.916548	0.000351	-0.027286	0.002932
1763707541.034149	-0.427818	-0.006337	1.287854	0.014896	0.003278	0.918005	0.004074	-0.012228	0.020791
1763707541.069444	-0.427165	-0.006953	1.287954	0.011462	0.002695	0.919727	0.002574	-0.027157	0.004148
1763707541.105032	-0.426505	-0.007812	1.288165	0.007336	0.003450	0.922378	0.003372	-0.020225	0.007130
1763707541.133678	-0.425919	-0.008676	1.288191	0.005941	0.003320	0.924058	0.014111	-0.022194	0.017800
1763707541.166025	-0.425348	-0.009494	1.288073	0.002857	0.003409	0.925866	-0.002840	-0.026955	-0.011396
1763707541.191036	-0.424760	-0.010380	1.288061	0.003385	0.003460	0.926274	0.010998	-0.013507	0.013789
1763707541.219005	-0.424495	-0.010892	1.287997	0.004955	0.003254	0.926887	-0.016451	-0.026825	-0.005229
1763707541.245401	-0.423983	-0.011733	1.287967	0.006248	0.002037	0.928375	-0.008044	-0.018231	0.012780
1763707541.280616	-0.423377	-0.012883	1.287950	0.003560	0.001475	0.931135	-0.008309	-0.017845	0.014634
1763707541.310649	-0.422947	-0.013771	1.288194	0.003236	0.000680	0.933532	-0.014248	-0.029952	0.004088
1763707541.336460	-0.422573	-0.014884	1.288587	0.001785	0.002086	0.936295	-0.009060	-0.026840	0.016556
1763707541.377085	-0.422363	-0.015455	1.288825	0.000654	0.002749	0.937702	-0.013664	-0.022534	0.002637
1763707541.408621	-0.421894	-0.016964	1.289260	0.000673	0.003849	0.940931	-0.005232	-0.028392	0.000075
1763707541.443294	-0.421811	-0.017575	1.289294	0.000148	0.003463	0.941374	-0.010815	-0.015282	0.008660
1763707541.466021	-0.421613	-0.019341	1.289191	0.003803	0.003778	0.942844	-0.008110	-0.013842	0.002349
1763707541.495578	-0.421605	-0.019849	1.289215	0.003449	0.003946	0.943694	-0.032724	-0.022630	-0.019127
1763707541.517380	-0.421537	-0.021004	1.288898	0.006930	0.003700	0.944738	-0.010087	-0.010808	0.008448
1763707541.544126	-0.421522	-0.021640	1.288782	0.008536	0.003897	0.945209	-0.032331	-0.024333	-0.021188
1763707541.576142	-0.421492	-0.022111	1.288612	0.006170	0.003908	0.946401	-0.012828	-0.006254	0.008810
1763707541.606730	-0.421586	-0.023832	1.288429	0.001702	0.006083	0.950201	-0.032393	-0.021027	-0.009456
1763707541.643643	-0.421551	-0.024398	1.288418	-0.000597	0.006350	0.950891	-0.027051	-0.014102	0.008424
1763707541.665620	-0.421730	-0.025976	1.288759	-0.000793	0.008189	0.954302	-0.014977	-0.008640	0.015677
1763707541.697960	-0.421891	-0.026605	1.288839	0.000003	0.008593	0.954783	-0.033575	-0.013899	-0.010018
1763707541.722549	-0.422160	-0.027483	1.288987	0.000127	0.008796	0.956137	-0.018173	-0.014710	0.002835
1763707541.753895	-0.422331	-0.027974	1.289046	-0.000975	0.009003	0.956502	-0.032574	-0.009598	-0.013024
1763707541.779856	-0.422689	-0.028905	1.289119	-0.003090	0.008929	0.957592	-0.017932	-0.005264	0.001169
1763707541.808614	-0.423022	-0.029746	1.289110	-0.001988	0.009078	0.958699	-0.018655	-0.001654	0.009812
1763707541.838850	-0.423336	-0.030192	1.289246	0.000440	0.009409	0.958927	-0.032631	-0.012793	-0.000173
1763707541.867192	-0.423723	-0.031012	1.289298	0.000230	0.008865	0.960617	-0.025445	0.004713	0.011443
1763707541.891881	-0.424180	-0.031838	1.289653	0.002794	0.007770	0.962612	-0.034376	-0.004048	0.014382
1763707541.920653	-0.424499	-0.032226	1.290140	0.001391	0.008035	0.962917	-0.019481	0.011789	0.041259
1763707541.956431	-0.425018	-0.032920	1.291100	0.001539	0.009241	0.964735	-0.031375	-0.003452	0.011186
1763707541.984787	-0.425932	-0.033925	1.292478	0.003855	0.009866	0.968302	-0.019078	0.010515	0.033999
1763707542.018600	-0.426235	-0.034275	1.292927	0.004754	0.009606	0.968991	-0.018514	0.010686	0.028934
1763707542.059394	-0.426803	-0.034845	1.293456	0.003989	0.009686	0.970108	-0.028533	0.008320	-0.005186
1763707542.087343	-0.427443	-0.035443	1.293480	0.003425	0.010680	0.971585	-0.039754	0.009093	-0.023272
1763707542.120101	-0.428232	-0.036141	1.293455	0.005324	0.011544	0.972165	-0.027454	0.004195	-0.017024
1763707542.143012	-0.428910	-0.036503	1.292969	0.007263	0.011416	0.973101	-0.008512	0.018427	-0.002563
1763707542.178071	-0.429281	-0.036761	1.292708	0.007725	0.012128	0.973793	-0.027919	0.003211	-0.019683
1763707542.206485	-0.430127	-0.037464	1.292247	0.007502	0.013085	0.976200	-0.011728	0.022657	0.009292
1763707542.233182	-0.430325	-0.037623	1.292171	0.006551	0.013706	0.976978	-0.018763	0.016659	-0.002281
1763707542.266430	-0.430955	-0.038002	1.292161	0.004957	0.012692	0.980198	-0.011088	0.019590	0.017309
1763707542.296487	-0.431582	-0.038177	1.292249	0.005559	0.012796	0.981813	-0.019713	0.023008	0.012760
1763707542.328839	-0.432284	-0.038377	1.292384	0.005848	0.011850	0.982350	-0.023207	0.011920	-0.010049
1763707542.352121	-0.432862	-0.038609	1.292233	0.007093	0.011801	0.982248	-0.003601	0.024378	-0.002116
1763707542.386038	-0.433115	-0.038753	1.292107	0.007277	0.011612	0.982353	-0.028298	0.010962	-0.023505
1763707542.409182	-0.433718	-0.038972	1.291866	0.006368	0.011200	0.984019	-0.023666	0.012208	-0.012076
1763707542.434697	-0.434326	-0.039039	1.291668	0.007532	0.010934	0.985044	-0.016579	0.022102	-0.003760
1763707542.460778	-0.434550	-0.039107	1.291489	0.005074	0.010873	0.985981	-0.016395	0.012835	-0.010248
1763707542.497273	-0.435157	-0.039171	1.291622	0.008579	0.010811	0.987146	-0.006430	0.028477	0.016654
1763707542.518666	-0.435691	-0.039164	1.291680	0.008897	0.011357	0.987987	-0.014564	0.022474	0.004387
1763707542.551983	-0.435902	-0.039164	1.291750	0.007571	0.011595	0.988631	0.002798	0.019922	0.017780
1763707542.579011	-0.436417	-0.039118	1.292027	0.008336	0.011015	0.989308	-0.017724	0.019873	0.002827
1763707542.610274	-0.436934	-0.038958	1.292292	0.006873	0.010949	0.989371	-0.011267	0.016736	0.001487
1763707542.640678	-0.437226	-0.038969	1.292389	0.007592	0.010511	0.989693	-0.004958	0.024611	0.004149
1763707542.703962	-0.438027	-0.038771	1.292801	0.006405	0.009695	0.992435	0.002570	0.030727	0.027286
1763707542.728497	-0.438559	-0.038625	1.293443	0.009848	0.009539	0.993476	-0.007526	0.024031	0.019931
1763707542.755349	-0.438875	-0.038617	1.294004	0.011647	0.008072	0.995192	-0.007900	0.023422	0.022003
1763707542.783517	-0.439107	-0.038582	1.294345	0.010185	0.008024	0.995365	-0.016414	0.026628	0.018241
1763707542.807959	-0.439498	-0.038507	1.295040	0.010590	0.006717	0.996720	-0.004308	0.012782	-0.001122
1763707542.839309	-0.439728	-0.038477	1.295275	0.009303	0.006779	0.996998	-0.009983	0.021163	0.008025
1763707542.875872	-0.440259	-0.038443	1.295636	0.010475	0.005606	0.998481	-0.014958	0.015373	-0.007332
1763707542.902776	-0.440901	-0.038403	1.295723	0.011314	0.006374	0.999661	-0.021614	0.010355	-0.019855
1763707542.933420	-0.441050	-0.038413	1.295743	0.011631	0.006527	1.000271	0.000692	0.022783	0.012131
1763707542.958586	-0.441362	-0.038320	1.295934	0.011325	0.007410	1.001582	-0.019808	0.007915	-0.017826
1763707542.988957	-0.441620	-0.038274	1.295910	0.006071	0.008312	1.003188	-0.002383	0.021747	0.000710
1763707543.019660	-0.441747	-0.038237	1.295872	0.004449	0.008637	1.003810	-0.013607	0.020592	-0.008003
1763707543.048011	-0.442188	-0.038240	1.295824	0.004365	0.008165	1.004513	-0.002118	0.013556	-0.009933
1763707543.074568	-0.442748	-0.038164	1.295662	0.006456	0.008376	1.005303	0.002735	0.023336	-0.005127
1763707543.077892	-1.342954	-0.038132	0.395413	0.007204	0.007752	1.005401	-0.030767	0.006909	-0.029024
1763707543.087392	-1.343136	-0.038102	0.395158	0.007204	0.007752	1.005401	-0.015416	0.008506	-0.024206
1763707543.097387	-1.343307	-0.038072	0.394997	0.007744	0.008004	1.005495	-0.000541	0.022706	-0.006684
1763707543.107328	-1.343307	-0.038072	0.394997	0.007744	0.008004	1.005495	-0.002690	0.028518	0.015180
1763707543.118704	-1.343500	-0.038119	0.394874	0.007000	0.008388	1.005992	-0.028830	0.016708	0.036914
1763707543.128206	-1.343665	-0.038013	0.395381	0.004860	0.018664	1.005717	-0.031627	0.014445	0.058713
1763707543.137520	-1.343665	-0.038013	0.395381	0.004860	0.018664	1.005717	0.000923	0.009908	0.079922
1763707543.148216	-1.343572	-0.037436	0.397222	0.008572	0.048346	1.004135	-0.014621	0.005724	0.085853
1763707543.157535	-1.343572	-0.037436	0.397222	0.008572	0.048346	1.004135	-0.010845	-0.001114	0.087291
1763707543.167688	-1.343210	-0.036650	0.399367	0.009633	0.079964	1.001339	0.006262	0.018936	0.104953
1763707543.179120	-1.342984	-0.035647	0.401808	0.013728	0.110441	0.998940	0.037205	0.015922	0.083065
1763707543.187802	-1.342984	-0.035647	0.401808	0.013728	0.110441	0.998940	0.045546	0.015005	0.040701
1763707543.198837	-1.342559	-0.034347	0.404227	0.016235	0.142092	0.996259	0.069157	0.016821	0.023157
1763707543.207356	-1.341844	-0.032967	0.406015	0.017655	0.174000	0.993838	0.069157	0.016821	0.023157
1763707543.219166	-1.341844	-0.032967	0.406015	0.017655	0.174000	0.993838	0.084842	0.021275	-0.023233
1763707543.229158	-1.341062	-0.031263	0.406941	0.017989	0.203129	0.990701	0.108764	0.014359	-0.061822
1763707543.238007	-1.341062	-0.031263	0.406941	0.017989	0.203129	0.990701	0.130698	0.020418	-0.103432
1763707543.247788	-1.340146	-0.029415	0.406664	0.015862	0.229370	0.987504	0.154949	0.025989	-0.149160
1763707543.259024	-1.340146	-0.029415	0.406664	0.015862	0.229370	0.987504	0.180219	0.020592	-0.197019
1763707543.267755	-1.339094	-0.027361	0.404996	0.014953	0.252140	0.983827	0.211580	0.023655	-0.240722
1763707543.278462	-1.337982	-0.025056	0.402081	0.019888	0.271544	0.979954	0.236860	0.030594	-0.293042
1763707543.287787	-1.337982	-0.025056	0.402081	0.019888	0.271544	0.979954	0.268539	0.033508	-0.343595
1763707543.298934	-1.336592	-0.022485	0.397370	0.017409	0.289430	0.975431	0.297987	0.031822	-0.395947
1763707543.308557	-1.336592	-0.022485	0.397370	0.017409	0.289430	0.975431	0.347926	0.041069	-0.471396
1763707543.318874	-1.334965	-0.019708	0.390978	0.016103	0.305627	0.971988	0.377396	0.038751	-0.527902
1763707543.329691	-1.333297	-0.016669	0.382936	0.013563	0.317672	0.967914	0.377396	0.038751	-0.527902
1763707543.338297	-1.333297	-0.016669	0.382936	0.013563	0.317672	0.967914	0.444226	0.043823	-0.636945
1763707543.347765	-1.331469	-0.013513	0.373099	0.010676	0.327156	0.964022	0.478428	0.050963	-0.691682
1763707543.357710	-1.331469	-0.013513	0.373099	0.010676	0.327156	0.964022	0.509164	0.054407	-0.748917
1763707543.367741	-1.329632	-0.010181	0.361539	0.009102	0.335256	0.960177	0.544847	0.058698	-0.804222
1763707543.377968	-1.327697	-0.006650	0.348109	0.006868	0.340842	0.956862	0.575835	0.061912	-0.863241
1763707543.390533	-1.327697	-0.006650	0.348109	0.006868	0.340842	0.956862	0.641127	0.073383	-0.979721
1763707543.398374	-1.325527	-0.003000	0.332829	0.003966	0.342842	0.952671	0.641127	0.073383	-0.979721
1763707543.408439	-1.325527	-0.003000	0.332829	0.003966	0.342842	0.952671	0.701627	0.079524	-1.100111
1763707543.418520	-1.323328	0.000881	0.315545	0.006046	0.342354	0.948162	0.701627	0.079524	-1.100111
1763707543.427673	-1.321071	0.004845	0.296473	0.004335	0.341709	0.944184	0.726899	0.085324	-1.163421
1763707543.439014	-1.321071	0.004845	0.296473	0.004335	0.341709	0.944184	0.776637	0.087411	-1.275900
1763707543.448436	-1.318607	0.009103	0.275599	0.005651	0.337357	0.940675	0.776637	0.087411	-1.275900
1763707543.458094	-1.318607	0.009103	0.275599	0.005651	0.337357	0.940675	0.809162	0.091590	-1.309168
1763707543.467981	-1.316005	0.013476	0.252869	0.004845	0.332107	0.937016	0.818288	0.101618	-1.354095
1763707543.479371	-1.313229	0.018281	0.228615	0.006094	0.325174	0.932544	0.857164	0.098821	-1.357628
1763707543.488431	-1.313229	0.018281	0.228615	0.006094	0.325174	0.932544	0.865353	0.100451	-1.383064
1763707543.499634	-1.310160	0.023446	0.203378	0.006238	0.317174	0.927688	0.887251	0.101415	-1.336907
1763707543.509140	-1.310160	0.023446	0.203378	0.006238	0.317174	0.927688	0.915874	0.095112	-1.286661
1763707543.518027	-1.306718	0.029105	0.177696	0.006288	0.308315	0.923395	0.915874	0.095112	-1.286661
1763707543.528097	-1.302850	0.035385	0.152276	0.008916	0.297969	0.919166	0.947489	0.099708	-1.230274
1763707543.538193	-1.302850	0.035385	0.152276	0.008916	0.297969	0.919166	0.956254	0.109084	-1.089726
1763707543.547605	-1.298336	0.042633	0.127801	0.008230	0.287117	0.913826	0.956254	0.109084	-1.089726
1763707543.559216	-1.298336	0.042633	0.127801	0.008230	0.287117	0.913826	1.010151	0.116968	-0.984348
1763707543.568042	-1.293174	0.050663	0.104792	0.010361	0.273939	0.908800	1.025778	0.119648	-0.811580
1763707543.578358	-1.287248	0.059777	0.083762	0.010775	0.262240	0.903794	1.043872	0.103377	-0.732929
1763707543.590635	-1.287248	0.059777	0.083762	0.010775	0.262240	0.903794	1.040971	0.129361	-0.634151
1763707543.600186	-1.280524	0.069740	0.065003	0.011983	0.249382	0.899329	1.055604	0.106324	-0.567741
1763707543.609054	-1.273046	0.080577	0.048673	0.014873	0.235165	0.894538	1.078566	0.120196	-0.486687
1763707543.617881	-1.273046	0.080577	0.048673	0.014873	0.235165	0.894538	1.078566	0.120196	-0.486687
1763707543.627930	-1.264924	0.092362	0.034716	0.016454	0.221547	0.889376	1.080486	0.121361	-0.373277
1763707543.639043	-1.264924	0.092362	0.034716	0.016454	0.221547	0.889376	1.080486	0.121361	-0.373277
1763707543.647632	-1.256072	0.104812	0.022938	0.022248	0.207740	0.883077	1.118846	0.122697	-0.324366
1763707543.660017	-1.256072	0.104812	0.022938	0.022248	0.207740	0.883077	1.145876	0.137879	-0.254926
1763707543.667835	-1.246686	0.118025	0.013246	0.026020	0.194083	0.877431	1.129285	0.133530	-0.196403
1763707543.677842	-1.236739	0.131757	0.004891	0.029344	0.180689	0.871917	1.129285	0.133530	-0.196403
1763707543.687849	-1.236739	0.131757	0.004891	0.029344	0.180689	0.871917	1.180405	0.129652	-0.141872
1763707543.698513	-1.226291	0.145904	-0.001978	0.035247	0.167698	0.866418	1.189132	0.129837	-0.122977
1763707543.711738	-1.226291	0.145904	-0.001978	0.035247	0.167698	0.866418	1.198577	0.126109	-0.096544
1763707543.719118	-1.215377	0.160501	-0.007712	0.038908	0.155534	0.861202	1.198577	0.126109	-0.096544
1763707543.730132	-1.204212	0.175284	-0.012579	0.045511	0.142074	0.855808	1.200431	0.132290	-0.091684
1763707543.738490	-1.204212	0.175284	-0.012579	0.045511	0.142074	0.855808	1.224712	0.138344	-0.089570
1763707543.748025	-1.192611	0.190342	-0.016772	0.049060	0.129781	0.849041	1.227089	0.133767	-0.081731
1763707543.758980	-1.192611	0.190342	-0.016772	0.049060	0.129781	0.849041	1.234188	0.126506	-0.092020
1763707543.768221	-1.180697	0.205506	-0.020486	0.051001	0.118813	0.843206	1.234188	0.126506	-0.092020
1763707543.780731	-1.168444	0.220891	-0.023685	0.057251	0.107679	0.837390	1.242986	0.112057	-0.094718
1763707543.788548	-1.168444	0.220891	-0.023685	0.057251	0.107679	0.837390	1.242717	0.113599	-0.102239
1763707543.798598	-1.155954	0.236230	-0.026625	0.064065	0.096915	0.831457	1.243280	0.113087	-0.109219
1763707543.808415	-1.155954	0.236230	-0.026625	0.064065	0.096915	0.831457	1.253756	0.109283	-0.099158
1763707543.817967	-1.143274	0.251750	-0.029432	0.067887	0.086750	0.825405	1.261499	0.116871	-0.095966
1763707543.828271	-1.130297	0.267140	-0.032022	0.076420	0.075922	0.818696	1.261499	0.116871	-0.095966
1763707543.838216	-1.130297	0.267140	-0.032022	0.076420	0.075922	0.818696	1.262552	0.114418	-0.078807
1763707543.847792	-1.117163	0.282492	-0.034309	0.080515	0.066778	0.813936	1.266746	0.112229	-0.080832
1763707543.859119	-1.117163	0.282492	-0.034309	0.080515	0.066778	0.813936	1.283117	0.106355	-0.064549
1763707543.867867	-1.103771	0.297870	-0.036179	0.087391	0.056673	0.807472	1.283117	0.106355	-0.064549
1763707543.877942	-1.090175	0.313137	-0.037767	0.094317	0.046483	0.801496	1.289835	0.093862	-0.047498
1763707543.888244	-1.090175	0.313137	-0.037767	0.094317	0.046483	0.801496	1.280407	0.095570	-0.039478
1763707543.898600	-1.076287	0.328155	-0.038961	0.099821	0.038257	0.796077	1.282319	0.083540	-0.024269
1763707543.908596	-1.076287	0.328155	-0.038961	0.099821	0.038257	0.796077	1.280684	0.084683	-0.027779
1763707543.918669	-1.062173	0.343039	-0.039602	0.106046	0.029683	0.790198	1.293335	0.070843	-0.007054
1763707543.929739	-1.047782	0.357725	-0.039876	0.111782	0.021088	0.784250	1.289625	0.054742	0.014074
1763707543.939134	-1.047782	0.357725	-0.039876	0.111782	0.021088	0.784250	1.280018	0.051306	0.020289
1763707543.948305	-1.033302	0.372158	-0.039625	0.116265	0.014171	0.778655	1.280018	0.051306	0.020289
1763707543.958566	-1.033302	0.372158	-0.039625	0.116265	0.014171	0.778655	1.285218	0.028793	0.029714
1763707543.968182	-1.018590	0.386234	-0.038939	0.125053	0.006829	0.772078	1.285218	0.028793	0.029714
1763707543.978469	-1.003685	0.400059	-0.037858	0.130616	-0.001271	0.765739	1.280296	0.014715	0.045640
1763707543.988184	-1.003685	0.400059	-0.037858	0.130616	-0.001271	0.765739	1.278977	0.012445	0.042639
1763707544.000171	-0.988545	0.413542	-0.036412	0.135331	-0.008404	0.760079	1.266636	-0.016904	0.045077
1763707544.008744	-0.988545	0.413542	-0.036412	0.135331	-0.008404	0.760079	1.261537	-0.029041	0.039586
1763707544.018091	-0.973263	0.426744	-0.034662	0.139839	-0.014278	0.754835	1.259606	-0.037334	0.049543
1763707544.029025	-0.957828	0.439561	-0.032686	0.143410	-0.019620	0.748868	1.253545	-0.036709	0.046368
1763707544.038188	-0.957828	0.439561	-0.032686	0.143410	-0.019620	0.748868	1.250462	-0.050497	0.055946
1763707544.048116	-0.942218	0.451980	-0.030711	0.147111	-0.026274	0.742818	1.260885	-0.050089	0.057615
1763707544.058947	-0.942218	0.451980	-0.030711	0.147111	-0.026274	0.742818	1.257428	-0.060042	0.055419
1763707544.067656	-0.926524	0.463991	-0.028569	0.149517	-0.031944	0.737701	1.245969	-0.082218	0.039453
1763707544.077612	-0.910612	0.475545	-0.026420	0.152992	-0.036820	0.732118	1.235081	-0.100384	0.028273
1763707544.087749	-0.910612	0.475545	-0.026420	0.152992	-0.036820	0.732118	1.236033	-0.104164	0.020412
1763707544.098039	-0.894684	0.486650	-0.024238	0.155322	-0.041336	0.726675	1.236033	-0.104164	0.020412
1763707544.107928	-0.894684	0.486650	-0.024238	0.155322	-0.041336	0.726675	1.232744	-0.117739	0.033352
1763707544.118138	-0.878638	0.497467	-0.022081	0.158889	-0.045723	0.720816	1.232744	-0.117739	0.033352
1763707544.129302	-0.862530	0.507794	-0.020020	0.161573	-0.051400	0.715951	1.233993	-0.133089	0.033544
1763707544.138451	-0.862530	0.507794	-0.020020	0.161573	-0.051400	0.715951	1.216449	-0.153127	0.019523
1763707544.148376	-0.846262	0.517637	-0.018066	0.164486	-0.056899	0.710459	1.202479	-0.168205	0.001253
1763707544.158307	-0.846262	0.517637	-0.018066	0.164486	-0.056899	0.710459	1.204408	-0.180486	0.004223
1763707544.169151	-0.829988	0.526998	-0.016207	0.165567	-0.061185	0.705073	1.187785	-0.187203	0.017315
1763707544.178704	-0.813575	0.535889	-0.014445	0.169476	-0.067324	0.700426	1.193174	-0.215896	0.003542
1763707544.187747	-0.813575	0.535889	-0.014445	0.169476	-0.067324	0.700426	1.168690	-0.230706	-0.013540
1763707544.199010	-0.797091	0.544415	-0.012799	0.170092	-0.071477	0.695388	1.168690	-0.230706	-0.013540
1763707544.208338	-0.780557	0.552440	-0.011374	0.170005	-0.074982	0.690444	1.162950	-0.245188	-0.026484
1763707544.218085	-0.780557	0.552440	-0.011374	0.170005	-0.074982	0.690444	1.160886	-0.251435	-0.011052
1763707544.227680	-0.763986	0.559837	-0.009905	0.170992	-0.078498	0.685203	1.154978	-0.260646	0.003123
1763707544.238175	-0.763986	0.559837	-0.009905	0.170992	-0.078498	0.685203	1.155081	-0.276374	-0.012062
1763707544.247915	-0.747406	0.566834	-0.008531	0.169725	-0.081216	0.680166	1.143992	-0.295314	-0.023326
1763707544.258383	-0.747406	0.566834	-0.008531	0.169725	-0.081216	0.680166	1.118857	-0.309692	-0.033475
1763707544.268057	-0.730786	0.573306	-0.007304	0.170446	-0.085658	0.674936	1.110911	-0.326635	-0.019113
1763707544.278511	-0.714091	0.579351	-0.006007	0.170471	-0.089380	0.671059	1.109509	-0.332257	-0.013225
1763707544.287971	-0.714091	0.579351	-0.006007	0.170471	-0.089380	0.671059	1.097375	-0.359713	-0.018433
1763707544.299154	-0.697458	0.584746	-0.004926	0.168959	-0.091862	0.666052	1.089302	-0.374621	-0.030841
1763707544.308477	-0.680952	0.589583	-0.003945	0.167668	-0.095482	0.662179	1.068134	-0.390007	-0.038784
1763707544.320423	-0.680952	0.589583	-0.003945	0.167668	-0.095482	0.662179	1.068134	-0.390007	-0.038784
1763707544.328726	-0.664192	0.593886	-0.003028	0.166072	-0.098862	0.657656	1.050451	-0.417781	-0.024834
1763707544.338090	-0.664192	0.593886	-0.003028	0.166072	-0.098862	0.657656	1.050451	-0.417781	-0.024834
1763707544.347888	-0.647591	0.597716	-0.002251	0.164761	-0.102157	0.652872	1.031816	-0.441529	-0.037869
1763707544.359430	-0.647591	0.597716	-0.002251	0.164761	-0.102157	0.652872	1.020431	-0.458994	-0.052169
1763707544.368105	-0.630990	0.601148	-0.001545	0.161771	-0.104783	0.648408	1.005739	-0.471032	-0.055905
1763707544.378575	-0.614499	0.604115	-0.000958	0.156482	-0.106961	0.643924	0.988582	-0.479053	-0.044292
1763707544.387854	-0.614499	0.604115	-0.000958	0.156482	-0.106961	0.643924	1.003006	-0.482700	-0.039667
1763707544.397789	-0.598141	0.606429	-0.000386	0.153533	-0.109002	0.639644	0.986911	-0.492517	-0.040563
1763707544.407994	-0.598141	0.606429	-0.000386	0.153533	-0.109002	0.639644	0.986911	-0.492517	-0.040563
1763707544.418505	-0.581808	0.608255	0.000092	0.150186	-0.111576	0.635369	0.956642	-0.535328	-0.061753
1763707544.429766	-0.565568	0.609541	0.000426	0.146564	-0.114330	0.632503	0.940241	-0.543905	-0.061713
1763707544.438588	-0.565568	0.609541	0.000426	0.146564	-0.114330	0.632503	0.923905	-0.554990	-0.046579
1763707544.447751	-0.549344	0.610429	0.000626	0.145143	-0.116276	0.628188	0.923905	-0.554990	-0.046579
1763707544.459162	-0.533297	0.610714	0.000830	0.141799	-0.118731	0.623965	0.918720	-0.568556	-0.031347
1763707544.468992	-0.533297	0.610714	0.000830	0.141799	-0.118731	0.623965	0.901587	-0.573508	-0.039186
1763707544.479640	-0.517393	0.610510	0.000975	0.134923	-0.120017	0.620170	0.871800	-0.614587	-0.056817
1763707544.488397	-0.517393	0.610510	0.000975	0.134923	-0.120017	0.620170	0.853743	-0.618315	-0.052189
1763707544.499168	-0.501651	0.609870	0.001239	0.130986	-0.121245	0.616118	0.841089	-0.623234	-0.049271
1763707544.508626	-0.501651	0.609870	0.001239	0.130986	-0.121245	0.616118	0.836427	-0.634570	-0.038691
1763707544.518422	-0.486013	0.608621	0.001340	0.126442	-0.123564	0.611998	0.836427	-0.634570	-0.038691
1763707544.528487	-0.470459	0.606963	0.001472	0.120972	-0.124459	0.608380	0.832377	-0.632154	-0.038366
1763707544.538667	-0.470459	0.606963	0.001472	0.120972	-0.124459	0.608380	0.816906	-0.652714	-0.040586
1763707544.548733	-0.455186	0.605009	0.001627	0.116922	-0.125641	0.604206	0.778435	-0.678826	-0.060438
1763707544.558396	-0.440080	0.602523	0.001775	0.112041	-0.126258	0.601035	0.778435	-0.678826	-0.060438
1763707544.567948	-0.440080	0.602523	0.001775	0.112041	-0.126258	0.601035	0.752537	-0.685134	-0.042082
1763707544.580953	-0.425149	0.599562	0.001838	0.106767	-0.127281	0.597492	0.749488	-0.689529	-0.041329
1763707544.589093	-0.425149	0.599562	0.001838	0.106767	-0.127281	0.597492	0.741767	-0.704546	-0.033499
1763707544.598809	-0.410455	0.596238	0.001793	0.102355	-0.128261	0.593684	0.722663	-0.712266	-0.046281
1763707544.608052	-0.410455	0.596238	0.001793	0.102355	-0.128261	0.593684	0.692972	-0.727063	-0.057994
1763707544.618645	-0.395976	0.592484	0.001842	0.096338	-0.129071	0.589445	0.692972	-0.727063	-0.057994
1763707544.627790	-0.381596	0.588326	0.001886	0.090945	-0.129324	0.586873	0.682480	-0.739351	-0.060451
1763707544.639938	-0.381596	0.588326	0.001886	0.090945	-0.129324	0.586873	0.662511	-0.735109	-0.043730
1763707544.648421	-0.367596	0.583650	0.001870	0.085522	-0.129540	0.583966	0.645515	-0.741601	-0.032502
1763707544.658453	-0.367596	0.583650	0.001870	0.085522	-0.129540	0.583966	0.649826	-0.748746	-0.035881
1763707544.668037	-0.353752	0.578694	0.001926	0.078901	-0.128830	0.580377	0.635928	-0.759923	-0.037601
1763707544.679155	-0.340222	0.573441	0.001917	0.073481	-0.128165	0.577053	0.602879	-0.771112	-0.046514
1763707544.688047	-0.340222	0.573441	0.001917	0.073481	-0.128165	0.577053	0.583668	-0.781937	-0.053921
1763707544.697846	-0.327057	0.567851	0.001841	0.069822	-0.128758	0.574144	0.583668	-0.781937	-0.053921
1763707544.707660	-0.327057	0.567851	0.001841	0.069822	-0.128758	0.574144	0.584532	-0.781213	-0.056315
1763707544.718496	-0.314038	0.561814	0.002047	0.062475	-0.127315	0.569904	0.565577	-0.771671	-0.040896
1763707544.727732	-0.301338	0.555472	0.002035	0.058921	-0.127197	0.566462	0.549983	-0.773693	-0.035940
1763707544.738297	-0.301338	0.555472	0.002035	0.058921	-0.127197	0.566462	0.549983	-0.773693	-0.035940
1763707544.748725	-0.288859	0.548843	0.002155	0.051935	-0.125739	0.563291	0.532711	-0.795859	-0.043609
1763707544.758063	-0.288859	0.548843	0.002155	0.051935	-0.125739	0.563291	0.532711	-0.795859	-0.043609
1763707544.769216	-0.276716	0.542053	0.002263	0.044311	-0.124583	0.560054	0.496211	-0.811101	-0.054248
1763707544.778066	-0.264895	0.534878	0.002215	0.041886	-0.123995	0.556311	0.496211	-0.811101	-0.054248
1763707544.788291	-0.264895	0.534878	0.002215	0.041886	-0.123995	0.556311	0.480473	-0.806053	-0.044918
1763707544.798672	-0.253332	0.527470	0.002253	0.035448	-0.122419	0.553378	0.482305	-0.797044	-0.035672
1763707544.808321	-0.242200	0.519790	0.002266	0.030641	-0.122278	0.550352	0.447716	-0.812474	-0.042839
1763707544.817634	-0.242200	0.519790	0.002266	0.030641	-0.122278	0.550352	0.447716	-0.812474	-0.042839
1763707544.827897	-0.231222	0.511917	0.002240	0.026775	-0.121645	0.547306	0.432737	-0.819055	-0.058416
1763707544.837762	-0.231222	0.511917	0.002240	0.026775	-0.121645	0.547306	0.388306	-0.810240	-0.040128
1763707544.849876	-0.220703	0.503805	0.002373	0.022076	-0.121212	0.544251	0.379852	-0.813955	-0.026081
1763707544.858058	-0.220703	0.503805	0.002373	0.022076	-0.121212	0.544251	0.379852	-0.813955	-0.026081
1763707544.868118	-0.210479	0.495590	0.002430	0.013720	-0.119495	0.541611	0.379135	-0.816268	-0.027112
1763707544.879189	-0.200588	0.487181	0.002520	0.010452	-0.118696	0.537498	0.328538	-0.826816	-0.042748
1763707544.888581	-0.200588	0.487181	0.002520	0.010452	-0.118696	0.537498	0.314628	-0.828503	-0.045455
1763707544.900228	-0.190949	0.478514	0.002676	0.005416	-0.116432	0.534037	0.314628	-0.828503	-0.045455
1763707544.908201	-0.181725	0.469693	0.002911	0.001502	-0.115066	0.530177	0.318386	-0.818589	-0.041866
1763707544.917765	-0.181725	0.469693	0.002911	0.001502	-0.115066	0.530177	0.299875	-0.809411	-0.022423
1763707544.928487	-0.172872	0.460922	0.002974	-0.005027	-0.112990	0.527506	0.283067	-0.805598	-0.026874
1763707544.937776	-0.172872	0.460922	0.002974	-0.005027	-0.112990	0.527506	0.280469	-0.819641	-0.035741
1763707544.949415	-0.164269	0.451863	0.003129	-0.010357	-0.110474	0.524151	0.262324	-0.822267	-0.044579
1763707544.958247	-0.164269	0.451863	0.003129	-0.010357	-0.110474	0.524151	0.236218	-0.814250	-0.044965
1763707544.967673	-0.156065	0.442761	0.003368	-0.012921	-0.108876	0.521097	0.226637	-0.806926	-0.030806
1763707544.979001	-0.148288	0.433617	0.003490	-0.017818	-0.107487	0.517582	0.221656	-0.798264	-0.030587
1763707544.987648	-0.148288	0.433617	0.003490	-0.017818	-0.107487	0.517582	0.221656	-0.798264	-0.030587
1763707544.997829	-0.140668	0.424271	0.003634	-0.021008	-0.105145	0.514069	0.207722	-0.809741	-0.038068
1763707545.008255	-0.140668	0.424271	0.003634	-0.021008	-0.105145	0.514069	0.175952	-0.811440	-0.051411
1763707545.018520	-0.133512	0.414971	0.003717	-0.027874	-0.101583	0.511740	0.163480	-0.807942	-0.054219
1763707545.028656	-0.126622	0.405639	0.003836	-0.030060	-0.099223	0.508647	0.156993	-0.787852	-0.025494
1763707545.039186	-0.126622	0.405639	0.003836	-0.030060	-0.099223	0.508647	0.156993	-0.787852	-0.025494
1763707545.048444	-0.120107	0.396154	0.003985	-0.031088	-0.096819	0.505157	0.139839	-0.780334	-0.029277
1763707545.058309	-0.113862	0.386614	0.004035	-0.037210	-0.094193	0.502465	0.134117	-0.792953	-0.030988
1763707545.069431	-0.113862	0.386614	0.004035	-0.037210	-0.094193	0.502465	0.098600	-0.782144	-0.043409
1763707545.078793	-0.107953	0.377216	0.004210	-0.038234	-0.090819	0.499176	0.098600	-0.782144	-0.043409
1763707545.089164	-0.107953	0.377216	0.004210	-0.038234	-0.090819	0.499176	0.087246	-0.769569	-0.029812
1763707545.098387	-0.102443	0.367695	0.004369	-0.040622	-0.088216	0.495111	0.087246	-0.769569	-0.029812
1763707545.107617	-0.097234	0.358233	0.004503	-0.041872	-0.086003	0.492260	0.079911	-0.759204	-0.030694
1763707545.118831	-0.097234	0.358233	0.004503	-0.041872	-0.086003	0.492260	0.070489	-0.767601	-0.030592
1763707545.128459	-0.092370	0.348776	0.004496	-0.044428	-0.083091	0.489293	0.044565	-0.768284	-0.046872
1763707545.139716	-0.092370	0.348776	0.004496	-0.044428	-0.083091	0.489293	0.033004	-0.761572	-0.048626
1763707545.149028	-0.087760	0.339350	0.004686	-0.046404	-0.079932	0.485983	0.028677	-0.734633	-0.021050
1763707545.159824	-0.083403	0.329924	0.004785	-0.049651	-0.077713	0.483560	0.014818	-0.732669	-0.026513
1763707545.169681	-0.083403	0.329924	0.004785	-0.049651	-0.077713	0.483560	0.004707	-0.745197	-0.036478
1763707545.179293	-0.079420	0.320584	0.004949	-0.053108	-0.073307	0.480414	0.004707	-0.745197	-0.036478
1763707545.188304	-0.079420	0.320584	0.004949	-0.053108	-0.073307	0.480414	-0.026290	-0.723742	-0.044644
1763707545.198471	-0.075807	0.311277	0.005013	-0.056258	-0.069499	0.477082	-0.026290	-0.723742	-0.044644
1763707545.207878	-0.072364	0.302041	0.005129	-0.060446	-0.066171	0.473797	-0.032665	-0.717043	-0.034325
1763707545.219373	-0.072364	0.302041	0.005129	-0.060446	-0.066171	0.473797	-0.031770	-0.699099	-0.028742
1763707545.228118	-0.069185	0.293000	0.005256	-0.062938	-0.062137	0.470521	-0.031770	-0.699099	-0.028742
1763707545.238847	-0.069185	0.293000	0.005256	-0.062938	-0.062137	0.470521	-0.071215	-0.696638	-0.044906
1763707545.248523	-0.066363	0.284064	0.005347	-0.064146	-0.058967	0.467807	-0.075338	-0.689874	-0.042395
1763707545.259574	-0.066363	0.284064	0.005347	-0.064146	-0.058967	0.467807	-0.075338	-0.689874	-0.042395
1763707545.267765	-0.063829	0.275229	0.005369	-0.064518	-0.056034	0.464520	-0.065538	-0.678179	-0.032230
1763707545.281962	-0.061530	0.266342	0.005487	-0.067026	-0.052568	0.461217	-0.079688	-0.659920	-0.020732
1763707545.288399	-0.061530	0.266342	0.005487	-0.067026	-0.052568	0.461217	-0.102244	-0.670815	-0.041578
1763707545.298542	-0.059433	0.257634	0.005581	-0.069178	-0.048945	0.458682	-0.114077	-0.658650	-0.043140
1763707545.308681	-0.059433	0.257634	0.005581	-0.069178	-0.048945	0.458682	-0.116405	-0.638319	-0.030299
1763707545.317745	-0.057620	0.249136	0.005690	-0.069613	-0.046275	0.456173	-0.116405	-0.638319	-0.030299
1763707545.327746	-0.056019	0.240814	0.005806	-0.070979	-0.044497	0.453235	-0.115097	-0.633468	-0.016360
1763707545.339864	-0.056019	0.240814	0.005806	-0.070979	-0.044497	0.453235	-0.128446	-0.624522	-0.027904
1763707545.347835	-0.054611	0.232555	0.005872	-0.074050	-0.041273	0.450272	-0.128446	-0.624522	-0.027904
1763707545.358137	-0.053543	0.224405	0.006014	-0.074355	-0.038312	0.447387	-0.145081	-0.624043	-0.037304
1763707545.367767	-0.053543	0.224405	0.006014	-0.074355	-0.038312	0.447387	-0.162084	-0.607029	-0.037731
1763707545.377898	-0.052683	0.216484	0.006121	-0.076084	-0.034670	0.443798	-0.162806	-0.593665	-0.029852
1763707545.388244	-0.052683	0.216484	0.006121	-0.076084	-0.034670	0.443798	-0.156401	-0.583895	-0.023296
1763707545.400697	-0.052068	0.208700	0.006156	-0.075360	-0.032505	0.440582	-0.170653	-0.580152	-0.031639
1763707545.408519	-0.052068	0.208700	0.006156	-0.075360	-0.032505	0.440582	-0.181644	-0.583447	-0.046396
1763707545.420134	-0.051563	0.201138	0.006141	-0.075724	-0.029994	0.438169	-0.180083	-0.551715	-0.029856
1763707545.428601	-0.051312	0.193630	0.006163	-0.075414	-0.027583	0.435034	-0.180083	-0.551715	-0.029856
1763707545.438799	-0.051312	0.193630	0.006163	-0.075414	-0.027583	0.435034	-0.180083	-0.551715	-0.029856
1763707545.448948	-0.051135	0.186391	0.006149	-0.075674	-0.024192	0.432588	-0.203439	-0.541936	-0.028938
1763707545.457777	-0.051119	0.179254	0.006150	-0.075741	-0.021440	0.429485	-0.203439	-0.541936	-0.028938
1763707545.467781	-0.051119	0.179254	0.006150	-0.075741	-0.021440	0.429485	-0.210243	-0.535232	-0.048976
1763707545.478029	-0.051367	0.172383	0.006011	-0.075480	-0.018046	0.427124	-0.217919	-0.510975	-0.027995
1763707545.487797	-0.051367	0.172383	0.006011	-0.075480	-0.018046	0.427124	-0.212150	-0.501270	-0.020697
1763707545.498510	-0.051864	0.165553	0.005959	-0.075234	-0.015459	0.424025	-0.212150	-0.501270	-0.020697
1763707545.507899	-0.051864	0.165553	0.005959	-0.075234	-0.015459	0.424025	-0.228677	-0.502150	-0.040961
1763707545.517810	-0.052455	0.159031	0.005933	-0.073226	-0.013487	0.421923	-0.234514	-0.490454	-0.045333
1763707545.527808	-0.053195	0.152728	0.005775	-0.075786	-0.008816	0.418969	-0.241180	-0.473769	-0.040501
1763707545.538105	-0.053195	0.152728	0.005775	-0.075786	-0.008816	0.418969	-0.241180	-0.473769	-0.040501
1763707545.549132	-0.054090	0.146604	0.005689	-0.073716	-0.006407	0.416228	-0.230806	-0.460081	-0.037120
1763707545.559067	-0.054090	0.146604	0.005689	-0.073716	-0.006407	0.416228	-0.230806	-0.460081	-0.037120
1763707545.567779	-0.055075	0.140584	0.005587	-0.073467	-0.002852	0.413002	-0.255424	-0.453291	-0.050523
1763707545.577784	-0.056233	0.134829	0.005440	-0.073963	0.000232	0.410153	-0.255424	-0.453291	-0.050523
1763707545.587634	-0.056233	0.134829	0.005440	-0.073963	0.000232	0.410153	-0.259148	-0.433451	-0.044111
1763707545.597621	-0.057399	0.129374	0.005143	-0.073713	0.003920	0.406328	-0.240851	-0.424219	-0.028162
1763707545.608048	-0.058692	0.123996	0.004971	-0.073045	0.006042	0.403639	-0.261078	-0.412902	-0.038290
1763707545.618995	-0.058692	0.123996	0.004971	-0.073045	0.006042	0.403639	-0.271394	-0.411896	-0.043751
1763707545.627927	-0.060118	0.118817	0.004741	-0.071318	0.008574	0.400738	-0.271394	-0.411896	-0.043751
1763707545.638097	-0.060118	0.118817	0.004741	-0.071318	0.008574	0.400738	-0.265931	-0.408318	-0.036333
1763707545.648017	-0.061649	0.113912	0.004516	-0.071693	0.011903	0.398472	-0.252114	-0.368624	-0.007289
1763707545.658261	-0.063191	0.109148	0.004433	-0.069489	0.014354	0.395902	-0.252114	-0.368624	-0.007289
1763707545.667779	-0.063191	0.109148	0.004433	-0.069489	0.014354	0.395902	-0.267413	-0.376508	-0.014794
1763707545.677710	-0.064884	0.104518	0.004419	-0.069384	0.016895	0.393747	-0.267413	-0.376508	-0.014794
1763707545.687637	-0.064884	0.104518	0.004419	-0.069384	0.016895	0.393747	-0.272496	-0.365309	-0.023660
1763707545.697615	-0.066573	0.100245	0.004466	-0.068914	0.019723	0.391058	-0.270207	-0.350613	-0.013894
1763707545.708074	-0.068342	0.096052	0.004592	-0.066025	0.021426	0.389151	-0.265822	-0.326853	0.000412
1763707545.719175	-0.068342	0.096052	0.004592	-0.066025	0.021426	0.389151	-0.265822	-0.326853	0.000412
1763707545.728572	-0.070064	0.092090	0.004775	-0.065105	0.023754	0.387009	-0.269042	-0.332693	-0.014574
1763707545.738734	-0.070064	0.092090	0.004775	-0.065105	0.023754	0.387009	-0.274150	-0.328833	-0.022752
1763707545.750368	-0.071943	0.088460	0.004923	-0.061553	0.026062	0.384655	-0.281963	-0.305966	-0.017425
1763707545.761618	-0.073799	0.084794	0.004907	-0.060576	0.028334	0.382258	-0.268430	-0.296930	-0.004031
1763707545.771012	-0.073799	0.084794	0.004907	-0.060576	0.028334	0.382258	-0.271666	-0.293359	-0.022214
1763707545.779650	-0.075718	0.081506	0.004894	-0.058988	0.029348	0.379300	-0.271666	-0.293359	-0.022214
1763707545.788913	-0.075718	0.081506	0.004894	-0.058988	0.029348	0.379300	-0.279633	-0.284930	-0.034361
1763707545.805045	-0.077657	0.078331	0.004773	-0.058565	0.031830	0.376287	-0.286665	-0.271762	-0.024985
1763707545.809183	-0.079529	0.075302	0.004600	-0.057443	0.034171	0.373748	-0.260849	-0.257388	-0.021538
1763707545.818093	-0.079529	0.075302	0.004600	-0.057443	0.034171	0.373748	-0.281109	-0.259983	-0.030592
1763707545.827916	-0.081485	0.072513	0.004402	-0.055756	0.036172	0.371678	-0.281109	-0.259983	-0.030592
1763707545.837746	-0.081485	0.072513	0.004402	-0.055756	0.036172	0.371678	-0.280874	-0.251731	-0.037851
1763707545.847283	-0.083386	0.069814	0.004048	-0.051631	0.036609	0.369096	-0.254409	-0.229162	-0.010656
1763707545.858390	-0.083386	0.069814	0.004048	-0.051631	0.036609	0.369096	-0.264703	-0.224379	-0.020004
1763707545.867480	-0.085227	0.067368	0.003684	-0.048653	0.038133	0.367136	-0.264703	-0.224379	-0.020004
1763707545.878168	-0.087188	0.064975	0.003518	-0.044631	0.038584	0.364496	-0.277063	-0.226010	-0.035215
1763707545.887631	-0.087188	0.064975	0.003518	-0.044631	0.038584	0.364496	-0.262610	-0.204325	-0.019404
1763707545.897341	-0.089127	0.062894	0.003171	-0.045394	0.040200	0.362599	-0.262610	-0.204325	-0.019404
1763707545.908431	-0.090993	0.060903	0.002927	-0.042851	0.041436	0.360823	-0.259320	-0.195906	-0.010018
1763707545.918490	-0.090993	0.060903	0.002927	-0.042851	0.041436	0.360823	-0.261476	-0.202479	-0.022614
1763707545.928075	-0.092769	0.059079	0.002729	-0.040328	0.041841	0.359020	-0.261476	-0.202479	-0.022614
1763707545.937833	-0.092769	0.059079	0.002729	-0.040328	0.041841	0.359020	-0.255944	-0.172993	-0.012712
1763707545.947625	-0.094531	0.057445	0.002476	-0.039768	0.044064	0.356678	-0.249033	-0.167994	0.001066
1763707545.957731	-0.096274	0.055861	0.002214	-0.036616	0.044195	0.355462	-0.249033	-0.167994	0.001066
1763707545.967736	-0.096274	0.055861	0.002214	-0.036616	0.044195	0.355462	-0.252558	-0.169428	-0.026990
1763707545.978634	-0.097920	0.054402	0.002029	-0.034852	0.044936	0.353278	-0.252558	-0.169428	-0.026990
1763707545.990081	-0.097920	0.054402	0.002029	-0.034852	0.044936	0.353278	-0.254403	-0.160413	-0.026182
1763707545.997667	-0.099498	0.053172	0.001895	-0.032714	0.046085	0.351336	-0.250923	-0.140369	-0.015252
1763707546.007967	-0.099498	0.053172	0.001895	-0.032714	0.046085	0.351336	-0.229827	-0.143980	-0.007389
1763707546.018670	-0.101122	0.052038	0.001552	-0.031038	0.045696	0.348602	-0.240754	-0.135929	-0.023969
1763707546.027734	-0.102622	0.051093	0.001269	-0.030816	0.046318	0.346766	-0.240754	-0.135929	-0.023969
1763707546.039131	-0.102622	0.051093	0.001269	-0.030816	0.046318	0.346766	-0.247897	-0.134280	-0.027575
1763707546.047730	-0.104124	0.050076	0.000909	-0.028819	0.048151	0.344941	-0.225829	-0.112242	-0.001811
1763707546.058090	-0.104124	0.050076	0.000909	-0.028819	0.048151	0.344941	-0.219692	-0.109637	-0.007250
1763707546.067764	-0.105533	0.049328	0.000657	-0.024600	0.047110	0.343001	-0.219692	-0.109637	-0.007250
1763707546.077763	-0.106779	0.048670	0.000533	-0.022641	0.047095	0.341003	-0.229318	-0.120131	-0.017441
1763707546.088305	-0.106779	0.048670	0.000533	-0.022641	0.047095	0.341003	-0.243844	-0.112349	-0.022537
1763707546.097844	-0.108087	0.048138	0.000264	-0.019158	0.046914	0.339289	-0.223001	-0.097915	-0.005169
1763707546.107807	-0.109237	0.047660	0.000083	-0.016136	0.046628	0.337684	-0.217422	-0.093869	0.000838
1763707546.117979	-0.109237	0.047660	0.000083	-0.016136	0.046628	0.337684	-0.223448	-0.099382	-0.015364
1763707546.127870	-0.110432	0.047282	-0.000041	-0.014454	0.047137	0.336305	-0.223448	-0.099382	-0.015364
1763707546.138290	-0.110432	0.047282	-0.000041	-0.014454	0.047137	0.336305	-0.219351	-0.097820	-0.013341
1763707546.148211	-0.111460	0.047047	-0.000139	-0.012543	0.047018	0.335017	-0.206226	-0.071045	0.008999
1763707546.158389	-0.111460	0.047047	-0.000139	-0.012543	0.047018	0.335017	-0.206226	-0.071045	0.008999
1763707546.168113	-0.112408	0.046744	-0.000210	-0.010150	0.046477	0.332917	-0.201869	-0.082945	-0.008056
1763707546.178046	-0.113295	0.046631	-0.000337	-0.007352	0.045998	0.330863	-0.201869	-0.082945	-0.008056
1763707546.188348	-0.113295	0.046631	-0.000337	-0.007352	0.045998	0.330863	-0.208273	-0.070885	-0.012575
1763707546.198231	-0.113995	0.046606	-0.000425	-0.005371	0.046334	0.329228	-0.201297	-0.066216	-0.001303
1763707546.207654	-0.113995	0.046606	-0.000425	-0.005371	0.046334	0.329228	-0.185570	-0.057586	0.006979
1763707546.218574	-0.114770	0.046558	-0.000567	-0.003970	0.046060	0.327949	-0.188783	-0.065562	-0.010809
1763707546.228024	-0.115514	0.046632	-0.000764	-0.002954	0.045644	0.325410	-0.188783	-0.065562	-0.010809
1763707546.237747	-0.115514	0.046632	-0.000764	-0.002954	0.045644	0.325410	-0.200412	-0.062954	-0.016874
1763707546.248847	-0.116116	0.046631	-0.000947	-0.001809	0.045060	0.323811	-0.164154	-0.047154	0.006645
1763707546.257845	-0.116532	0.046792	-0.001176	-0.000195	0.044313	0.321717	-0.169102	-0.046355	0.007892
1763707546.267757	-0.116532	0.046792	-0.001176	-0.000195	0.044313	0.321717	-0.179611	-0.052185	-0.004858
1763707546.278139	-0.116837	0.046965	-0.001330	0.001963	0.043403	0.320002	-0.179611	-0.052185	-0.004858
1763707546.287645	-0.116837	0.046965	-0.001330	0.001963	0.043403	0.320002	-0.179426	-0.054561	-0.010578
1763707546.298142	-0.117061	0.047221	-0.001409	0.005523	0.042421	0.318233	-0.165792	-0.048288	0.000141
1763707546.307707	-0.117261	0.047399	-0.001552	0.008285	0.041743	0.316640	-0.157807	-0.035197	0.013426
1763707546.318359	-0.117261	0.047399	-0.001552	0.008285	0.041743	0.316640	-0.158114	-0.051232	-0.001212
1763707546.327616	-0.117379	0.047572	-0.001640	0.008962	0.041274	0.315088	-0.158114	-0.051232	-0.001212
1763707546.338595	-0.117379	0.047572	-0.001640	0.008962	0.041274	0.315088	-0.162332	-0.047291	-0.007964
1763707546.351180	-0.117423	0.047869	-0.001686	0.011528	0.040182	0.313319	-0.150528	-0.028938	0.013190
1763707546.358177	-0.117449	0.048125	-0.001809	0.011880	0.039006	0.311641	-0.150528	-0.028938	0.013190
1763707546.367723	-0.117449	0.048125	-0.001809	0.011880	0.039006	0.311641	-0.142514	-0.036343	-0.002366
1763707546.377747	-0.117342	0.048399	-0.001887	0.012936	0.038004	0.309570	-0.142514	-0.036343	-0.002366
1763707546.387623	-0.117342	0.048399	-0.001887	0.012936	0.038004	0.309570	-0.144971	-0.032100	-0.003689
1763707546.397692	-0.117184	0.048651	-0.002005	0.013830	0.037056	0.307590	-0.144971	-0.032100	-0.003689
1763707546.408086	-0.117184	0.048651	-0.002005	0.013830	0.037056	0.307590	-0.123181	-0.030167	0.002791
1763707546.418624	-0.116951	0.048883	-0.002195	0.016655	0.035750	0.305894	-0.139764	-0.035452	-0.012446
1763707546.427582	-0.116703	0.049144	-0.002391	0.017526	0.034774	0.304015	-0.145514	-0.033628	-0.022514
1763707546.437684	-0.116703	0.049144	-0.002391	0.017526	0.034774	0.304015	-0.145514	-0.033628	-0.022514
1763707546.448186	-0.116337	0.049291	-0.002727	0.018110	0.034176	0.301653	-0.114557	-0.025430	0.010506
1763707546.462239	-0.115892	0.049484	-0.003006	0.018730	0.033145	0.299600	-0.114557	-0.025430	0.010506
1763707546.469383	-0.115892	0.049484	-0.003006	0.018730	0.033145	0.299600	-0.118679	-0.031301	0.002863
1763707546.477809	-0.115324	0.049666	-0.003228	0.019053	0.032468	0.297815	-0.118679	-0.031301	0.002863
1763707546.488145	-0.115324	0.049666	-0.003228	0.019053	0.032468	0.297815	-0.113880	-0.036880	0.004401
1763707546.497954	-0.114688	0.049767	-0.003308	0.021588	0.031303	0.295949	-0.113880	-0.036880	0.004401
1763707546.509786	-0.114688	0.049767	-0.003308	0.021588	0.031303	0.295949	-0.102146	-0.021704	0.032757
1763707546.519087	-0.113989	0.049849	-0.003381	0.022736	0.029537	0.294194	-0.102146	-0.021704	0.032757
1763707546.528545	-0.113330	0.049916	-0.003291	0.022197	0.027719	0.292707	-0.109382	-0.031833	0.024113
1763707546.537705	-0.113330	0.049916	-0.003291	0.022197	0.027719	0.292707	-0.101727	-0.041776	0.007593
1763707546.548544	-0.112646	0.049925	-0.003096	0.023781	0.025804	0.291559	-0.110143	-0.023986	0.025756
1763707546.557781	-0.112646	0.049925	-0.003096	0.023781	0.025804	0.291559	-0.110143	-0.023986	0.025756
1763707546.567839	-0.111848	0.049819	-0.002980	0.024499	0.024329	0.289932	-0.086394	-0.035687	0.015296
1763707546.579045	-0.110855	0.049783	-0.002838	0.024923	0.022480	0.288604	-0.086394	-0.035687	0.015296
1763707546.588163	-0.110855	0.049783	-0.002838	0.024923	0.022480	0.288604	-0.102114	-0.037203	0.006154
1763707546.598213	-0.109892	0.049731	-0.002715	0.025692	0.021579	0.286670	-0.100618	-0.034702	0.002898
1763707546.609049	-0.109892	0.049731	-0.002715	0.025692	0.021579	0.286670	-0.080577	-0.032145	0.017252
1763707546.618951	-0.109065	0.049625	-0.002710	0.024638	0.020917	0.284775	-0.080577	-0.032145	0.017252
1763707546.628156	-0.107975	0.049340	-0.002848	0.024950	0.019246	0.282236	-0.082425	-0.037809	-0.006014
1763707546.637933	-0.107975	0.049340	-0.002848	0.024950	0.019246	0.282236	-0.101638	-0.041894	-0.015587
1763707546.647641	-0.107026	0.049110	-0.003055	0.024523	0.017862	0.279782	-0.071858	-0.027952	0.006406
1763707546.658536	-0.105987	0.048851	-0.003273	0.024049	0.016829	0.278378	-0.071858	-0.027952	0.006406
1763707546.667751	-0.105987	0.048851	-0.003273	0.024049	0.016829	0.278378	-0.076822	-0.032032	0.007711
1763707546.677903	-0.104880	0.048461	-0.003531	0.024047	0.015116	0.276121	-0.088072	-0.049275	-0.006046
1763707546.688274	-0.104880	0.048461	-0.003531	0.024047	0.015116	0.276121	-0.086733	-0.048104	-0.015013
1763707546.698199	-0.103758	0.048005	-0.003766	0.023826	0.013026	0.275032	-0.080598	-0.040150	-0.000487
1763707546.708022	-0.102637	0.047534	-0.004007	0.025448	0.010703	0.273480	-0.071291	-0.034883	0.014090
1763707546.719106	-0.102637	0.047534	-0.004007	0.025448	0.010703	0.273480	-0.071151	-0.052862	-0.001375
1763707546.728014	-0.101522	0.047044	-0.004120	0.025003	0.009685	0.271924	-0.071151	-0.052862	-0.001375
1763707546.738332	-0.101522	0.047044	-0.004120	0.025003	0.009685	0.271924	-0.085507	-0.049037	-0.004628
1763707546.748389	-0.100439	0.046396	-0.004343	0.025319	0.008605	0.270749	-0.076728	-0.039361	0.014715
1763707546.757656	-0.099249	0.045696	-0.004350	0.023159	0.007896	0.269004	-0.076728	-0.039361	0.014715
1763707546.767655	-0.099249	0.045696	-0.004350	0.023159	0.007896	0.269004	-0.067053	-0.043820	0.015700
1763707546.778022	-0.097976	0.045033	-0.004406	0.021941	0.007292	0.266869	-0.067053	-0.043820	0.015700
1763707546.788710	-0.097976	0.045033	-0.004406	0.021941	0.007292	0.266869	-0.071753	-0.054091	0.003853
1763707546.797990	-0.096896	0.044296	-0.004424	0.023570	0.005910	0.264958	-0.083348	-0.055461	0.002855
1763707546.807757	-0.095811	0.043437	-0.004430	0.023331	0.004094	0.262400	-0.059841	-0.044562	0.026462
1763707546.818750	-0.095811	0.043437	-0.004430	0.023331	0.004094	0.262400	-0.059841	-0.044562	0.026462
1763707546.827662	-0.094655	0.042469	-0.004284	0.023266	0.003032	0.261044	-0.062190	-0.051970	0.023006
1763707546.839833	-0.094655	0.042469	-0.004284	0.023266	0.003032	0.261044	-0.077210	-0.058409	0.006927
1763707546.848203	-0.093495	0.041455	-0.004251	0.023600	0.001806	0.259482	-0.075731	-0.056562	0.015967
1763707546.858570	-0.092365	0.040483	-0.004102	0.023208	0.001657	0.257864	-0.057525	-0.049338	0.028459
1763707546.867598	-0.092365	0.040483	-0.004102	0.023208	0.001657	0.257864	-0.057525	-0.049338	0.028459
1763707546.877830	-0.091341	0.039397	-0.004106	0.021544	0.000512	0.255914	-0.066582	-0.052172	0.023686
1763707546.887755	-0.091341	0.039397	-0.004106	0.021544	0.000512	0.255914	-0.080111	-0.068681	0.011408
1763707546.900095	-0.090174	0.038171	-0.004048	0.021364	-0.001337	0.254637	-0.077311	-0.068378	0.004766
1763707546.908704	-0.090174	0.038171	-0.004048	0.021364	-0.001337	0.254637	-0.068932	-0.054271	0.030719
1763707546.918277	-0.089169	0.036890	-0.003903	0.022165	-0.002570	0.253375	-0.068822	-0.065825	0.014720
1763707546.927750	-0.088123	0.035694	-0.003759	0.020316	-0.003063	0.251925	-0.068822	-0.065825	0.014720
1763707546.937877	-0.088123	0.035694	-0.003759	0.020316	-0.003063	0.251925	-0.071152	-0.073954	-0.006466
1763707546.948189	-0.087062	0.034342	-0.003712	0.018510	-0.003504	0.251089	-0.074190	-0.058101	0.010142
1763707546.958384	-0.086026	0.033025	-0.003662	0.018669	-0.005123	0.248955	-0.074190	-0.058101	0.010142
1763707546.967987	-0.086026	0.033025	-0.003662	0.018669	-0.005123	0.248955	-0.073478	-0.073578	-0.000008
1763707546.978231	-0.085127	0.031631	-0.003752	0.018072	-0.006526	0.247190	-0.073478	-0.073578	-0.000008
1763707546.988081	-0.085127	0.031631	-0.003752	0.018072	-0.006526	0.247190	-0.079511	-0.072818	-0.012089
1763707546.998149	-0.084225	0.030055	-0.003902	0.016649	-0.006973	0.245984	-0.080817	-0.068967	-0.009815
1763707547.008168	-0.083367	0.028567	-0.004032	0.016166	-0.007632	0.244035	-0.061979	-0.066626	0.002334
1763707547.017820	-0.083367	0.028567	-0.004032	0.016166	-0.007632	0.244035	-0.061979	-0.066626	0.002334
1763707547.028470	-0.082575	0.026995	-0.004179	0.012199	-0.006940	0.242436	-0.095005	-0.078381	-0.016462
1763707547.037719	-0.082575	0.026995	-0.004179	0.012199	-0.006940	0.242436	-0.095005	-0.078381	-0.016462
1763707547.048403	-0.081903	0.025391	-0.004408	0.011717	-0.006730	0.240970	-0.068999	-0.067663	0.006754
1763707547.059150	-0.081903	0.025391	-0.004408	0.011717	-0.006730	0.240970	-0.069202	-0.065736	0.020623
1763707547.067796	-0.081049	0.023750	-0.004431	0.013836	-0.008957	0.238321	-0.069202	-0.065736	0.020623
1763707547.077866	-0.080384	0.022068	-0.004371	0.012590	-0.009088	0.236662	-0.081585	-0.070529	0.014788
1763707547.087783	-0.080384	0.022068	-0.004371	0.012590	-0.009088	0.236662	-0.086928	-0.081783	0.004227
1763707547.097734	-0.079758	0.020365	-0.004263	0.011291	-0.009312	0.235508	-0.086497	-0.088427	0.006231
1763707547.111000	-0.079175	0.018599	-0.004094	0.012822	-0.009717	0.234790	-0.081669	-0.073678	0.019796
1763707547.118494	-0.079175	0.018599	-0.004094	0.012822	-0.009717	0.234790	-0.080377	-0.074598	0.032956
1763707547.127637	-0.078606	0.016814	-0.003752	0.012032	-0.010449	0.233232	-0.080377	-0.074598	0.032956
1763707547.137678	-0.078606	0.016814	-0.003752	0.012032	-0.010449	0.233232	-0.087757	-0.086157	0.007879
1763707547.148529	-0.078041	0.014958	-0.003475	0.007238	-0.009115	0.231672	-0.087554	-0.074651	0.022043
1763707547.157659	-0.077548	0.013146	-0.003003	0.006656	-0.009264	0.230554	-0.087554	-0.074651	0.022043
1763707547.168868	-0.077548	0.013146	-0.003003	0.006656	-0.009264	0.230554	-0.081528	-0.076368	0.022639
1763707547.178143	-0.077204	0.011266	-0.002798	0.006564	-0.008420	0.228456	-0.081528	-0.076368	0.022639
1763707547.188338	-0.077204	0.011266	-0.002798	0.006564	-0.008420	0.228456	-0.090142	-0.067451	0.018123
1763707547.199826	-0.076895	0.009352	-0.002518	0.003777	-0.008219	0.227051	-0.090142	-0.067451	0.018123
1763707547.208977	-0.076895	0.009352	-0.002518	0.003777	-0.008219	0.227051	-0.086379	-0.081654	0.002359
1763707547.219628	-0.076513	0.007472	-0.002360	0.002346	-0.007925	0.225614	-0.086379	-0.081654	0.002359
1763707547.229137	-0.076354	0.005548	-0.002169	0.002799	-0.008413	0.224230	-0.099407	-0.072890	-0.003681
1763707547.238754	-0.076354	0.005548	-0.002169	0.002799	-0.008413	0.224230	-0.099407	-0.072890	-0.003681
1763707547.248467	-0.076154	0.003697	-0.002141	0.002724	-0.008009	0.222526	-0.080217	-0.077094	-0.001580
1763707547.258570	-0.076083	0.001806	-0.002105	0.002316	-0.008452	0.220211	-0.102229	-0.080675	-0.012882
1763707547.267606	-0.076083	0.001806	-0.002105	0.002316	-0.008452	0.220211	-0.102229	-0.080675	-0.012882
1763707547.279099	-0.075992	-0.000160	-0.002193	0.000393	-0.007505	0.218085	-0.109095	-0.076191	-0.013590
1763707547.288142	-0.075992	-0.000160	-0.002193	0.000393	-0.007505	0.218085	-0.091762	-0.071933	-0.002602
1763707547.298734	-0.075909	-0.001963	-0.002399	-0.003100	-0.005965	0.216967	-0.079639	-0.069981	0.013225
1763707547.308305	-0.075894	-0.004034	-0.002369	-0.001691	-0.006438	0.215690	-0.093512	-0.068369	0.008003
1763707547.318297	-0.075894	-0.004034	-0.002369	-0.001691	-0.006438	0.215690	-0.104169	-0.077321	-0.008476
1763707547.329018	-0.075926	-0.005936	-0.002315	-0.002079	-0.005608	0.214445	-0.097053	-0.071614	0.007139
1763707547.338396	-0.075926	-0.005936	-0.002315	-0.002079	-0.005608	0.214445	-0.085323	-0.059661	0.023503
1763707547.348549	-0.076103	-0.007926	-0.002324	-0.002376	-0.005078	0.212695	-0.093809	-0.063372	0.023990
1763707547.358527	-0.076103	-0.007926	-0.002324	-0.002376	-0.005078	0.212695	-0.098509	-0.078564	0.012404
1763707547.367785	-0.076121	-0.009743	-0.002211	-0.001887	-0.004951	0.210972	-0.104212	-0.074431	0.001059
1763707547.378311	-0.076265	-0.011656	-0.001957	-0.004565	-0.004437	0.209629	-0.104212	-0.074431	0.001059
1763707547.388654	-0.076265	-0.011656	-0.001957	-0.004565	-0.004437	0.209629	-0.099571	-0.064658	0.015362
1763707547.398251	-0.076506	-0.013567	-0.001695	-0.004111	-0.004236	0.208771	-0.089267	-0.060336	0.033177
1763707547.408360	-0.076506	-0.013567	-0.001695	-0.004111	-0.004236	0.208771	-0.106470	-0.073380	-0.000010
1763707547.418246	-0.076745	-0.015382	-0.001371	-0.006146	-0.003228	0.207822	-0.106470	-0.073380	-0.000010
1763707547.429171	-0.077054	-0.017372	-0.001049	-0.006285	-0.002650	0.207236	-0.103572	-0.071614	0.007574
1763707547.439603	-0.077054	-0.017372	-0.001049	-0.006285	-0.002650	0.207236	-0.092602	-0.054787	0.026362
1763707547.448146	-0.077412	-0.019320	-0.000796	-0.004555	-0.002660	0.206419	-0.092602	-0.054787	0.026362
1763707547.458080	-0.077412	-0.019320	-0.000796	-0.004555	-0.002660	0.206419	-0.098842	-0.069390	0.016227
1763707547.468109	-0.077759	-0.021068	-0.000529	-0.005967	-0.001967	0.205018	-0.099971	-0.066858	0.000250
1763707547.478556	-0.078142	-0.023064	-0.000331	-0.007925	-0.001048	0.203705	-0.098947	-0.053727	0.018228
1763707547.489005	-0.078142	-0.023064	-0.000331	-0.007925	-0.001048	0.203705	-0.098947	-0.053727	0.018228
1763707547.497818	-0.078554	-0.024739	-0.000045	-0.008506	-0.001272	0.203432	-0.095080	-0.061863	-0.002040
1763707547.507745	-0.078554	-0.024739	-0.000045	-0.008506	-0.001272	0.203432	-0.100980	-0.063535	-0.010716
1763707547.518772	-0.079046	-0.026470	0.000021	-0.010231	-0.000314	0.202082	-0.109042	-0.045135	-0.000563
1763707547.527878	-0.079512	-0.028266	0.000094	-0.011672	0.000792	0.200685	-0.088123	-0.046989	0.007166
1763707547.539659	-0.079512	-0.028266	0.000094	-0.011672	0.000792	0.200685	-0.088123	-0.046989	0.007166
1763707547.548024	-0.080025	-0.029949	0.000042	-0.011439	0.000640	0.199429	-0.105131	-0.054546	-0.016922
1763707547.558296	-0.080626	-0.031622	-0.000071	-0.011808	0.001330	0.198447	-0.104002	-0.049206	-0.021369
1763707547.567993	-0.080626	-0.031622	-0.000071	-0.011808	0.001330	0.198447	-0.104266	-0.041680	-0.004566
1763707547.578143	-0.081216	-0.033252	-0.000304	-0.012320	0.001466	0.196840	-0.087506	-0.042625	-0.000176
1763707547.588598	-0.081216	-0.033252	-0.000304	-0.012320	0.001466	0.196840	-0.087506	-0.042625	-0.000176
1763707547.598530	-0.081859	-0.034918	-0.000554	-0.011938	0.001637	0.195492	-0.111255	-0.049273	-0.020920
1763707547.607794	-0.081859	-0.034918	-0.000554	-0.011938	0.001637	0.195492	-0.104034	-0.045120	-0.013387
1763707547.617758	-0.082457	-0.036483	-0.000768	-0.012874	0.003125	0.194323	-0.083904	-0.034356	0.000377
1763707547.627673	-0.083066	-0.038093	-0.000926	-0.012044	0.001638	0.193148	-0.083904	-0.034356	0.000377
1763707547.639066	-0.083066	-0.038093	-0.000926	-0.012044	0.001638	0.193148	-0.082891	-0.034748	0.010205
1763707547.648629	-0.083765	-0.039562	-0.001107	-0.013284	0.002853	0.191905	-0.101352	-0.043477	-0.012243
1763707547.658218	-0.084501	-0.041128	-0.001225	-0.011474	0.002593	0.191535	-0.101352	-0.043477	-0.012243
1763707547.700437	-0.085275	-0.042507	-0.001266	-0.013193	0.003215	0.189413	-0.087524	-0.032435	0.013298
1763707547.706487	-0.086067	-0.043933	-0.001270	-0.012712	0.002601	0.188754	-0.104095	-0.037385	0.008126
1763707547.714816	-0.086853	-0.045267	-0.001212	-0.012712	0.002601	0.188754	-0.104095	-0.037385	0.008126
1763707547.725759	-0.086853	-0.045267	-0.001212	-0.012712	0.002601	0.188754	-0.087271	-0.024828	0.022420
1763707547.735423	-0.087632	-0.046768	-0.001055	-0.011529	0.003018	0.188116	-0.078626	-0.018774	0.039852
1763707547.749436	-0.087632	-0.046768	-0.001055	-0.012331	0.002912	0.186908	-0.095907	-0.032339	0.013083
1763707547.758786	-0.088450	-0.047975	-0.000811	-0.012146	0.003743	0.186756	-0.092252	-0.030387	0.011812
1763707547.765759	-0.089327	-0.049360	-0.000541	-0.012146	0.003743	0.186756	-0.096954	-0.013934	0.029532
1763707547.776654	-0.089327	-0.049360	-0.000541	-0.012146	0.003743	0.186756	-0.086540	-0.010536	0.031303
1763707547.784760	-0.090180	-0.050530	-0.000216	-0.011890	0.002778	0.185990	-0.086540	-0.010536	0.031303
1763707547.795097	-0.090180	-0.050530	-0.000216	-0.011890	0.002778	0.185990	-0.090043	-0.023629	0.014795
1763707547.805368	-0.091133	-0.051748	0.000010	-0.012555	0.002694	0.185838	-0.099292	-0.025688	0.005810
1763707547.815353	-0.091916	-0.052832	0.000179	-0.010348	0.002299	0.184179	-0.095021	-0.010781	0.006283
1763707547.825960	-0.091916	-0.052832	0.000179	-0.010348	0.002299	0.184179	-0.088046	-0.009359	0.018044
1763707547.835549	-0.092799	-0.053940	0.000396	-0.010509	0.002486	0.183969	-0.083912	-0.017015	0.004616
1763707547.845471	-0.092799	-0.053940	0.000396	-0.010509	0.002486	0.183969	-0.097602	-0.015136	-0.019433
1763707547.856902	-0.093797	-0.055066	0.000412	-0.012367	0.003839	0.181185	-0.099195	-0.011309	-0.016467
1763707547.865408	-0.094814	-0.056081	0.000238	-0.012367	0.003839	0.181185	-0.089867	-0.004794	0.000632
1763707547.875978	-0.094814	-0.056081	0.000238	-0.012367	0.003839	0.181185	-0.089867	-0.004794	0.000632
1763707547.885042	-0.095815	-0.057082	-0.000063	-0.013917	0.004307	0.180850	-0.101057	-0.013087	-0.025191
1763707547.897609	-0.095815	-0.057082	-0.000063	-0.013917	0.004307	0.180850	-0.103104	-0.011598	-0.029224
1763707547.905015	-0.096735	-0.058067	-0.000500	-0.012865	0.004795	0.179960	-0.088555	0.001104	-0.020040
1763707547.916002	-0.096735	-0.058067	-0.000500	-0.012865	0.004795	0.179960	-0.079210	0.000763	-0.005162
1763707547.925225	-0.097782	-0.058981	-0.000935	-0.013910	0.004184	0.178671	-0.083463	-0.005040	-0.011995
1763707547.934548	-0.098880	-0.059923	-0.001380	-0.012578	0.004677	0.178169	-0.100561	-0.007664	-0.027743
1763707547.945750	-0.098880	-0.059923	-0.001380	-0.012578	0.004677	0.178169	-0.098822	-0.006725	-0.022546
1763707547.956373	-0.099961	-0.060873	-0.001871	-0.012589	0.005609	0.177202	-0.086042	0.002823	-0.003102
1763707547.966077	-0.100956	-0.061715	-0.002159	-0.010915	0.005067	0.176219	-0.076383	0.012798	0.008821
1763707547.975779	-0.100956	-0.061715	-0.002159	-0.010915	0.005067	0.176219	-0.086300	0.008916	0.008569
1763707547.985605	-0.102119	-0.062495	-0.002457	-0.012084	0.006489	0.176168	-0.094969	-0.004610	-0.001879
1763707547.997433	-0.102119	-0.062495	-0.002457	-0.012084	0.006489	0.176168	-0.085436	0.003263	0.003134
1763707548.004960	-0.103168	-0.063291	-0.002560	-0.011990	0.007299	0.175761	-0.084530	0.016489	0.022793
1763707548.015400	-0.104247	-0.064051	-0.002583	-0.011516	0.007801	0.175657	-0.084530	0.016489	0.022793
1763707548.025693	-0.104247	-0.064051	-0.002583	-0.011516	0.007801	0.175657	-0.087180	0.015617	0.030865
1763707548.034456	-0.105408	-0.064790	-0.002554	-0.011547	0.007858	0.174608	-0.085413	0.004853	0.015700
1763707548.044954	-0.105408	-0.064790	-0.002554	-0.011547	0.007858	0.174608	-0.089660	0.005804	0.005274
1763707548.054938	-0.106464	-0.065439	-0.002476	-0.010891	0.008038	0.174279	-0.092541	0.012929	0.015192
1763707548.064798	-0.107520	-0.066121	-0.002250	-0.010607	0.007974	0.173254	-0.084898	0.022352	0.030491
1763707548.080228	-0.107520	-0.066121	-0.002250	-0.010607	0.007974	0.173254	-0.083127	0.008317	0.016119
1763707548.086012	-0.108700	-0.066635	-0.002129	-0.009344	0.008266	0.172986	-0.094175	0.017031	0.002260
1763707548.096823	-0.108700	-0.066635	-0.002129	-0.010752	0.009723	0.172716	-0.094175	0.017031	0.002260
1763707548.105318	-0.109819	-0.067165	-0.001969	-0.010752	0.009723	0.172716	-0.076981	0.021472	0.020057
1763707548.114965	-0.111020	-0.067655	-0.001821	-0.010486	0.010189	0.172316	-0.076981	0.021472	0.020057
1763707548.126338	-0.111020	-0.067655	-0.001821	-0.010486	0.010189	0.172316	-0.075049	0.025153	0.019509
1763707548.136174	-0.112144	-0.068120	-0.001836	-0.009289	0.010914	0.170958	-0.093671	0.017141	-0.004743
1763707548.147274	-0.112144	-0.068120	-0.001836	-0.009004	0.010972	0.169697	-0.080707	0.027010	0.008592
1763707548.156807	-0.113194	-0.068628	-0.001874	-0.009004	0.010972	0.169697	-0.080707	0.027010	0.008592
1763707548.164883	-0.113194	-0.068628	-0.001874	-0.009004	0.010972	0.169697	-0.076941	0.024839	0.009601
1763707548.176464	-0.114379	-0.069019	-0.001837	-0.007921	0.011134	0.168443	-0.089417	0.020344	-0.007555
1763707548.185110	-0.115471	-0.069490	-0.002052	-0.008093	0.011546	0.167390	-0.089417	0.020344	-0.007555
1763707548.194905	-0.115471	-0.069490	-0.002052	-0.008093	0.011546	0.167390	-0.075225	0.023049	-0.008185
1763707548.205153	-0.116620	-0.069846	-0.002096	-0.008457	0.011428	0.167564	-0.071654	0.035894	0.014960
1763707548.215042	-0.117782	-0.070205	-0.002236	-0.007680	0.011714	0.166806	-0.070333	0.030301	0.008242
1763707548.225190	-0.117782	-0.070205	-0.002236	-0.007680	0.011714	0.166806	-0.078727	0.022981	-0.004946
1763707548.234949	-0.118844	-0.070522	-0.002347	-0.007678	0.011986	0.166673	-0.072471	0.027548	0.006312
1763707548.245418	-0.118844	-0.070522	-0.002347	-0.007678	0.011986	0.166673	-0.069411	0.046350	0.017929
1763707548.255368	-0.119985	-0.070779	-0.002440	-0.007194	0.012363	0.165964	-0.069411	0.046350	0.017929
1763707548.265409	-0.119985	-0.070779	-0.002440	-0.007194	0.012363	0.165964	-0.066649	0.044952	0.023099
1763707548.275382	-0.121009	-0.070993	-0.002588	-0.007820	0.012182	0.164840	-0.066157	0.026632	0.011911
1763707548.285101	-0.122092	-0.071250	-0.002599	-0.008263	0.012421	0.164380	-0.073732	0.031405	0.000649
1763707548.295080	-0.122092	-0.071250	-0.002599	-0.008263	0.012421	0.164380	-0.070255	0.038823	0.006505
1763707548.304954	-0.123201	-0.071456	-0.002621	-0.006491	0.011683	0.163854	-0.061582	0.043204	0.022980
1763707548.314735	-0.124257	-0.071599	-0.002585	-0.005713	0.011968	0.163899	-0.061582	0.043204	0.022980
1763707548.324997	-0.124257	-0.071599	-0.002585	-0.005713	0.011968	0.163899	-0.058369	0.033133	0.002847
1763707548.337970	-0.125370	-0.071802	-0.002642	-0.006173	0.012374	0.163797	-0.074898	0.037165	-0.006207
1763707548.346974	-0.125370	-0.071802	-0.002642	-0.006173	0.012374	0.163797	-0.075070	0.043876	0.001494
1763707548.355385	-0.126450	-0.071921	-0.002815	-0.005003	0.011724	0.163025	-0.047624	0.046486	0.008996
1763707548.364902	-0.127539	-0.072016	-0.002987	-0.004994	0.012178	0.161987	-0.068484	0.035057	-0.003118
1763707548.375313	-0.127539	-0.072016	-0.002987	-0.004994	0.012178	0.161987	-0.072720	0.039429	-0.013753
1763707548.385071	-0.128545	-0.072224	-0.003160	-0.004331	0.011777	0.160546	-0.061001	0.044394	-0.000233
1763707548.397510	-0.128545	-0.072224	-0.003160	-0.004331	0.011777	0.160546	-0.045312	0.048251	0.015331
1763707548.407081	-0.129549	-0.072366	-0.003335	-0.004338	0.011976	0.160121	-0.045312	0.048251	0.015331
1763707548.414661	-0.130569	-0.072423	-0.003564	-0.001751	0.012239	0.159404	-0.069168	0.038892	-0.007554
1763707548.424912	-0.130569	-0.072423	-0.003564	-0.001751	0.012239	0.159404	-0.069168	0.038892	-0.007554
1763707548.436304	-0.130569	-0.072423	-0.003564	-0.002626	0.012393	0.159144	-0.066845	0.031165	-0.008322
1763707548.446901	-0.131665	-0.072431	-0.003709	-0.002260	0.012451	0.158368	-0.063366	0.051096	0.007179
1763707548.455596	-0.132678	-0.072488	-0.003787	-0.002260	0.012451	0.158368	-0.049640	0.039336	0.013741
1763707548.466050	-0.132678	-0.072488	-0.003787	-0.002066	0.012940	0.158256	-0.059825	0.033048	0.001137
1763707548.475648	-0.133612	-0.072450	-0.003912	-0.002066	0.012940	0.158256	-0.062839	0.041228	-0.000603
1763707548.484770	-0.134560	-0.072449	-0.004002	-0.004009	0.013113	0.158545	-0.052055	0.044930	0.012194
1763707548.496124	-0.134560	-0.072449	-0.004002	-0.004009	0.013113	0.158545	-0.049847	0.050535	0.028609
1763707548.505581	-0.135534	-0.072477	-0.003985	-0.003440	0.013612	0.157512	-0.057985	0.051368	0.020460
1763707548.514711	-0.136521	-0.072404	-0.003963	-0.003538	0.013757	0.156838	-0.046146	0.037711	0.005957
1763707548.525389	-0.136521	-0.072404	-0.003963	-0.003538	0.013757	0.156838	-0.058479	0.040533	0.003081
1763707548.534309	-0.137553	-0.072393	-0.003886	-0.004192	0.013791	0.156173	-0.063432	0.051083	0.014787
1763707548.544540	-0.137553	-0.072393	-0.003886	-0.004192	0.013791	0.156173	-0.039518	0.051191	0.024808
1763707548.555017	-0.138418	-0.072349	-0.003818	-0.004805	0.014646	0.155704	-0.041221	0.048797	0.023004
1763707548.564828	-0.138418	-0.072349	-0.003818	-0.004805	0.014646	0.155704	-0.043989	0.041965	0.008439
1763707548.576543	-0.139316	-0.072350	-0.003613	-0.005645	0.014985	0.155242	-0.057488	0.044542	-0.004389
1763707548.585584	-0.140179	-0.072285	-0.003590	-0.005537	0.015131	0.154049	-0.057880	0.047988	0.008060
1763707548.596045	-0.140179	-0.072285	-0.003590	-0.005537	0.015131	0.154049	-0.033301	0.050813	0.021876
1763707548.607858	-0.141101	-0.072245	-0.003592	-0.003511	0.014672	0.151955	-0.043328	0.043444	0.009273
1763707548.615057	-0.142006	-0.072190	-0.003556	-0.003511	0.014672	0.151955	-0.043328	0.043444	0.009273
1763707548.625024	-0.142006	-0.072190	-0.003556	-0.003511	0.014672	0.151955	-0.054529	0.037556	0.002413
1763707548.634582	-0.142851	-0.072071	-0.003501	-0.002035	0.014586	0.151621	-0.047301	0.050809	0.009369
1763707548.645400	-0.142851	-0.072071	-0.003501	-0.002035	0.014586	0.151621	-0.025435	0.055133	0.027008
1763707548.655363	-0.143681	-0.071898	-0.003403	-0.001068	0.014502	0.151378	-0.033098	0.051767	0.025591
1763707548.665857	-0.144548	-0.071703	-0.003280	-0.001581	0.014398	0.151510	-0.048382	0.042396	0.009368
1763707548.674971	-0.144548	-0.071703	-0.003280	-0.001581	0.014398	0.151510	-0.042768	0.039148	0.000935
1763707548.684548	-0.145354	-0.071568	-0.003154	-0.003686	0.015273	0.150902	-0.032952	0.047232	0.013936
1763707548.696049	-0.145354	-0.071568	-0.003154	-0.003686	0.015273	0.150902	-0.037139	0.058425	0.033334
1763707548.704833	-0.146104	-0.071517	-0.002991	-0.001132	0.014601	0.150591	-0.030257	0.052262	0.025365
1763707548.715339	-0.146916	-0.071379	-0.002947	-0.000106	0.014679	0.150467	-0.026608	0.040957	0.008890
1763707548.725152	-0.146916	-0.071379	-0.002947	-0.000106	0.014679	0.150467	-0.041121	0.043998	0.009502
1763707548.736092	-0.147697	-0.071253	-0.002771	-0.000635	0.015211	0.149957	-0.040217	0.056858	0.012259
1763707548.745072	-0.147697	-0.071253	-0.002771	-0.000635	0.015211	0.149957	-0.029714	0.056918	0.023511
1763707548.754947	-0.148385	-0.071032	-0.002594	-0.000533	0.015231	0.150116	-0.022931	0.043898	0.012845
1763707548.769828	-0.149082	-0.070951	-0.002466	0.002207	0.014130	0.149802	-0.041875	0.048872	-0.002210
1763707548.777014	-0.149082	-0.070951	-0.002466	0.002207	0.014130	0.149802	-0.034750	0.045767	-0.006310
1763707548.784567	-0.149883	-0.070791	-0.002483	0.002461	0.013945	0.149210	-0.031716	0.052555	0.010334
1763707548.794991	-0.149883	-0.070791	-0.002483	0.002461	0.013945	0.149210	-0.014612	0.054018	0.016183
1763707548.805042	-0.150611	-0.070658	-0.002526	0.001458	0.015044	0.148072	-0.024541	0.046603	-0.005203
1763707548.814837	-0.151198	-0.070522	-0.002604	0.001204	0.014758	0.147096	-0.040874	0.039108	-0.012411
1763707548.826828	-0.151198	-0.070522	-0.002604	0.001204	0.014758	0.147096	-0.040874	0.039108	-0.012411
1763707548.834603	-0.151810	-0.070329	-0.002761	0.000732	0.015187	0.146247	-0.025679	0.041484	-0.007704
1763707548.845419	-0.151810	-0.070329	-0.002761	0.000732	0.015187	0.146247	-0.011395	0.053614	0.018339
1763707548.855308	-0.152445	-0.070229	-0.002894	0.002243	0.015087	0.145373	-0.016046	0.036611	0.006706
1763707548.865262	-0.153108	-0.070088	-0.003009	0.004068	0.014487	0.145431	-0.016046	0.036611	0.006706
1763707548.876414	-0.153108	-0.070088	-0.003009	0.004068	0.014487	0.145431	-0.022413	0.038342	-0.005814
1763707548.885427	-0.153664	-0.069971	-0.003039	0.004685	0.014649	0.145540	-0.014731	0.041810	0.009378
1763707548.895183	-0.153664	-0.069971	-0.003039	0.004685	0.014649	0.145540	-0.007553	0.053090	0.026960
1763707548.906441	-0.154187	-0.069835	-0.003060	0.006073	0.014414	0.144936	-0.007553	0.053090	0.026960
1763707548.915052	-0.154187	-0.069835	-0.003060	0.006073	0.014414	0.144936	-0.013468	0.034921	0.002466
1763707548.925241	-0.154704	-0.069678	-0.002963	0.004603	0.015175	0.144127	-0.020618	0.035695	0.002841
1763707548.935530	-0.155289	-0.069499	-0.002875	0.003370	0.015448	0.143892	-0.018636	0.052215	0.017224
1763707548.945219	-0.155289	-0.069499	-0.002875	0.003370	0.015448	0.143892	-0.000338	0.049113	0.025674
1763707548.954494	-0.155745	-0.069427	-0.002854	0.003903	0.015066	0.144278	-0.005246	0.044211	0.022848
1763707548.965065	-0.155745	-0.069427	-0.002854	0.003903	0.015066	0.144278	-0.014150	0.041333	-0.003329
1763707548.975186	-0.156251	-0.069264	-0.002703	0.002287	0.015454	0.144088	-0.014150	0.041333	-0.003329
1763707548.985880	-0.156686	-0.069143	-0.002590	0.002157	0.015129	0.142995	-0.015306	0.045161	0.008574
1763707548.995034	-0.156686	-0.069143	-0.002590	0.002157	0.015129	0.142995	0.001270	0.043927	0.019441
1763707549.006725	-0.157110	-0.068994	-0.002513	0.001481	0.014442	0.140642	-0.008256	0.037825	0.001633
1763707549.014644	-0.157620	-0.068871	-0.002492	0.001481	0.014442	0.140642	-0.008256	0.037825	0.001633
1763707549.024932	-0.157620	-0.068871	-0.002492	0.001481	0.014442	0.140642	-0.017554	0.038009	-0.004884
1763707549.036308	-0.158005	-0.068729	-0.002481	0.000938	0.013777	0.140220	-0.010577	0.046169	0.006272
1763707549.048055	-0.158005	-0.068729	-0.002481	0.002391	0.012944	0.140090	-0.002272	0.048851	0.016250
1763707549.056611	-0.158422	-0.068548	-0.002530	0.005109	0.012060	0.139437	-0.002272	0.048851	0.016250
1763707549.064771	-0.158840	-0.068381	-0.002558	0.005109	0.012060	0.139437	-0.011118	0.038064	0.000606
1763707549.074952	-0.158840	-0.068381	-0.002558	0.005109	0.012060	0.139437	-0.015518	0.033266	-0.005962
1763707549.085061	-0.158840	-0.068381	-0.002558	0.005109	0.012060	0.139437	-0.007005	0.040505	0.005000
1763707549.095571	-0.159199	-0.068232	-0.002562	0.005752	0.012372	0.138872	0.005469	0.049864	0.024287
1763707549.105056	-0.159513	-0.068111	-0.002523	0.004607	0.013001	0.138770	0.005265	0.047532	0.021479
1763707549.114586	-0.159898	-0.067985	-0.002362	0.001806	0.014301	0.138292	-0.006948	0.035213	0.006892
1763707549.124963	-0.159898	-0.067985	-0.002362	0.001806	0.014301	0.138292	-0.009522	0.030943	0.002201
1763707549.135776	-0.160187	-0.067853	-0.002253	0.001647	0.014518	0.137975	0.000304	0.042015	0.009765
1763707549.147426	-0.160187	-0.067853	-0.002253	0.001541	0.014307	0.137817	0.000059	0.054572	0.024788
1763707549.156223	-0.160431	-0.067662	-0.002205	0.000485	0.014326	0.136943	0.000646	0.046328	0.022865
1763707549.165829	-0.160793	-0.067457	-0.002053	0.000485	0.014326	0.136943	-0.005447	0.038134	0.001415
1763707549.175637	-0.160793	-0.067457	-0.002053	0.000485	0.014326	0.136943	-0.005447	0.038134	0.001415
1763707549.184587	-0.161119	-0.067345	-0.001888	-0.000776	0.013493	0.136338	-0.004468	0.044151	0.013964
1763707549.194901	-0.161119	-0.067345	-0.001888	-0.000776	0.013493	0.136338	0.005040	0.050916	0.019791
1763707549.205515	-0.161421	-0.067183	-0.001799	-0.000151	0.012752	0.136103	0.016511	0.037555	0.004260
1763707549.214702	-0.161737	-0.066984	-0.001782	0.000637	0.012624	0.135882	0.000065	0.034843	-0.009920
1763707549.225334	-0.161737	-0.066984	-0.001782	0.000637	0.012624	0.135882	-0.008759	0.039638	-0.007957
1763707549.235855	-0.162034	-0.066796	-0.001747	0.001432	0.012273	0.135391	0.002642	0.048237	-0.001159
1763707549.245280	-0.162034	-0.066796	-0.001747	0.001432	0.012273	0.135391	0.017523	0.044546	0.011053
1763707549.256088	-0.162252	-0.066577	-0.001756	0.001481	0.012094	0.134453	0.019554	0.035219	0.001731
1763707549.266042	-0.162462	-0.066369	-0.001883	0.000589	0.011368	0.133844	-0.006764	0.038840	-0.013235
1763707549.276598	-0.162462	-0.066369	-0.001883	-0.000788	0.011498	0.132925	0.007517	0.042782	0.000341
1763707549.284797	-0.162721	-0.066172	-0.001881	-0.000788	0.011498	0.132925	0.013227	0.051072	0.010024
1763707549.294906	-0.162721	-0.066172	-0.001881	-0.000788	0.011498	0.132925	0.006513	0.041364	0.003517
1763707549.305121	-0.162935	-0.065981	-0.001922	0.000353	0.011248	0.132324	0.006513	0.041364	0.003517
1763707549.316651	-0.163182	-0.065740	-0.002005	0.000125	0.010818	0.131536	-0.004975	0.034563	-0.011427
1763707549.326209	-0.163182	-0.065740	-0.002005	0.000125	0.010818	0.131536	-0.004975	0.034563	-0.011427
1763707549.334556	-0.163435	-0.065588	-0.002126	0.001861	0.009990	0.130872	0.007703	0.043547	0.006024
1763707549.344865	-0.163435	-0.065588	-0.002126	0.001861	0.009990	0.130872	0.022436	0.044808	0.021219
1763707549.354880	-0.163682	-0.065450	-0.002221	0.003316	0.009739	0.130409	0.009393	0.039532	0.011342
1763707549.368121	-0.163876	-0.065110	-0.002212	0.002568	0.009537	0.130050	0.004483	0.029051	-0.005997
1763707549.376853	-0.163876	-0.065110	-0.002212	0.002568	0.009537	0.130050	0.002488	0.045565	0.010453
1763707549.384616	-0.164097	-0.064890	-0.002208	0.002694	0.009517	0.129436	0.009663	0.047435	0.019423
1763707549.395043	-0.164097	-0.064890	-0.002208	0.002694	0.009517	0.129436	0.009663	0.047435	0.019423
1763707549.404725	-0.164303	-0.064652	-0.002144	0.002331	0.008670	0.129202	0.003448	0.031370	0.001327
1763707549.418499	-0.164303	-0.064652	-0.002144	0.000903	0.008308	0.128503	0.003448	0.031370	0.001327
1763707549.426759	-0.164499	-0.064418	-0.001990	0.000903	0.008308	0.128503	0.003480	0.033708	-0.000888
1763707549.435761	-0.164743	-0.064173	-0.001835	0.000430	0.007873	0.127724	0.001682	0.042713	0.006114
1763707549.447183	-0.164743	-0.064173	-0.001835	0.001288	0.007578	0.127268	0.014223	0.036984	0.007181
1763707549.460016	-0.164946	-0.063980	-0.001742	0.002411	0.007363	0.126706	0.001718	0.036541	-0.010226
1763707549.466429	-0.165171	-0.063815	-0.001738	0.002411	0.007363	0.126706	-0.003093	0.028646	-0.010455
1763707549.475684	-0.165171	-0.063815	-0.001738	0.002411	0.007363	0.126706	-0.003093	0.028646	-0.010455
1763707549.484653	-0.165416	-0.063623	-0.001686	0.001736	0.007790	0.126131	0.000006	0.042206	0.002203
1763707549.494931	-0.165416	-0.063623	-0.001686	0.001736	0.007790	0.126131	0.020607	0.044806	0.017047
1763707549.506159	-0.165711	-0.063389	-0.001710	0.001440	0.007578	0.124731	0.003534	0.029229	-0.002776
1763707549.514847	-0.166003	-0.063239	-0.001717	0.001440	0.007578	0.124731	0.003534	0.029229	-0.002776
1763707549.525356	-0.166003	-0.063239	-0.001717	0.001440	0.007578	0.124731	-0.003653	0.030608	-0.004970
1763707549.534997	-0.166278	-0.063010	-0.001634	0.002679	0.007200	0.123714	0.021547	0.040166	0.021213
1763707549.545059	-0.166278	-0.063010	-0.001634	0.002679	0.007200	0.123714	0.021547	0.040166	0.021213
1763707549.554638	-0.166468	-0.062772	-0.001475	0.003035	0.007238	0.122768	0.008294	0.045554	0.020098
1763707549.565051	-0.166468	-0.062772	-0.001475	0.003035	0.007238	0.122768	0.008448	0.030143	0.006336
1763707549.575548	-0.166667	-0.062593	-0.001350	0.002463	0.007252	0.121874	0.002079	0.023936	0.001212
1763707549.588189	-0.166892	-0.062369	-0.001177	0.001537	0.007488	0.121443	0.024088	0.045801	0.031911
1763707549.594987	-0.166892	-0.062369	-0.001177	0.001537	0.007488	0.121443	0.024088	0.045801	0.031911
1763707549.604556	-0.167140	-0.062136	-0.000991	0.000308	0.008021	0.121277	0.018727	0.040618	0.029712
1763707549.615040	-0.167140	-0.062136	-0.000991	0.000308	0.008021	0.121277	0.004224	0.030250	0.012979
1763707549.625122	-0.167353	-0.061938	-0.000792	-0.000061	0.007895	0.120659	0.006786	0.030227	0.007174
1763707549.635394	-0.167633	-0.061702	-0.000569	-0.001435	0.007783	0.120199	0.012432	0.044964	0.025626
1763707549.646104	-0.167633	-0.061702	-0.000569	-0.001567	0.007400	0.119880	0.019196	0.033543	0.008313
1763707549.654677	-0.167925	-0.061496	-0.000431	-0.001567	0.007400	0.119880	0.019196	0.033543	0.008313
1763707549.665064	-0.167925	-0.061496	-0.000431	-0.001567	0.007400	0.119880	0.003927	0.028665	-0.003987
1763707549.675755	-0.168216	-0.061317	-0.000337	-0.000635	0.006791	0.119322	0.004804	0.036488	-0.004162
1763707549.686391	-0.168441	-0.061101	-0.000363	-0.000230	0.006779	0.118947	0.023867	0.036770	0.001508
1763707549.696090	-0.168441	-0.061101	-0.000363	-0.000230	0.006779	0.118947	0.023867	0.036770	0.001508
1763707549.704802	-0.168684	-0.060835	-0.000403	0.000526	0.007058	0.118337	0.000614	0.029716	-0.027011
1763707549.714605	-0.168894	-0.060607	-0.000595	0.000105	0.007425	0.117577	-0.001096	0.038299	-0.015733
1763707549.726458	-0.168894	-0.060607	-0.000595	0.001766	0.008008	0.116459	-0.001096	0.038299	-0.015733
1763707549.736636	-0.169153	-0.060415	-0.000865	0.001766	0.008008	0.116459	0.004127	0.028440	-0.019402
1763707549.746902	-0.169153	-0.060415	-0.000865	0.001766	0.008008	0.116459	0.004127	0.028440	-0.019402
1763707549.755114	-0.169442	-0.060250	-0.001133	0.002512	0.008270	0.115387	-0.005659	0.026183	-0.021038
1763707549.764582	-0.169743	-0.059987	-0.001485	0.003491	0.008245	0.114005	0.014676	0.032255	-0.016218
1763707549.775362	-0.169743	-0.059987	-0.001485	0.003491	0.008245	0.114005	0.019706	0.042938	0.002659
1763707549.784915	-0.170055	-0.059735	-0.001816	0.002807	0.009017	0.113066	0.010720	0.043497	0.012467
1763707549.795145	-0.170055	-0.059735	-0.001816	0.002807	0.009017	0.113066	0.013126	0.028945	0.000723
1763707549.805397	-0.170331	-0.059444	-0.001952	0.001122	0.010077	0.112167	0.004725	0.026382	-0.010512
1763707549.814498	-0.170593	-0.059161	-0.002008	-0.000266	0.010754	0.111548	0.008075	0.028767	-0.002625
1763707549.824994	-0.170593	-0.059161	-0.002008	-0.000266	0.010754	0.111548	0.015863	0.040283	0.019640
1763707549.834701	-0.170811	-0.058965	-0.002031	-0.000646	0.010698	0.111090	0.024997	0.041923	0.026781
1763707549.845829	-0.170811	-0.058965	-0.002031	-0.000646	0.010698	0.111090	0.018126	0.033939	0.015174
1763707549.857733	-0.171096	-0.058669	-0.001936	-0.001342	0.010875	0.110832	0.007321	0.023747	0.005720
1763707549.865317	-0.171096	-0.058669	-0.001936	-0.001342	0.010875	0.110832	0.012302	0.028662	0.005962
1763707549.874955	-0.171357	-0.058435	-0.001767	-0.001557	0.011092	0.110555	0.016696	0.044126	0.019669
1763707549.884876	-0.171561	-0.058208	-0.001644	-0.000145	0.010144	0.110623	0.016553	0.040868	0.028769
1763707549.895172	-0.171561	-0.058208	-0.001644	-0.000145	0.010144	0.110623	0.019958	0.028801	0.011627
1763707549.906903	-0.171772	-0.058038	-0.001470	0.000064	0.009916	0.110348	0.008446	0.029924	-0.002995
1763707549.916651	-0.171772	-0.058038	-0.001470	-0.001793	0.010084	0.109735	0.012297	0.033888	0.008529
1763707549.925328	-0.172000	-0.057748	-0.001326	-0.001793	0.010084	0.109735	0.018020	0.042857	0.016104
1763707549.934922	-0.172257	-0.057485	-0.001310	-0.001796	0.010037	0.109070	0.024696	0.033312	0.007085
1763707549.945402	-0.172257	-0.057485	-0.001310	-0.001796	0.010037	0.109070	0.013768	0.025553	-0.010610
1763707549.955113	-0.172527	-0.057268	-0.001329	-0.000756	0.009710	0.108479	0.000076	0.034166	-0.012267
1763707549.965381	-0.172527	-0.057268	-0.001329	-0.000756	0.009710	0.108479	0.000076	0.034166	-0.012267
1763707549.974539	-0.172728	-0.057023	-0.001364	0.000887	0.009522	0.108014	0.024185	0.036820	0.006806
1763707549.984456	-0.172964	-0.056696	-0.001399	0.003179	0.009098	0.107058	0.027408	0.027515	0.000183
1763707549.994618	-0.172964	-0.056696	-0.001399	0.003179	0.009098	0.107058	0.012512	0.028885	-0.016113
1763707550.004213	-0.173187	-0.056409	-0.001585	0.005092	0.008441	0.106203	0.005902	0.026265	-0.012592
1763707550.014810	-0.173359	-0.056146	-0.001879	0.004986	0.008763	0.105452	0.018659	0.031360	-0.002254
1763707550.025130	-0.173359	-0.056146	-0.001879	0.004986	0.008763	0.105452	0.032551	0.039476	0.007290
1763707550.034850	-0.173649	-0.055859	-0.002108	0.004253	0.009316	0.104290	0.018454	0.035309	0.001867
1763707550.045257	-0.173649	-0.055859	-0.002108	0.004253	0.009316	0.104290	0.008291	0.023182	-0.007383
1763707550.055028	-0.173909	-0.055603	-0.002320	0.003015	0.009411	0.103502	0.007085	0.023179	-0.010168
1763707550.065298	-0.173909	-0.055603	-0.002320	0.003015	0.009411	0.103502	0.015947	0.037234	0.005610
1763707550.075230	-0.174165	-0.055369	-0.002472	0.002315	0.010026	0.102360	0.032232	0.037899	0.024103
1763707550.084536	-0.174365	-0.055153	-0.002521	0.001743	0.010762	0.101880	0.026556	0.035618	0.019382
1763707550.097006	-0.174365	-0.055153	-0.002521	0.001743	0.010762	0.101880	0.015128	0.026819	0.002655
1763707550.104718	-0.174521	-0.054884	-0.002475	-0.000434	0.011917	0.100763	0.013237	0.020399	0.000296
1763707550.115742	-0.174521	-0.054884	-0.002475	-0.000434	0.011917	0.100763	0.019702	0.031527	0.011905
1763707550.125261	-0.174715	-0.054631	-0.002407	0.000658	0.012156	0.099669	0.030072	0.045539	0.024168
1763707550.134707	-0.174861	-0.054389	-0.002347	0.000268	0.012213	0.099424	0.022000	0.034136	0.016849
1763707550.145045	-0.174861	-0.054389	-0.002347	0.000268	0.012213	0.099424	0.014079	0.020151	0.002373
1763707550.154782	-0.175059	-0.054093	-0.002244	-0.000163	0.012207	0.098875	0.013191	0.029301	0.001099
1763707550.165064	-0.175059	-0.054093	-0.002244	-0.000163	0.012207	0.098875	0.013191	0.029301	0.001099
1763707550.177873	-0.175241	-0.053858	-0.002170	-0.000060	0.012140	0.097781	0.031867	0.037444	0.033806
1763707550.184904	-0.175389	-0.053608	-0.002053	-0.000060	0.012140	0.097781	0.021586	0.034168	0.022102
1763707550.194800	-0.175389	-0.053608	-0.002053	-0.000060	0.012140	0.097781	0.020441	0.023094	0.002785
1763707550.204709	-0.175566	-0.053293	-0.001978	0.000548	0.011481	0.097380	0.020052	0.026166	0.006242
1763707550.215117	-0.175749	-0.053041	-0.001887	0.001527	0.011260	0.096676	0.014926	0.044692	0.022718
1763707550.226293	-0.175749	-0.053041	-0.001887	0.001527	0.011260	0.096676	0.031855	0.037452	0.020414
1763707550.234835	-0.175925	-0.052789	-0.001782	0.001536	0.011055	0.096205	0.026606	0.025916	0.006876
1763707550.245693	-0.175925	-0.052789	-0.001782	0.001536	0.011055	0.096205	0.013261	0.028163	0.000645
1763707550.254880	-0.176008	-0.052562	-0.001766	0.001600	0.010782	0.096274	0.020370	0.042105	0.007387
1763707550.264305	-0.176133	-0.052291	-0.001700	-0.000340	0.011412	0.095499	0.026133	0.035001	0.014928
1763707550.277796	-0.176133	-0.052291	-0.001700	-0.002371	0.012737	0.094197	0.028497	0.027310	-0.009599
1763707550.285060	-0.176257	-0.051940	-0.001773	-0.002371	0.012737	0.094197	0.014802	0.030738	-0.018038
1763707550.296379	-0.176257	-0.051940	-0.001773	-0.002371	0.012737	0.094197	0.015732	0.037214	-0.009377
1763707550.304659	-0.176391	-0.051573	-0.001873	-0.004377	0.013370	0.093019	0.025811	0.042770	0.001270
1763707550.315254	-0.176391	-0.051573	-0.001873	-0.004377	0.013370	0.093019	0.038987	0.032333	-0.005566
1763707550.324802	-0.176451	-0.051202	-0.002058	-0.004520	0.013176	0.092428	0.038987	0.032333	-0.005566
1763707550.335258	-0.176582	-0.050852	-0.002303	-0.003494	0.012551	0.091313	0.012124	0.031959	-0.018345
1763707550.346218	-0.176582	-0.050852	-0.002303	-0.003494	0.012551	0.091313	0.021001	0.038594	-0.010794
1763707550.355160	-0.176693	-0.050508	-0.002610	-0.001762	0.011775	0.090367	0.037532	0.038663	0.004211
1763707550.364530	-0.176690	-0.050205	-0.002896	-0.000516	0.011445	0.089742	0.035442	0.035097	0.002632
1763707550.375388	-0.176690	-0.050205	-0.002896	-0.000516	0.011445	0.089742	0.027613	0.029974	-0.011778
1763707550.385098	-0.176674	-0.049853	-0.003170	0.001605	0.011307	0.088876	0.015077	0.028253	-0.013150
1763707550.394983	-0.176674	-0.049853	-0.003170	0.001605	0.011307	0.088876	0.014677	0.033122	0.004856
1763707550.404725	-0.176776	-0.049445	-0.003425	0.002294	0.011212	0.087287	0.039954	0.038159	0.019786
1763707550.414613	-0.176881	-0.049029	-0.003612	0.002423	0.011682	0.085864	0.042426	0.040136	0.020347
1763707550.424986	-0.176881	-0.049029	-0.003612	0.002423	0.011682	0.085864	0.024047	0.031399	0.018533
1763707550.434958	-0.176924	-0.048589	-0.003672	0.001286	0.011716	0.084587	0.015532	0.023942	0.010007
1763707550.445587	-0.176924	-0.048589	-0.003672	0.001286	0.011716	0.084587	0.026421	0.026049	0.009006
1763707550.454956	-0.176951	-0.048249	-0.003642	0.001370	0.011605	0.083785	0.035068	0.036580	0.024960
1763707550.464914	-0.176951	-0.048249	-0.003642	0.001370	0.011605	0.083785	0.035693	0.040971	0.037127
1763707550.476341	-0.177024	-0.047956	-0.003549	0.001109	0.010833	0.083089	0.032151	0.029347	0.023436
1763707550.485793	-0.177003	-0.047565	-0.003348	0.002382	0.009988	0.082471	0.018637	0.023366	0.007781
1763707550.497715	-0.177003	-0.047565	-0.003348	0.002382	0.009988	0.082471	0.021702	0.024971	0.017062
1763707550.504948	-0.177060	-0.047283	-0.003144	0.003391	0.009820	0.081709	0.042341	0.034261	0.033486
1763707550.515060	-0.177060	-0.047283	-0.003144	0.003391	0.009820	0.081709	0.037464	0.036096	0.031180
1763707550.524806	-0.177114	-0.047056	-0.002975	0.004002	0.009507	0.081145	0.021987	0.019002	0.017386
1763707550.534572	-0.177126	-0.046721	-0.002759	0.003913	0.009770	0.080437	0.020620	0.017290	0.004894
1763707550.545152	-0.177126	-0.046721	-0.002759	0.003913	0.009770	0.080437	0.027646	0.032239	0.015866
1763707550.555599	-0.177086	-0.046396	-0.002508	0.004616	0.009593	0.080030	0.027646	0.032239	0.015866
1763707550.564569	-0.177050	-0.046201	-0.002295	0.006043	0.009351	0.079503	0.034684	0.020878	0.019355
1763707550.574815	-0.177050	-0.046201	-0.002295	0.006043	0.009351	0.079503	0.019956	0.015961	-0.000764
1763707550.585185	-0.176984	-0.045981	-0.002093	0.005993	0.009153	0.079737	0.028999	0.016946	0.009185
1763707550.595319	-0.176984	-0.045981	-0.002093	0.005993	0.009153	0.079737	0.039809	0.030711	0.024332
1763707550.605321	-0.176944	-0.045725	-0.001936	0.005840	0.009534	0.079331	0.035215	0.025930	0.020737
1763707550.614965	-0.176944	-0.045725	-0.001936	0.005840	0.009534	0.079331	0.027401	0.006621	-0.001032
1763707550.624857	-0.176940	-0.045471	-0.001749	0.006922	0.009389	0.079678	0.020812	0.013165	-0.005055
1763707550.634566	-0.176932	-0.045266	-0.001676	0.005508	0.009579	0.079885	0.035023	0.025787	0.005408
1763707550.644728	-0.176932	-0.045266	-0.001676	0.005508	0.009579	0.079885	0.041508	0.025173	0.018915
1763707550.655047	-0.176883	-0.045053	-0.001646	0.004550	0.008991	0.080073	0.026240	0.014127	0.008761
1763707550.664675	-0.176844	-0.044832	-0.001655	0.004610	0.008652	0.079814	0.029693	0.009598	-0.008252
1763707550.674673	-0.176844	-0.044832	-0.001655	0.004610	0.008652	0.079814	0.031706	0.017117	-0.002622
1763707550.684330	-0.176766	-0.044562	-0.001684	0.003716	0.008671	0.079114	0.031706	0.017117	-0.002622
1763707550.694838	-0.176766	-0.044562	-0.001684	0.003716	0.008671	0.079114	0.038771	0.020543	0.008202
1763707550.706042	-0.176704	-0.044321	-0.001684	0.002859	0.008905	0.078696	0.033407	0.009931	-0.008737
1763707550.715286	-0.176704	-0.044321	-0.001684	0.002859	0.008905	0.078696	0.026035	0.010487	-0.008599
1763707550.725290	-0.176605	-0.044143	-0.001755	0.002638	0.008684	0.078760	0.025620	0.028126	0.001423
1763707550.734735	-0.176540	-0.043916	-0.001747	0.001561	0.008440	0.078669	0.035604	0.027345	0.015215
1763707550.744726	-0.176540	-0.043916	-0.001747	0.001561	0.008440	0.078669	0.035604	0.027345	0.015215
1763707550.756164	-0.176509	-0.043745	-0.001787	0.000839	0.008835	0.078089	0.032426	0.012683	-0.001928
1763707550.766264	-0.176473	-0.043551	-0.001790	0.000839	0.008835	0.078089	0.026297	0.015596	-0.006642
1763707550.775053	-0.176473	-0.043551	-0.001790	0.000839	0.008835	0.078089	0.025177	0.020592	0.004451
1763707550.785180	-0.176431	-0.043338	-0.001851	0.002275	0.008437	0.077193	0.033216	0.023390	0.014579
1763707550.796292	-0.176431	-0.043338	-0.001851	0.002275	0.008437	0.077193	0.044733	0.015904	0.006517
1763707550.804837	-0.176330	-0.043176	-0.001847	0.002994	0.008434	0.076457	0.029379	0.012188	-0.005611
1763707550.817755	-0.176253	-0.042961	-0.001995	0.002312	0.008418	0.075102	0.019901	0.012125	-0.006654
1763707550.825450	-0.176253	-0.042961	-0.001995	0.002312	0.008418	0.075102	0.033710	0.020778	0.003008
1763707550.834908	-0.176171	-0.042787	-0.002202	0.001483	0.009505	0.074661	0.046521	0.022565	0.018918
1763707550.845505	-0.176171	-0.042787	-0.002202	0.001483	0.009505	0.074661	0.041457	0.013307	0.011595
1763707550.855053	-0.176148	-0.042534	-0.002330	0.001001	0.009599	0.073897	0.025792	0.012018	-0.008016
1763707550.865393	-0.176148	-0.042534	-0.002330	0.001001	0.009599	0.073897	0.017692	0.012877	-0.004812
1763707550.876293	-0.176033	-0.042291	-0.002410	-0.000108	0.009918	0.072250	0.032917	0.018408	0.016551
1763707550.884692	-0.176002	-0.042132	-0.002526	-0.000108	0.009918	0.072250	0.050162	0.023845	0.027021
1763707550.896572	-0.176002	-0.042132	-0.002526	-0.000108	0.009918	0.072250	0.040488	0.023195	0.021656
1763707550.904718	-0.175896	-0.041995	-0.002463	0.000754	0.009195	0.071873	0.031136	0.007699	0.013398
1763707550.916639	-0.175896	-0.041995	-0.002463	0.000754	0.009195	0.071873	0.025704	0.009121	0.007939
1763707550.926400	-0.175734	-0.041816	-0.002396	0.002388	0.008243	0.071155	0.038432	0.023061	0.021134
1763707550.935397	-0.175678	-0.041723	-0.002364	0.003072	0.007976	0.070984	0.054173	0.020870	0.034660
1763707550.945473	-0.175678	-0.041723	-0.002364	0.003072	0.007976	0.070984	0.038460	0.013703	0.024248
1763707550.955845	-0.175626	-0.041545	-0.002247	0.003967	0.007514	0.070828	0.021180	0.008742	0.004986
1763707550.965635	-0.175626	-0.041545	-0.002247	0.003967	0.007514	0.070828	0.034920	0.007879	0.007481
1763707550.976647	-0.175586	-0.041376	-0.002121	0.004222	0.007783	0.070720	0.040034	0.021606	0.028860
1763707550.984644	-0.175462	-0.041218	-0.001945	0.002794	0.008511	0.070353	0.040309	0.022948	0.031234
1763707550.995087	-0.175462	-0.041218	-0.001945	0.002794	0.008511	0.070353	0.034534	0.004150	0.009727
1763707551.004711	-0.175359	-0.040960	-0.001830	0.002505	0.008284	0.070921	0.024524	0.006381	0.005432
1763707551.015683	-0.175264	-0.040794	-0.001735	0.001472	0.008933	0.070889	0.037600	0.017292	0.011067
1763707551.025460	-0.175264	-0.040794	-0.001735	0.001472	0.008933	0.070889	0.043850	0.024564	0.023117
1763707551.034650	-0.175194	-0.040659	-0.001673	0.001440	0.008913	0.071062	0.031251	0.008938	0.013096
1763707551.044924	-0.175194	-0.040659	-0.001673	0.001440	0.008913	0.071062	0.031251	0.008938	0.013096
1763707551.055075	-0.175094	-0.040538	-0.001634	0.000525	0.009192	0.071019	0.032076	0.014654	0.000903
1763707551.065177	-0.174979	-0.040377	-0.001600	-0.000748	0.009679	0.070882	0.044071	0.022029	0.020542
1763707551.078523	-0.174979	-0.040377	-0.001600	-0.000748	0.009679	0.070882	0.037248	0.020512	0.012777
1763707551.085500	-0.174938	-0.040211	-0.001600	-0.000572	0.009923	0.071033	0.028431	0.010623	-0.010509
1763707551.095159	-0.174938	-0.040211	-0.001600	-0.000572	0.009923	0.071033	0.028431	0.010623	-0.010509
1763707551.105985	-0.174836	-0.040043	-0.001688	0.000290	0.009611	0.070895	0.042984	0.022343	0.003984
1763707551.115643	-0.174796	-0.039853	-0.001834	0.000290	0.009611	0.070895	0.035718	0.008659	-0.003440
1763707551.125125	-0.174796	-0.039853	-0.001834	0.000290	0.009611	0.070895	0.035718	0.008659	-0.003440
1763707551.135221	-0.174711	-0.039573	-0.002093	0.001139	0.009587	0.070899	0.030719	0.008750	-0.014346
1763707551.144981	-0.174711	-0.039573	-0.002093	0.001139	0.009587	0.070899	0.039737	0.019317	0.006553
1763707551.155099	-0.174595	-0.039295	-0.002416	0.000007	0.009329	0.070786	0.039737	0.019317	0.006553
1763707551.164943	-0.174595	-0.039295	-0.002416	0.000007	0.009329	0.070786	0.044286	0.017537	0.002431
1763707551.174819	-0.174469	-0.039132	-0.002763	0.000752	0.008821	0.070351	0.039926	0.011085	-0.011830
1763707551.185072	-0.174337	-0.038992	-0.003046	0.001089	0.008478	0.069710	0.025623	0.019030	-0.009085
1763707551.198924	-0.174337	-0.038992	-0.003046	0.001089	0.008478	0.069710	0.025623	0.019030	-0.009085
1763707551.206453	-0.174238	-0.038800	-0.003346	0.001162	0.008859	0.069415	0.051438	0.019481	0.006246
1763707551.216216	-0.174141	-0.038622	-0.003567	0.001143	0.009301	0.069489	0.035943	0.013020	0.000317
1763707551.225495	-0.174141	-0.038622	-0.003567	0.001143	0.009301	0.069489	0.035943	0.013020	0.000317
1763707551.235303	-0.174092	-0.038371	-0.003801	0.000342	0.009564	0.069052	0.026495	0.010484	-0.008592
1763707551.246699	-0.174092	-0.038371	-0.003801	0.000342	0.009564	0.069052	0.038673	0.019261	0.012113
1763707551.256076	-0.173982	-0.038141	-0.003990	0.000306	0.009961	0.067988	0.048333	0.020653	0.024897
1763707551.265446	-0.173885	-0.037882	-0.004192	0.000761	0.009817	0.066737	0.047428	0.018166	0.016135
1763707551.276267	-0.173885	-0.037882	-0.004192	0.000761	0.009817	0.066737	0.029862	0.012257	0.006884
1763707551.285286	-0.173794	-0.037574	-0.004323	0.000050	0.009576	0.066235	0.024196	0.005000	0.012256
1763707551.297079	-0.173794	-0.037574	-0.004323	0.000050	0.009576	0.066235	0.042349	0.017415	0.023083
1763707551.304677	-0.173646	-0.037290	-0.004292	-0.000295	0.009365	0.066227	0.055422	0.023237	0.037774
1763707551.315021	-0.173646	-0.037290	-0.004292	-0.000295	0.009365	0.066227	0.055422	0.023237	0.037774
1763707551.326102	-0.173508	-0.037039	-0.004260	0.000001	0.009020	0.066217	0.041694	0.017430	0.036421
1763707551.334768	-0.173407	-0.036780	-0.004069	0.000711	0.009658	0.065724	0.028677	0.008679	0.007989
1763707551.347832	-0.173407	-0.036780	-0.004069	0.001928	0.009454	0.065166	0.043031	0.014342	0.025396
1763707551.355606	-0.173280	-0.036581	-0.003888	0.001928	0.009454	0.065166	0.043031	0.014342	0.025396
1763707551.366423	-0.173280	-0.036581	-0.003888	0.002769	0.008794	0.065615	0.047318	0.020625	0.034504
1763707551.375645	-0.173173	-0.036437	-0.003726	0.002769	0.008794	0.065615	0.039418	0.008482	0.018265
1763707551.385311	-0.173116	-0.036212	-0.003492	0.002267	0.008343	0.066156	0.033798	-0.000729	-0.000187
1763707551.399055	-0.173116	-0.036212	-0.003492	0.002454	0.008288	0.066400	0.032163	0.011046	0.013656
1763707551.405389	-0.173029	-0.035934	-0.003360	0.002454	0.008288	0.066400	0.050043	0.020401	0.021123
1763707551.414460	-0.172859	-0.035671	-0.003231	0.002864	0.007508	0.066666	0.036787	0.011751	0.013122
1763707551.425356	-0.172859	-0.035671	-0.003231	0.002864	0.007508	0.066666	0.030835	-0.002167	-0.004844
1763707551.434438	-0.172734	-0.035517	-0.003168	0.002381	0.007327	0.066531	0.029931	0.007180	-0.006613
1763707551.444558	-0.172734	-0.035517	-0.003168	0.002381	0.007327	0.066531	0.034487	0.017216	0.013718
1763707551.456723	-0.172566	-0.035287	-0.003151	0.001450	0.007726	0.066416	0.044981	0.011784	0.015997
1763707551.465257	-0.172452	-0.035051	-0.003149	0.001345	0.007341	0.066605	0.035788	0.005405	0.002597
1763707551.475518	-0.172452	-0.035051	-0.003149	0.001345	0.007341	0.066605	0.032700	-0.000935	-0.012030
1763707551.484822	-0.172384	-0.034868	-0.003169	0.001582	0.007227	0.066914	0.021665	0.012250	-0.001394
1763707551.495564	-0.172384	-0.034868	-0.003169	0.001582	0.007227	0.066914	0.035543	0.014163	0.006959
1763707551.507078	-0.172261	-0.034642	-0.003201	0.002685	0.007288	0.066264	0.041893	0.010384	0.000827
1763707551.515159	-0.172142	-0.034395	-0.003244	0.002685	0.007288	0.066264	0.032606	-0.000427	-0.004885
1763707551.525360	-0.172142	-0.034395	-0.003244	0.002685	0.007288	0.066264	0.032606	-0.000427	-0.004885
1763707551.534596	-0.172050	-0.034172	-0.003428	0.000912	0.007872	0.065829	0.020706	0.009451	-0.007682
1763707551.545470	-0.172050	-0.034172	-0.003428	0.000912	0.007872	0.065829	0.045725	0.005948	0.006788
1763707551.556612	-0.172016	-0.033939	-0.003622	0.000583	0.007664	0.063896	0.043109	0.009056	0.010585
1763707551.564887	-0.171970	-0.033736	-0.003715	0.000583	0.007664	0.063896	0.024119	0.004910	-0.003863
1763707551.574956	-0.171970	-0.033736	-0.003715	0.000583	0.007664	0.063896	0.022933	-0.003726	-0.007322
1763707551.584269	-0.171884	-0.033567	-0.003766	0.000472	0.007395	0.063002	0.022933	-0.003726	-0.007322
1763707551.594539	-0.171884	-0.033567	-0.003766	0.000472	0.007395	0.063002	0.041661	0.014866	0.025888
1763707551.604493	-0.171765	-0.033369	-0.003741	0.002086	0.006897	0.062959	0.042085	0.012708	0.028256
1763707551.614836	-0.171765	-0.033369	-0.003741	0.002086	0.006897	0.062959	0.029600	0.001711	0.020520
1763707551.624444	-0.171707	-0.033167	-0.003673	0.002767	0.006870	0.062923	0.029600	0.001711	0.020520
1763707551.635177	-0.171665	-0.033011	-0.003542	0.002428	0.007246	0.062763	0.032252	-0.001100	0.017616
1763707551.645821	-0.171665	-0.033011	-0.003542	0.002428	0.007246	0.062763	0.044427	0.009530	0.035187
1763707551.656892	-0.171587	-0.032885	-0.003210	0.002430	0.007869	0.062833	0.029914	0.013873	0.041301
1763707551.665015	-0.171520	-0.032735	-0.002975	0.002430	0.007869	0.062833	0.030215	-0.001910	0.020084
1763707551.675740	-0.171520	-0.032735	-0.002975	0.002430	0.007869	0.062833	0.023629	-0.006172	0.007930
1763707551.684708	-0.171408	-0.032496	-0.002599	0.001876	0.008202	0.062558	0.027571	0.003830	0.026221
1763707551.695092	-0.171408	-0.032496	-0.002599	0.001876	0.008202	0.062558	0.040960	0.014216	0.034731
1763707551.704694	-0.171386	-0.032351	-0.002232	0.002126	0.008228	0.062532	0.028814	0.001302	0.025156
1763707551.715162	-0.171386	-0.032351	-0.002232	0.002126	0.008228	0.062532	0.028559	-0.009548	0.004444
1763707551.724882	-0.171363	-0.032172	-0.001999	0.000903	0.008402	0.062738	0.028559	-0.009548	0.004444
1763707551.735401	-0.171355	-0.032008	-0.001759	0.000444	0.008479	0.062940	0.030997	0.008521	0.018243
1763707551.748439	-0.171355	-0.032008	-0.001759	0.001078	0.008150	0.062556	0.026889	0.006386	0.018302
1763707551.756323	-0.171286	-0.031857	-0.001595	0.001078	0.008150	0.062556	0.032384	-0.005658	-0.001170
1763707551.765652	-0.171273	-0.031670	-0.001463	0.001724	0.007818	0.062379	0.022442	-0.000960	-0.009849
1763707551.775555	-0.171273	-0.031670	-0.001463	0.001724	0.007818	0.062379	0.019268	0.005014	-0.000273
1763707551.785442	-0.171225	-0.031454	-0.001386	0.002349	0.007543	0.061630	0.019268	0.005014	-0.000273
1763707551.796027	-0.171225	-0.031454	-0.001386	0.002349	0.007543	0.061630	0.034597	-0.004658	-0.006371
1763707551.805089	-0.171198	-0.031314	-0.001401	0.002420	0.007360	0.060708	0.034597	-0.004658	-0.006371
1763707551.815979	-0.171198	-0.031314	-0.001401	0.002420	0.007360	0.060708	0.012735	0.001418	-0.018619
1763707551.827914	-0.171227	-0.031180	-0.001457	0.001566	0.007899	0.060130	0.028110	0.005175	-0.007605
1763707551.835514	-0.171233	-0.030985	-0.001658	0.000012	0.008620	0.059943	0.030492	0.008537	0.007273
1763707551.845190	-0.171233	-0.030985	-0.001658	0.000012	0.008620	0.059943	0.029329	-0.000614	-0.003587
1763707551.855018	-0.171197	-0.030824	-0.001923	-0.000948	0.009474	0.059169	0.018245	-0.005754	-0.018092
1763707551.864986	-0.171197	-0.030824	-0.001923	-0.000948	0.009474	0.059169	0.005819	-0.004071	-0.011758
1763707551.874845	-0.171184	-0.030665	-0.002096	-0.002819	0.010140	0.058384	0.021107	0.003084	-0.000189
1763707551.885381	-0.171088	-0.030509	-0.002167	-0.003026	0.010363	0.057754	0.021107	0.003084	-0.000189
1763707551.895597	-0.171088	-0.030509	-0.002167	-0.003026	0.010363	0.057754	0.025606	0.008263	0.015227
1763707551.905130	-0.170995	-0.030257	-0.002212	-0.002226	0.010063	0.057239	0.014097	-0.005523	0.005945
1763707551.914575	-0.170957	-0.029971	-0.002207	-0.002083	0.009733	0.057259	0.012508	-0.008721	-0.002963
1763707551.925006	-0.170957	-0.029971	-0.002207	-0.002083	0.009733	0.057259	0.012508	-0.008721	-0.002963
1763707551.937039	-0.170885	-0.029685	-0.002086	-0.000310	0.009810	0.057068	0.024805	0.008844	0.029276
1763707551.944609	-0.170885	-0.029685	-0.002086	-0.000310	0.009810	0.057068	0.024805	0.008844	0.029276
1763707551.954933	-0.170885	-0.029685	-0.002086	-0.000310	0.009810	0.057068	0.024262	-0.003779	0.012741
1763707551.965690	-0.170903	-0.029260	-0.001641	0.000514	0.010191	0.056637	0.006959	-0.006774	0.008822
1763707551.975841	-0.170903	-0.029260	-0.001641	0.000514	0.010191	0.056637	0.015735	-0.000804	0.017939
1763707551.985142	-0.170943	-0.029030	-0.001310	-0.000057	0.010107	0.056939	0.036977	0.010880	0.031364
1763707551.995139	-0.170943	-0.029030	-0.001310	-0.000057	0.010107	0.056939	0.024270	0.006984	0.033809
1763707552.004892	-0.170877	-0.028832	-0.000923	-0.000244	0.010932	0.057138	0.024270	0.006984	0.033809
1763707552.014660	-0.170817	-0.028630	-0.000575	-0.002673	0.011828	0.057393	0.016881	-0.004014	0.004249
1763707552.024950	-0.170817	-0.028630	-0.000575	-0.002673	0.011828	0.057393	0.021634	0.005816	0.020384
1763707552.034520	-0.170729	-0.028446	-0.000285	-0.002796	0.011997	0.057581	0.028614	0.007946	0.026555
1763707552.044703	-0.170729	-0.028446	-0.000285	-0.002796	0.011997	0.057581	0.018964	-0.001425	0.004517
1763707552.055145	-0.170703	-0.028162	0.000043	-0.001560	0.011817	0.057727	0.016951	-0.007829	-0.010238
1763707552.064227	-0.170625	-0.027889	0.000223	-0.002519	0.011868	0.057593	0.009894	0.009481	0.001596
1763707552.074543	-0.170625	-0.027889	0.000223	-0.002519	0.011868	0.057593	0.031287	0.009400	0.006387
1763707552.084664	-0.170537	-0.027667	0.000280	-0.001929	0.011346	0.057831	0.021635	-0.001306	-0.004594
1763707552.098388	-0.170537	-0.027667	0.000280	-0.001929	0.011346	0.057831	0.014868	-0.004064	-0.024118
1763707552.104398	-0.170452	-0.027314	0.000252	-0.003014	0.011030	0.057898	0.008722	0.007769	-0.023136
1763707552.115033	-0.170452	-0.027314	0.000252	-0.003014	0.011030	0.057898	0.019327	0.006053	-0.009790
1763707552.124961	-0.170404	-0.027025	0.000199	-0.004985	0.011204	0.057128	0.021521	0.009855	-0.013425
1763707552.134796	-0.170389	-0.026713	0.000046	-0.005702	0.011172	0.056501	0.024515	-0.002304	-0.027444
1763707552.145593	-0.170389	-0.026713	0.000046	-0.005702	0.011172	0.056501	0.005336	0.000268	-0.032382
1763707552.155315	-0.170261	-0.026405	-0.000248	-0.003987	0.010531	0.055613	0.007995	0.007952	-0.021427
1763707552.165088	-0.170261	-0.026405	-0.000248	-0.003987	0.010531	0.055613	0.035014	0.007860	-0.016176
1763707552.175041	-0.170187	-0.026114	-0.000632	-0.002982	0.010170	0.054953	0.024226	0.007736	-0.013825
1763707552.184660	-0.170125	-0.025865	-0.001032	-0.001366	0.009119	0.054097	0.006917	-0.001843	-0.025560
1763707552.196027	-0.170125	-0.025865	-0.001032	-0.001366	0.009119	0.054097	0.005714	-0.003768	-0.033576
1763707552.204955	-0.170005	-0.025531	-0.001359	-0.001792	0.008814	0.053144	0.005643	0.002570	-0.020875
1763707552.214543	-0.170005	-0.025531	-0.001359	-0.001792	0.008814	0.053144	0.013815	0.011531	0.003496
1763707552.224695	-0.169930	-0.025189	-0.001590	-0.001973	0.008602	0.052077	0.013815	0.011531	0.003496
1763707552.235488	-0.169831	-0.024843	-0.001854	0.000459	0.008020	0.051229	0.023645	0.005536	0.005398
1763707552.248734	-0.169831	-0.024843	-0.001854	0.000459	0.008020	0.051229	0.007935	-0.004810	-0.000095
1763707552.257258	-0.169799	-0.024489	-0.001881	-0.001614	0.009023	0.050569	0.000417	-0.004710	0.001177
1763707552.264878	-0.169799	-0.024489	-0.001881	-0.001614	0.009023	0.050569	0.014162	0.004880	0.011926
1763707552.274911	-0.169847	-0.024143	-0.001818	-0.000893	0.008477	0.050553	0.029222	0.011932	0.035772
1763707552.284621	-0.169818	-0.023911	-0.001768	-0.000100	0.008056	0.050500	0.029222	0.011932	0.035772
1763707552.294949	-0.169818	-0.023911	-0.001768	-0.000100	0.008056	0.050500	0.007515	-0.003301	0.006051
1763707552.305628	-0.169758	-0.023583	-0.001549	0.001232	0.008414	0.050436	0.007515	-0.003301	0.006051
1763707552.314838	-0.169648	-0.023255	-0.001249	0.003279	0.008803	0.050150	0.018949	0.014672	0.030320
1763707552.324889	-0.169648	-0.023255	-0.001249	0.003279	0.008803	0.050150	0.026281	0.008972	0.030526
1763707552.334743	-0.169573	-0.022834	-0.000871	0.001774	0.009545	0.050097	0.026281	0.008972	0.030526
1763707552.345030	-0.169573	-0.022834	-0.000871	0.001774	0.009545	0.050097	0.006690	-0.004467	0.004406
1763707552.355328	-0.169549	-0.022526	-0.000489	0.001774	0.009767	0.050327	0.022509	0.008894	0.008735
1763707552.364983	-0.169549	-0.022526	-0.000489	0.001774	0.009767	0.050327	0.020876	0.012353	0.023401
1763707552.375178	-0.169492	-0.022197	-0.000185	0.001354	0.010655	0.050440	0.016013	-0.003915	0.005466
1763707552.384619	-0.169442	-0.021829	-0.000002	0.001219	0.010953	0.049765	0.009120	-0.004183	-0.014966
1763707552.394984	-0.169442	-0.021829	-0.000002	0.001219	0.010953	0.049765	0.017606	0.004850	0.002102
1763707552.406557	-0.169361	-0.021559	0.000140	0.000176	0.011069	0.049235	0.021729	0.013686	0.014829
1763707552.415033	-0.169285	-0.021326	0.000247	0.000949	0.011331	0.048978	0.016584	0.002699	-0.001430
1763707552.424972	-0.169285	-0.021326	0.000247	0.000949	0.011331	0.048978	0.016584	0.002699	-0.001430
1763707552.435382	-0.169255	-0.021035	0.000251	0.000046	0.011820	0.048740	0.010719	0.004955	-0.013346
1763707552.445245	-0.169255	-0.021035	0.000251	0.000046	0.011820	0.048740	0.019010	0.014809	-0.001556
1763707552.454735	-0.169233	-0.020742	0.000150	-0.001117	0.011889	0.049125	0.021657	0.007488	-0.003391
1763707552.469485	-0.169233	-0.020742	0.000150	-0.001117	0.011889	0.049125	0.015272	-0.001001	-0.016173
1763707552.476998	-0.169211	-0.020486	0.000055	-0.000994	0.011613	0.048432	0.015472	-0.001576	-0.025337
1763707552.484507	-0.169152	-0.020196	-0.000128	-0.000994	0.011613	0.048432	0.015472	-0.001576	-0.025337
1763707552.494535	-0.169152	-0.020196	-0.000128	-0.000994	0.011613	0.048432	0.021686	0.011578	-0.003375
1763707552.505069	-0.169050	-0.019827	-0.000368	-0.000974	0.011501	0.047860	0.021686	0.011578	-0.003375
1763707552.514873	-0.168959	-0.019500	-0.000666	-0.000855	0.011446	0.047502	0.007710	-0.002050	-0.031324
1763707552.526713	-0.168959	-0.019500	-0.000666	-0.000855	0.011446	0.047502	0.007710	-0.002050	-0.031324
1763707552.536361	-0.168884	-0.019143	-0.001049	0.000215	0.011008	0.047060	0.015013	0.016689	-0.014898
1763707552.545290	-0.168884	-0.019143	-0.001049	0.000215	0.011008	0.047060	0.015013	0.016689	-0.014898
1763707552.555157	-0.168783	-0.018809	-0.001372	0.001037	0.010792	0.046025	0.021314	0.009471	-0.002714
1763707552.567025	-0.168647	-0.018532	-0.001697	0.001970	0.010951	0.045320	0.026248	-0.002058	-0.011903
1763707552.577312	-0.168647	-0.018532	-0.001697	0.000712	0.011640	0.044153	0.015863	0.001538	-0.023434
1763707552.584903	-0.168525	-0.018214	-0.001917	0.000712	0.011640	0.044153	0.011521	0.007869	-0.003158
1763707552.594745	-0.168525	-0.018214	-0.001917	0.000712	0.011640	0.044153	0.011521	0.007869	-0.003158
1763707552.604576	-0.168408	-0.017827	-0.002129	0.002365	0.011518	0.042776	0.024840	0.006581	0.000312
1763707552.614868	-0.168408	-0.017827	-0.002129	0.002365	0.011518	0.042776	0.020763	-0.003175	-0.007556
1763707552.627287	-0.168318	-0.017150	-0.002291	0.001432	0.011838	0.039471	0.009248	-0.001253	-0.008394
1763707552.634421	-0.168318	-0.017150	-0.002291	0.001432	0.011838	0.039471	0.009248	-0.001253	-0.008394
1763707552.644866	-0.168318	-0.017150	-0.002291	0.001432	0.011838	0.039471	0.029112	0.008255	0.021210
1763707552.654530	-0.168232	-0.016845	-0.002355	0.001582	0.011805	0.038489	0.029112	0.008255	0.021210
1763707552.664313	-0.168109	-0.016552	-0.002325	0.002656	0.011168	0.037217	0.021267	0.001785	0.010464
1763707552.676386	-0.168109	-0.016552	-0.002325	0.002656	0.011168	0.037217	0.021267	0.001785	0.010464
1763707552.685402	-0.168013	-0.016216	-0.002190	0.004827	0.010433	0.036032	0.012804	0.000214	0.014836
1763707552.694914	-0.168013	-0.016216	-0.002190	0.004827	0.010433	0.036032	0.029732	0.004848	0.025844
1763707552.731669	-0.167584	-0.015253	-0.001720	0.007277	0.009571	0.032644	0.015628	0.006050	0.016463
1763707552.738526	-0.167584	-0.015253	-0.001720	0.007277	0.009571	0.032644	0.037996	0.003019	0.026667
1763707552.749510	-0.167483	-0.015012	-0.001482	0.008407	0.009830	0.031338	0.023789	-0.003109	0.017359
1763707552.757334	-0.167422	-0.014819	-0.001278	0.009008	0.009840	0.029861	0.023789	-0.003109	0.017359
1763707552.767302	-0.167422	-0.014819	-0.001278	0.009008	0.009840	0.029861	0.005014	-0.004076	-0.000293
1763707552.777154	-0.167285	-0.014584	-0.001101	0.009254	0.009415	0.029306	0.012854	-0.005727	0.001465
1763707552.787475	-0.167285	-0.014584	-0.001101	0.009254	0.009415	0.029306	0.019678	0.000748	0.019964
1763707552.798851	-0.167118	-0.014374	-0.000917	0.010472	0.009810	0.028443	0.026863	0.002541	0.018643
1763707552.806803	-0.167118	-0.014374	-0.000917	0.010472	0.009810	0.028443	0.022288	-0.009140	0.002940
1763707552.817951	-0.166929	-0.014120	-0.000662	0.009964	0.010937	0.027518	0.022288	-0.009140	0.002940
1763707552.827356	-0.166929	-0.014120	-0.000662	0.010252	0.011553	0.026674	0.016819	-0.002268	0.012069
1763707552.839183	-0.166782	-0.013948	-0.000476	0.010252	0.011553	0.026674	0.038322	-0.001729	0.023238
1763707552.848053	-0.166611	-0.013763	-0.000385	0.010852	0.011509	0.025979	0.022866	-0.012004	0.016286
1763707552.858135	-0.166611	-0.013763	-0.000385	0.010852	0.011509	0.025979	0.022866	-0.012004	0.016286
1763707552.866781	-0.166459	-0.013575	-0.000240	0.011309	0.010522	0.025172	0.014878	-0.011297	-0.001547
1763707552.878531	-0.166305	-0.013378	-0.000037	0.011099	0.010181	0.023496	0.017378	-0.007961	0.019004
1763707552.887236	-0.166305	-0.013378	-0.000037	0.011099	0.010181	0.023496	0.017378	-0.007961	0.019004
1763707552.900290	-0.166094	-0.013222	0.000152	0.010343	0.010506	0.022079	0.026969	-0.017123	-0.001328
1763707552.907393	-0.166094	-0.013222	0.000152	0.011150	0.010473	0.021119	0.008209	-0.018846	-0.002220
1763707552.917890	-0.165886	-0.013097	0.000284	0.011150	0.010473	0.021119	0.016835	-0.011216	0.006036
1763707552.927165	-0.165713	-0.013061	0.000358	0.010835	0.010402	0.020219	0.016835	-0.011216	0.006036
1763707552.940289	-0.165713	-0.013061	0.000358	0.010835	0.010402	0.020219	0.029050	-0.025187	-0.001470
1763707552.948214	-0.165586	-0.013015	0.000370	0.011104	0.010443	0.019707	0.008448	-0.021032	-0.015612
1763707552.956853	-0.165586	-0.013015	0.000370	0.011104	0.010443	0.019707	0.008448	-0.021032	-0.015612
1763707552.967484	-0.165418	-0.013011	0.000357	0.011427	0.010332	0.019239	0.040456	-0.019002	0.008674
1763707552.977513	-0.165184	-0.013083	0.000329	0.011548	0.010458	0.018564	0.040456	-0.019002	0.008674
1763707552.987725	-0.165184	-0.013083	0.000329	0.011548	0.010458	0.018564	0.014575	-0.023325	-0.014455
1763707552.998764	-0.165002	-0.013115	0.000245	0.010969	0.011276	0.018236	0.014575	-0.023325	-0.014455
1763707553.007520	-0.164792	-0.013217	0.000159	0.010200	0.011218	0.017560	0.025394	-0.017264	0.005268
1763707553.018035	-0.164792	-0.013217	0.000159	0.010200	0.011218	0.017560	0.025394	-0.017264	0.005268
1763707553.027558	-0.164792	-0.013217	0.000159	0.009055	0.010510	0.016594	0.031182	-0.033356	-0.017696
1763707553.036760	-0.164632	-0.013346	0.000016	0.009055	0.010510	0.016594	0.007927	-0.028169	-0.018309
1763707553.047873	-0.164393	-0.013531	-0.000217	0.009191	0.010049	0.015472	0.017630	-0.020017	-0.008907
1763707553.061279	-0.164393	-0.013531	-0.000217	0.009267	0.009706	0.014378	0.040224	-0.024226	0.001465
1763707553.066839	-0.164197	-0.013643	-0.000341	0.009267	0.009706	0.014378	0.027280	-0.027443	0.002517
1763707553.076802	-0.164015	-0.013760	-0.000498	0.009089	0.009057	0.013862	0.027280	-0.027443	0.002517
1763707553.086880	-0.164015	-0.013760	-0.000498	0.009089	0.009057	0.013862	0.019484	-0.033809	-0.015122
1763707553.098597	-0.163807	-0.013830	-0.000572	0.009955	0.008571	0.012655	0.019484	-0.033809	-0.015122
1763707553.107333	-0.163807	-0.013830	-0.000572	0.009955	0.008571	0.012655	0.033630	-0.027578	0.011582
1763707553.118068	-0.163590	-0.013971	-0.000654	0.011207	0.008102	0.011503	0.038854	-0.036299	-0.002599
1763707553.126721	-0.163357	-0.014192	-0.000778	0.009938	0.008018	0.010781	0.011912	-0.037438	-0.014324
1763707553.138565	-0.163357	-0.014192	-0.000778	0.009938	0.008018	0.010781	0.010662	-0.035915	-0.008510
1763707553.148111	-0.163083	-0.014400	-0.000836	0.008836	0.008135	0.010058	0.029031	-0.029199	0.003147
1763707553.158106	-0.163083	-0.014400	-0.000836	0.008836	0.008135	0.010058	0.036798	-0.031468	0.012253
1763707553.167797	-0.162901	-0.014638	-0.000845	0.008039	0.008160	0.009094	0.023282	-0.040340	0.003569
1763707553.177481	-0.162703	-0.014936	-0.000841	0.007013	0.008355	0.008416	0.013465	-0.040349	-0.006293
1763707553.187148	-0.162703	-0.014936	-0.000841	0.007013	0.008355	0.008416	0.017513	-0.035859	-0.003215
1763707553.198298	-0.162420	-0.015220	-0.000804	0.005667	0.008777	0.008256	0.024496	-0.034807	0.017352
1763707553.206974	-0.162420	-0.015220	-0.000804	0.005667	0.008777	0.008256	0.034331	-0.035442	0.021457
1763707553.218883	-0.162242	-0.015508	-0.000772	0.005950	0.008615	0.007770	0.031972	-0.043354	0.003041
1763707553.228069	-0.162059	-0.015812	-0.000675	0.007525	0.007982	0.006794	0.031972	-0.043354	0.003041
1763707553.236748	-0.162059	-0.015812	-0.000675	0.007525	0.007982	0.006794	0.012479	-0.039278	0.008133
1763707553.247647	-0.161869	-0.016120	-0.000475	0.007720	0.007707	0.006546	0.040713	-0.037433	0.020188
1763707553.256760	-0.161869	-0.016120	-0.000475	0.007720	0.007707	0.006546	0.040713	-0.037433	0.020188
1763707553.270415	-0.161869	-0.016120	-0.000475	0.007934	0.007452	0.006309	0.014423	-0.048807	0.010416
1763707553.280072	-0.161515	-0.016851	-0.000036	0.005786	0.007198	0.006056	0.014516	-0.047825	0.003027
1763707553.286872	-0.161515	-0.016851	-0.000036	0.005786	0.007198	0.006056	0.016690	-0.037514	0.017144
1763707553.297494	-0.161352	-0.017177	0.000245	0.005368	0.006668	0.005536	0.032646	-0.040227	0.028372
1763707553.306722	-0.161058	-0.017591	0.000491	0.005367	0.006318	0.005323	0.030176	-0.048120	0.008441
1763707553.316824	-0.161058	-0.017591	0.000491	0.005367	0.006318	0.005323	0.004702	-0.046878	-0.004694
1763707553.328198	-0.161058	-0.017591	0.000491	0.004818	0.006264	0.005226	0.009954	-0.044960	0.004832
1763707553.336812	-0.160807	-0.017984	0.000751	0.004818	0.006264	0.005226	0.033429	-0.038068	0.014566
1763707553.348380	-0.160663	-0.018355	0.000916	0.005570	0.006143	0.004851	0.028393	-0.047868	0.010338
1763707553.357117	-0.160499	-0.018764	0.001018	0.005751	0.005836	0.004322	0.006300	-0.052140	-0.004558
1763707553.366756	-0.160499	-0.018764	0.001018	0.005751	0.005836	0.004322	0.004820	-0.042153	-0.005308
1763707553.377624	-0.160350	-0.019129	0.001109	0.006270	0.005730	0.004269	0.027533	-0.043121	0.007536
1763707553.386976	-0.160350	-0.019129	0.001109	0.006270	0.005730	0.004269	0.023438	-0.044459	0.008957
1763707553.398022	-0.160181	-0.019526	0.001112	0.006448	0.005973	0.003706	0.005456	-0.050474	-0.014987
1763707553.408141	-0.160116	-0.019995	0.001129	0.003609	0.006614	0.003369	0.005456	-0.050474	-0.014987
1763707553.417279	-0.160116	-0.019995	0.001129	0.003609	0.006614	0.003369	0.009126	-0.040605	0.003998
1763707553.429691	-0.159941	-0.020395	0.001135	0.001722	0.007363	0.003403	0.025121	-0.039814	0.011522
1763707553.438021	-0.159941	-0.020395	0.001135	0.001722	0.007363	0.003403	-0.000707	-0.051148	-0.010792
1763707553.447141	-0.159753	-0.020830	0.001148	0.000388	0.007403	0.003548	0.002901	-0.044472	-0.003138
1763707553.458428	-0.159531	-0.021272	0.001136	-0.000817	0.007835	0.003153	0.002901	-0.044472	-0.003138
1763707553.466909	-0.159531	-0.021272	0.001136	-0.000817	0.007835	0.003153	0.029536	-0.041525	0.005309
1763707553.476903	-0.159325	-0.021671	0.001128	-0.000925	0.008125	0.003329	0.020349	-0.042252	0.010395
1763707553.487411	-0.159325	-0.021671	0.001128	-0.000925	0.008125	0.003329	0.003134	-0.049801	-0.006547
1763707553.497861	-0.159184	-0.022073	0.001138	-0.001415	0.008276	0.002890	0.005041	-0.051295	-0.015877
1763707553.506783	-0.159084	-0.022553	0.001264	-0.001113	0.008606	0.002851	0.009443	-0.042089	0.004733
1763707553.518358	-0.159084	-0.022553	0.001264	-0.001113	0.008606	0.002851	0.025538	-0.046481	0.003021
1763707553.526746	-0.158945	-0.022996	0.001453	-0.000623	0.007937	0.002530	0.025538	-0.046481	0.003021
1763707553.537384	-0.158945	-0.022996	0.001453	-0.000623	0.007937	0.002530	0.003608	-0.049974	-0.008058
1763707553.547870	-0.158853	-0.023398	0.001577	-0.000311	0.007970	0.002365	0.001978	-0.050536	-0.001224
1763707553.558313	-0.158634	-0.023897	0.001715	0.000382	0.008287	0.002319	0.024693	-0.038071	0.007331
1763707553.567713	-0.158634	-0.023897	0.001715	0.000382	0.008287	0.002319	0.025310	-0.037351	0.012449
1763707553.577959	-0.158417	-0.024284	0.001810	0.000157	0.008371	0.002389	0.003634	-0.049951	0.000135
1763707553.589148	-0.158417	-0.024284	0.001810	0.000157	0.008371	0.002389	0.014928	-0.042032	0.001409
1763707553.598360	-0.158293	-0.024652	0.001960	-0.001443	0.009034	0.002054	0.014928	-0.042032	0.001409
1763707553.607670	-0.158177	-0.025035	0.002134	-0.002548	0.009860	0.002068	0.027475	-0.040284	0.013921
1763707553.617382	-0.158177	-0.025035	0.002134	-0.002548	0.009860	0.002068	0.027475	-0.040284	0.013921
1763707553.626793	-0.158013	-0.025413	0.002321	-0.003092	0.010486	0.002971	0.008005	-0.043669	-0.004835
1763707553.638128	-0.158013	-0.025413	0.002321	-0.003092	0.010486	0.002971	0.004042	-0.048929	0.001033
1763707553.648062	-0.157846	-0.025756	0.002481	-0.001537	0.010957	0.003905	0.022322	-0.033845	0.009546
1763707553.656899	-0.157846	-0.025756	0.002481	-0.001537	0.010957	0.003905	0.028178	-0.032293	0.011997
1763707553.666863	-0.157655	-0.026143	0.002602	-0.000879	0.010986	0.004901	0.004084	-0.049717	-0.009891
1763707553.677004	-0.157481	-0.026488	0.002734	-0.001830	0.011084	0.005591	0.012747	-0.039074	-0.008252
1763707553.686760	-0.157481	-0.026488	0.002734	-0.001830	0.011084	0.005591	0.032936	-0.033250	0.010579
1763707553.697899	-0.157251	-0.026819	0.002844	-0.003836	0.012473	0.006261	0.032936	-0.033250	0.010579
1763707553.707249	-0.157005	-0.027220	0.002888	-0.003797	0.012443	0.006325	0.025901	-0.031426	0.006465
1763707553.717393	-0.157005	-0.027220	0.002888	-0.003797	0.012443	0.006325	0.011199	-0.044364	-0.018576
1763707553.727411	-0.156787	-0.027527	0.002860	-0.004626	0.012973	0.006493	0.023501	-0.029451	-0.001630
1763707553.737207	-0.156787	-0.027527	0.002860	-0.004626	0.012973	0.006493	0.035005	-0.024154	-0.010914
1763707553.749096	-0.156562	-0.027767	0.002734	-0.003743	0.012823	0.006842	0.015374	-0.040530	-0.026160
1763707553.757045	-0.156337	-0.027999	0.002472	-0.001518	0.012204	0.007283	0.015374	-0.040530	-0.026160
1763707553.766998	-0.156337	-0.027999	0.002472	-0.001518	0.012204	0.007283	0.028323	-0.022379	-0.014848
1763707553.777036	-0.156106	-0.028251	0.002206	-0.002061	0.011972	0.007789	0.039576	-0.023286	-0.009546
1763707553.786967	-0.156106	-0.028251	0.002206	-0.002061	0.011972	0.007789	0.022914	-0.038291	-0.023609
1763707553.799130	-0.155865	-0.028563	0.001806	-0.000838	0.010889	0.008895	0.007053	-0.036822	-0.034768
1763707553.807117	-0.155532	-0.028793	0.001534	-0.001833	0.011045	0.009652	0.023745	-0.028167	-0.022457
1763707553.816861	-0.155532	-0.028793	0.001534	-0.001833	0.011045	0.009652	0.037763	-0.023352	-0.005062
1763707553.826660	-0.155299	-0.029048	0.001219	-0.000517	0.009940	0.010223	0.025497	-0.017458	-0.003435
1763707553.836938	-0.155299	-0.029048	0.001219	-0.000517	0.009940	0.010223	0.019982	-0.035789	-0.020099
1763707553.848741	-0.155023	-0.029226	0.000938	-0.001347	0.009506	0.010818	0.021732	-0.018096	-0.006244
1763707553.861501	-0.155023	-0.029226	0.000938	-0.000878	0.009153	0.011735	0.021732	-0.018096	-0.006244
1763707553.866879	-0.154814	-0.029338	0.000767	-0.000878	0.009153	0.011735	0.043078	-0.015690	0.002708
1763707553.877134	-0.154566	-0.029515	0.000563	-0.002757	0.008793	0.012346	0.034795	-0.027320	-0.006980
1763707553.886854	-0.154566	-0.029515	0.000563	-0.002757	0.008793	0.012346	0.010280	-0.031198	-0.023105
1763707553.898901	-0.154202	-0.029696	0.000346	-0.004786	0.008901	0.013445	0.025606	-0.026031	-0.022674
1763707553.908751	-0.153824	-0.029841	0.000202	-0.005623	0.009101	0.014442	0.027888	-0.008718	0.009775
1763707553.917145	-0.153824	-0.029841	0.000202	-0.005623	0.009101	0.014442	0.027888	-0.008718	0.009775
1763707553.926861	-0.153491	-0.029975	0.000058	-0.005766	0.008756	0.015173	0.024786	-0.021313	-0.005883
1763707553.938436	-0.153491	-0.029975	0.000058	-0.005766	0.008756	0.015173	0.025477	-0.028713	-0.020484
1763707553.948090	-0.153155	-0.029946	-0.000038	-0.007075	0.009371	0.016204	0.019437	-0.018904	-0.008704
1763707553.959063	-0.152851	-0.029936	-0.000154	-0.007205	0.009042	0.016978	0.032257	-0.007059	0.004555
1763707553.967248	-0.152851	-0.029936	-0.000154	-0.007205	0.009042	0.016978	0.032819	-0.009768	-0.000443
1763707553.976839	-0.152488	-0.029874	-0.000213	-0.007954	0.009053	0.018680	0.020520	-0.022844	-0.015802
1763707553.987853	-0.152488	-0.029874	-0.000213	-0.007954	0.009053	0.018680	0.019220	-0.018823	-0.021192
1763707553.997144	-0.152137	-0.029806	-0.000277	-0.009928	0.009426	0.019510	0.027445	-0.003102	-0.007794
1763707554.006963	-0.151860	-0.029757	-0.000347	-0.010135	0.009099	0.020867	0.031863	-0.005669	0.011467
1763707554.018697	-0.151860	-0.029757	-0.000347	-0.010135	0.009099	0.020867	0.030209	-0.013020	0.002308
1763707554.026825	-0.151604	-0.029741	-0.000422	-0.010124	0.008664	0.021350	0.030209	-0.013020	0.002308
1763707554.036805	-0.151604	-0.029741	-0.000422	-0.010124	0.008664	0.021350	0.026449	-0.014142	-0.016221
1763707554.047326	-0.151261	-0.029678	-0.000447	-0.009204	0.008085	0.021934	0.015882	0.001301	-0.001693
1763707554.057117	-0.151261	-0.029678	-0.000447	-0.009204	0.008085	0.021934	0.025319	0.001983	0.003597
1763707554.068107	-0.150950	-0.029596	-0.000525	-0.009143	0.007648	0.022087	0.035583	-0.011801	-0.011647
1763707554.076895	-0.150566	-0.029409	-0.000630	-0.008236	0.006836	0.022369	0.015274	-0.008387	-0.017604
1763707554.086736	-0.150566	-0.029409	-0.000630	-0.008236	0.006836	0.022369	0.015274	-0.008387	-0.017604
1763707554.096997	-0.150249	-0.029208	-0.000729	-0.007698	0.006455	0.022617	0.020825	0.004708	-0.003145
1763707554.106736	-0.150249	-0.029208	-0.000729	-0.007698	0.006455	0.022617	0.036488	0.001688	0.007287
1763707554.117354	-0.149965	-0.028920	-0.000803	-0.005625	0.005422	0.022850	0.036488	0.001688	0.007287
1763707554.127755	-0.149717	-0.028640	-0.000883	-0.003495	0.004673	0.022917	0.038013	-0.005701	-0.005852
1763707554.137856	-0.149717	-0.028640	-0.000883	-0.003495	0.004673	0.022917	0.016943	-0.007108	-0.013544
1763707554.148303	-0.149442	-0.028373	-0.001024	-0.001678	0.004055	0.022460	0.029993	0.003983	0.003231
1763707554.157243	-0.149142	-0.028145	-0.001063	-0.000197	0.003669	0.022104	0.033584	0.011097	0.013900
1763707554.167244	-0.149142	-0.028145	-0.001063	-0.000197	0.003669	0.022104	0.029020	-0.001262	0.004428
1763707554.177086	-0.148865	-0.027820	-0.001031	0.000522	0.003094	0.022241	0.013695	-0.004878	-0.003933
1763707554.186826	-0.148865	-0.027820	-0.001031	0.000522	0.003094	0.022241	0.013695	-0.004878	-0.003933
1763707554.197545	-0.148621	-0.027573	-0.001033	0.002392	0.002245	0.022801	0.027248	0.008541	0.014158
1763707554.206807	-0.148621	-0.027573	-0.001033	0.002392	0.002245	0.022801	0.035560	0.009290	0.020669
1763707554.217164	-0.148353	-0.027319	-0.001021	0.003098	0.001901	0.022813	0.020955	0.000686	0.009819
1763707554.227357	-0.148131	-0.027061	-0.000944	0.003715	0.002013	0.023024	0.011189	-0.005153	-0.007419
1763707554.236784	-0.148131	-0.027061	-0.000944	0.003715	0.002013	0.023024	0.011189	-0.005153	-0.007419
1763707554.247390	-0.147899	-0.026821	-0.000815	0.003095	0.002450	0.023286	0.030300	0.013437	0.025231
1763707554.256918	-0.147899	-0.026821	-0.000815	0.003095	0.002450	0.023286	0.030300	0.013437	0.025231
1763707554.266954	-0.147661	-0.026525	-0.000652	0.001575	0.003282	0.023934	0.028652	0.008137	0.018499
1763707554.279782	-0.147475	-0.026210	-0.000499	0.000639	0.003964	0.024677	0.014392	-0.003765	0.001645
1763707554.287604	-0.147475	-0.026210	-0.000499	0.000639	0.003964	0.024677	0.009915	-0.001550	0.000882
1763707554.299048	-0.147210	-0.025784	-0.000398	0.001440	0.003595	0.025256	0.023182	0.014298	0.009317
1763707554.307266	-0.147013	-0.025502	-0.000231	0.003115	0.002587	0.025844	0.021691	0.015703	0.022100
1763707554.316844	-0.147013	-0.025502	-0.000231	0.003115	0.002587	0.025844	0.013237	-0.004609	0.005286
1763707554.327602	-0.146793	-0.025202	-0.000164	0.002904	0.001918	0.026513	0.007867	0.000346	-0.011421
1763707554.337687	-0.146793	-0.025202	-0.000164	0.002904	0.001918	0.026513	0.023048	0.011775	0.017388
1763707554.348933	-0.146643	-0.024937	-0.000190	0.004030	0.001818	0.026873	0.013009	0.009045	0.008481
1763707554.357314	-0.146557	-0.024632	-0.000178	0.003850	0.001794	0.027071	0.013009	0.009045	0.008481
1763707554.367100	-0.146557	-0.024632	-0.000178	0.003850	0.001794	0.027071	0.013223	-0.004924	-0.017491
1763707554.377542	-0.146498	-0.024418	-0.000245	0.003333	0.002446	0.026963	0.017543	0.011107	-0.002298
1763707554.387277	-0.146498	-0.024418	-0.000245	0.003333	0.002446	0.026963	0.017543	0.011107	-0.002298
1763707554.397103	-0.146445	-0.024137	-0.000446	0.004188	0.002875	0.027171	0.011681	-0.005550	-0.015209
1763707554.407032	-0.146387	-0.023816	-0.000646	0.003729	0.003516	0.027220	0.011681	-0.005550	-0.015209
1763707554.417154	-0.146387	-0.023816	-0.000646	0.003729	0.003516	0.027220	0.007496	0.010125	-0.013005
1763707554.427434	-0.146348	-0.023466	-0.000877	0.004074	0.003264	0.027311	0.007496	0.010125	-0.013005
1763707554.439001	-0.146348	-0.023466	-0.000877	0.004074	0.003264	0.027311	0.027741	0.004075	-0.006191
1763707554.448063	-0.146332	-0.023086	-0.001061	0.004489	0.003379	0.026252	0.018058	0.003317	-0.012643
1763707554.458641	-0.146289	-0.022814	-0.001214	0.004878	0.003807	0.025710	0.003145	-0.002387	-0.028154
1763707554.466932	-0.146289	-0.022814	-0.001214	0.004878	0.003807	0.025710	0.009831	0.006121	-0.007322
1763707554.477616	-0.146247	-0.022544	-0.001535	0.006846	0.003873	0.025773	0.029541	0.008949	0.002556
1763707554.490438	-0.146247	-0.022544	-0.001535	0.006846	0.003873	0.025773	0.014751	0.003095	-0.001735
1763707554.498034	-0.146190	-0.022286	-0.001773	0.007057	0.004328	0.025621	-0.002991	-0.005018	-0.010102
1763707554.506982	-0.146198	-0.022127	-0.001935	0.008384	0.004319	0.025879	-0.002991	-0.005018	-0.010102
1763707554.517114	-0.146198	-0.022127	-0.001935	0.008384	0.004319	0.025879	0.013565	0.002587	0.003077
1763707554.526492	-0.146123	-0.021905	-0.001931	0.007665	0.005002	0.025845	0.013565	0.002587	0.003077
1763707554.536369	-0.146123	-0.021905	-0.001931	0.007665	0.005002	0.025845	0.003745	0.007986	0.025236
1763707554.547148	-0.146095	-0.021725	-0.001840	0.008817	0.004809	0.026345	0.001979	-0.004386	0.009266
1763707554.556392	-0.146122	-0.021521	-0.001600	0.009028	0.005392	0.026944	0.002820	-0.010243	0.000200
1763707554.566601	-0.146122	-0.021521	-0.001600	0.009028	0.005392	0.026944	0.002670	0.001806	0.023015
1763707554.578066	-0.146112	-0.021325	-0.001283	0.009895	0.006035	0.027059	0.019480	0.006874	0.038192
1763707554.588331	-0.146112	-0.021325	-0.001283	0.009895	0.006035	0.027059	0.019480	0.006874	0.038192
1763707554.599488	-0.146125	-0.021140	-0.000993	0.009440	0.006191	0.027598	0.018200	0.001523	0.025171
1763707554.606982	-0.146125	-0.021140	-0.000993	0.009440	0.006191	0.027598	0.005498	-0.010430	0.010857
1763707554.617021	-0.146165	-0.020945	-0.000678	0.009540	0.005745	0.028492	0.011265	0.011414	0.022626
1763707554.628411	-0.146213	-0.020853	-0.000425	0.008856	0.006129	0.029153	0.016130	0.001272	0.022873
1763707554.637903	-0.146213	-0.020853	-0.000425	0.008856	0.006129	0.029153	0.007726	-0.011542	0.003816
1763707554.647746	-0.146233	-0.020717	-0.000190	0.006614	0.006661	0.029726	0.004497	-0.007576	-0.000544
1763707554.660981	-0.146233	-0.020717	-0.000190	0.006614	0.006661	0.029726	0.005385	0.006175	0.008294
1763707554.667118	-0.146274	-0.020595	-0.000078	0.005324	0.007208	0.030263	0.010803	0.000567	0.013721
1763707554.678155	-0.146273	-0.020483	-0.000034	0.004689	0.007794	0.030587	0.002558	-0.008705	-0.020707
1763707554.687154	-0.146273	-0.020483	-0.000034	0.004689	0.007794	0.030587	0.001546	0.004222	-0.010612
1763707554.698289	-0.146325	-0.020433	-0.000140	0.006324	0.007446	0.030563	0.020574	0.001167	-0.004838
1763707554.707322	-0.146325	-0.020433	-0.000140	0.006324	0.007446	0.030563	0.017013	-0.009300	-0.018968
1763707554.716880	-0.146325	-0.020328	-0.000357	0.006957	0.007400	0.030608	-0.007269	-0.007871	-0.027472
1763707554.727708	-0.146350	-0.020270	-0.000600	0.008047	0.007197	0.030222	-0.007269	-0.007871	-0.027472
1763707554.736748	-0.146350	-0.020270	-0.000600	0.008047	0.007197	0.030222	0.014998	0.002383	-0.011360
1763707554.747274	-0.146401	-0.020153	-0.000931	0.006268	0.008152	0.029906	0.015415	-0.002164	-0.004452
1763707554.758503	-0.146401	-0.020153	-0.000931	0.006268	0.008152	0.029906	0.015415	-0.002164	-0.004452
1763707554.767063	-0.146196	-0.019402	-0.001400	0.003930	0.009712	0.036528	-0.003296	-0.008749	-0.026057
1763707554.777801	-0.146337	-0.019801	-0.001770	0.003510	0.009911	0.032029	0.005318	-0.012707	-0.013343
1763707554.787602	-0.146337	-0.019801	-0.001770	0.003510	0.009911	0.032029	0.018280	-0.000638	0.002856
1763707554.797717	-0.146381	-0.019944	-0.002098	0.003939	0.009420	0.030199	0.018280	-0.000638	0.002856
1763707554.807306	-0.146436	-0.019942	-0.002426	0.006077	0.008628	0.029340	0.009278	-0.003253	0.006652
1763707554.819690	-0.146436	-0.019942	-0.002426	0.006077	0.008628	0.029340	0.009278	-0.003253	0.006652
1763707554.827695	-0.146432	-0.019946	-0.002594	0.006481	0.008682	0.029419	0.003121	-0.013488	-0.003697
1763707554.837095	-0.146432	-0.019946	-0.002594	0.006481	0.008682	0.029419	0.000181	-0.013019	-0.002460
1763707554.848682	-0.146417	-0.019942	-0.002632	0.006852	0.008483	0.029533	0.005303	0.001799	0.012406
1763707554.859123	-0.146417	-0.019942	-0.002632	0.006852	0.008483	0.029533	0.014391	-0.004162	0.020823
1763707554.868222	-0.146442	-0.019885	-0.002622	0.007089	0.007984	0.029784	-0.002461	-0.011555	0.006290
1763707554.877712	-0.146472	-0.019896	-0.002407	0.006454	0.007614	0.030529	0.009251	-0.016597	0.004690
1763707554.888118	-0.146472	-0.019896	-0.002407	0.006454	0.007614	0.030529	0.010766	-0.001882	0.023033
1763707554.898997	-0.146524	-0.019936	-0.002234	0.006771	0.007267	0.031251	0.010766	-0.001882	0.023033
1763707554.907594	-0.146524	-0.019936	-0.002234	0.006771	0.007267	0.031251	0.012481	-0.012758	0.012905
1763707554.919060	-0.146524	-0.019936	-0.002234	0.006165	0.006647	0.031746	0.002803	-0.016573	0.001245
1763707554.927492	-0.146553	-0.020033	-0.001762	0.005734	0.006692	0.031698	0.002803	-0.016573	0.001245
1763707554.937259	-0.146553	-0.020033	-0.001762	0.005734	0.006692	0.031698	0.007746	-0.012560	0.008363
1763707554.948062	-0.146573	-0.020085	-0.001614	0.006511	0.006540	0.032165	0.010247	-0.006013	0.024788
1763707554.957160	-0.146644	-0.020130	-0.001404	0.008072	0.006248	0.032184	0.018296	-0.019983	0.007055
1763707554.967425	-0.146644	-0.020130	-0.001404	0.008072	0.006248	0.032184	0.002646	-0.012006	-0.003659
1763707554.977105	-0.146709	-0.020180	-0.001194	0.006848	0.007098	0.032142	0.002646	-0.012006	-0.003659
1763707554.986924	-0.146709	-0.020180	-0.001194	0.006848	0.007098	0.032142	0.008782	-0.005818	0.012679
1763707554.997989	-0.146714	-0.020184	-0.001096	0.006506	0.007522	0.031932	0.019788	-0.012624	-0.001573
1763707555.006800	-0.146754	-0.020307	-0.001141	0.004852	0.007538	0.032218	0.005671	-0.013114	-0.015470
1763707555.018143	-0.146754	-0.020307	-0.001141	0.004852	0.007538	0.032218	0.001523	-0.014733	-0.010212
1763707555.027644	-0.146797	-0.020364	-0.001224	0.003936	0.007822	0.032123	0.004542	-0.000587	-0.002756
1763707555.037458	-0.146797	-0.020364	-0.001224	0.003936	0.007822	0.032123	0.020922	-0.005333	0.001047
1763707555.047405	-0.146927	-0.020511	-0.001439	0.004558	0.008288	0.031840	0.020922	-0.005333	0.001047
1763707555.057283	-0.146929	-0.020668	-0.001725	0.003612	0.008784	0.030975	-0.009556	-0.012382	-0.019471
1763707555.066601	-0.146929	-0.020668	-0.001725	0.003612	0.008784	0.030975	-0.005820	-0.015240	-0.027264
1763707555.076993	-0.146916	-0.020733	-0.001964	0.003529	0.009509	0.030395	0.000891	-0.008664	-0.012047
1763707555.086611	-0.146916	-0.020733	-0.001964	0.003529	0.009509	0.030395	0.008092	-0.002742	0.008116
1763707555.099057	-0.146964	-0.020796	-0.002156	0.002099	0.010287	0.030555	0.011619	-0.003227	0.004548
1763707555.107778	-0.146964	-0.020796	-0.002156	0.002099	0.010287	0.030555	0.007782	-0.013521	-0.005196
1763707555.118168	-0.146946	-0.020854	-0.002228	0.002120	0.010516	0.030805	-0.013021	-0.019541	-0.008129
1763707555.129510	-0.146985	-0.020950	-0.002318	0.002582	0.010533	0.030531	0.002608	-0.018428	-0.002830
1763707555.137780	-0.146985	-0.020950	-0.002318	0.002582	0.010533	0.030531	0.008109	-0.001535	0.010189
1763707555.147720	-0.147005	-0.021048	-0.002321	0.003251	0.010126	0.030508	0.006919	0.001780	0.019879
1763707555.157342	-0.146985	-0.021158	-0.002281	0.003844	0.009790	0.030490	0.003322	-0.016131	0.010981
1763707555.167118	-0.146985	-0.021158	-0.002281	0.003844	0.009790	0.030490	-0.008846	-0.019303	-0.001509
1763707555.177592	-0.147004	-0.021288	-0.002191	0.003843	0.009674	0.030913	-0.001835	-0.013510	0.001652
1763707555.187042	-0.147004	-0.021288	-0.002191	0.003843	0.009674	0.030913	0.011330	-0.009144	0.021554
1763707555.198329	-0.147064	-0.021410	-0.002068	0.005101	0.009674	0.031223	0.010504	-0.003603	0.028907
1763707555.207337	-0.147125	-0.021512	-0.001900	0.004807	0.009900	0.031457	0.010504	-0.003603	0.028907
1763707555.217719	-0.147125	-0.021512	-0.001900	0.004807	0.009900	0.031457	-0.000674	-0.024286	-0.007998
1763707555.227316	-0.147085	-0.021619	-0.001727	0.004349	0.009816	0.031735	-0.006127	-0.012940	0.002668
1763707555.237483	-0.147085	-0.021619	-0.001727	0.004349	0.009816	0.031735	0.006620	-0.002566	0.014829
1763707555.247836	-0.147087	-0.021741	-0.001535	0.005266	0.008974	0.031617	0.004511	-0.006445	0.007038
1763707555.256803	-0.147077	-0.021801	-0.001402	0.004722	0.008265	0.031787	0.000774	-0.022511	-0.005359
1763707555.266671	-0.147077	-0.021801	-0.001402	0.004722	0.008265	0.031787	-0.003928	-0.015781	-0.014447
1763707555.277188	-0.147073	-0.021935	-0.001355	0.002854	0.008252	0.032486	-0.003928	-0.015781	-0.014447
1763707555.288152	-0.147073	-0.021935	-0.001355	0.002854	0.008252	0.032486	0.008592	-0.007903	0.003188
1763707555.297861	-0.147100	-0.022063	-0.001444	0.001860	0.008548	0.032058	0.003497	-0.014975	-0.010236
1763707555.306933	-0.147107	-0.022168	-0.001496	0.000218	0.008994	0.032042	-0.001047	-0.017148	-0.028346
1763707555.316842	-0.147107	-0.022168	-0.001496	0.000218	0.008994	0.032042	-0.009928	-0.010590	-0.019006
1763707555.327003	-0.147209	-0.022214	-0.001675	-0.001048	0.009513	0.032222	-0.009928	-0.010590	-0.019006
1763707555.336922	-0.147209	-0.022214	-0.001675	-0.001048	0.009513	0.032222	0.003241	-0.004662	-0.006219
1763707555.347558	-0.147249	-0.022213	-0.001890	-0.001453	0.009976	0.032056	0.007196	-0.016103	-0.012710
1763707555.356831	-0.147249	-0.022213	-0.001890	-0.001453	0.009976	0.032056	-0.008538	-0.015847	-0.023385
1763707555.367378	-0.147206	-0.022257	-0.002169	-0.001654	0.009436	0.031437	-0.014956	-0.011720	-0.023466
1763707555.377765	-0.147156	-0.022287	-0.002309	-0.001764	0.009678	0.031110	-0.011677	-0.004879	-0.008893
1763707555.388035	-0.147156	-0.022287	-0.002309	-0.001764	0.009678	0.031110	0.017338	-0.008001	0.004420
1763707555.398374	-0.147166	-0.022352	-0.002437	-0.000676	0.009151	0.030880	0.002983	0.000033	0.012469
1763707555.406914	-0.147149	-0.022348	-0.002471	-0.001014	0.009389	0.030400	-0.000324	-0.005553	0.007036
1763707555.416897	-0.147149	-0.022348	-0.002471	-0.001014	0.009389	0.030400	-0.000324	-0.005553	0.007036
1763707555.427219	-0.147167	-0.022363	-0.002279	-0.001466	0.010581	0.030075	-0.002950	-0.012536	-0.001963
1763707555.437248	-0.147167	-0.022363	-0.002279	-0.001466	0.010581	0.030075	-0.003887	-0.004646	0.015631
1763707555.449925	-0.147137	-0.022352	-0.002046	-0.001144	0.010326	0.029679	-0.003887	-0.004646	0.015631
1763707555.458347	-0.147137	-0.022352	-0.002046	-0.001144	0.010326	0.029679	-0.002117	0.003043	0.022286
1763707555.466763	-0.147113	-0.022355	-0.001806	-0.000146	0.009942	0.029604	-0.007419	-0.013416	0.012848
1763707555.477108	-0.147032	-0.022377	-0.001530	0.000332	0.009570	0.029668	-0.015477	-0.016396	0.001310
1763707555.487135	-0.147032	-0.022377	-0.001530	0.000332	0.009570	0.029668	-0.005320	-0.003017	0.012200
1763707555.499087	-0.147023	-0.022383	-0.001182	0.000745	0.009955	0.029847	0.010572	0.000792	0.032930
1763707555.508753	-0.147047	-0.022355	-0.000887	0.000822	0.010315	0.029912	0.003984	0.000613	0.027569
1763707555.517110	-0.147047	-0.022355	-0.000887	0.000822	0.010315	0.029912	-0.007190	-0.011224	0.007968
1763707555.527291	-0.147014	-0.022299	-0.000445	0.001259	0.010193	0.030099	-0.007190	-0.011224	0.007968
1763707555.537101	-0.147014	-0.022299	-0.000445	0.001259	0.010193	0.030099	-0.003900	0.001669	0.015050
1763707555.547238	-0.147037	-0.022279	-0.000043	0.001192	0.010378	0.030100	0.005414	0.004106	0.022643
1763707555.557617	-0.146962	-0.022199	0.000282	-0.000205	0.010467	0.030075	0.000714	-0.005394	0.006337
1763707555.567198	-0.146962	-0.022199	0.000282	-0.000205	0.010467	0.030075	0.000714	-0.005394	0.006337
1763707555.576936	-0.146930	-0.022180	0.000525	-0.000463	0.010704	0.030438	0.000963	-0.001703	-0.003654
1763707555.586998	-0.146930	-0.022180	0.000525	-0.000463	0.010704	0.030438	0.000963	-0.001703	-0.003654
1763707555.597164	-0.146835	-0.022117	0.000617	-0.000552	0.010922	0.030945	0.000525	0.001275	0.001860
1763707555.609727	-0.146761	-0.022033	0.000627	-0.000554	0.010752	0.031367	-0.002014	-0.010585	-0.021070
1763707555.619217	-0.146761	-0.022033	0.000627	-0.000554	0.010752	0.031367	0.001411	-0.007650	-0.026910
1763707555.626844	-0.146632	-0.021899	0.000575	-0.000646	0.010662	0.031211	-0.007407	0.005314	-0.004478
1763707555.636861	-0.146632	-0.021899	0.000575	-0.000646	0.010662	0.031211	0.007608	0.003603	-0.009629
1763707555.647647	-0.146550	-0.021821	0.000505	-0.000380	0.010765	0.030917	0.011854	-0.008159	-0.023041
1763707555.656961	-0.146436	-0.021709	0.000323	-0.000039	0.010616	0.030797	-0.000681	-0.012014	-0.034789
1763707555.667897	-0.146436	-0.021709	0.000323	-0.000039	0.010616	0.030797	-0.010027	-0.000126	-0.029391
1763707555.678298	-0.146381	-0.021581	0.000131	0.000027	0.011223	0.030812	-0.010027	-0.000126	-0.029391
1763707555.687283	-0.146381	-0.021581	0.000131	0.000027	0.011223	0.030812	0.018748	0.000253	-0.013852
1763707555.698033	-0.146335	-0.021453	-0.000148	0.001882	0.010990	0.030185	0.013275	-0.008794	-0.014767
1763707555.707141	-0.146247	-0.021350	-0.000383	0.002982	0.010215	0.029291	0.000463	-0.006919	-0.024900
1763707555.717186	-0.146247	-0.021350	-0.000383	0.002982	0.010215	0.029291	-0.001899	-0.005373	-0.027503
1763707555.726804	-0.146206	-0.021278	-0.000560	0.003440	0.010775	0.028902	-0.001899	-0.005373	-0.027503
1763707555.736951	-0.146206	-0.021278	-0.000560	0.003440	0.010775	0.028902	-0.002135	-0.004834	-0.008029
1763707555.747368	-0.146100	-0.021189	-0.000698	0.004200	0.010473	0.028537	0.016764	0.007998	0.001691
1763707555.756709	-0.146100	-0.021189	-0.000698	0.004200	0.010473	0.028537	0.016764	0.007998	0.001691
1763707555.767356	-0.146028	-0.021046	-0.000788	0.004176	0.009961	0.028052	-0.001600	-0.010737	-0.005258
1763707555.779961	-0.146028	-0.021046	-0.000788	0.002996	0.010091	0.028476	0.008991	-0.009101	-0.000497
1763707555.787535	-0.145949	-0.020917	-0.000681	0.002996	0.010091	0.028476	0.010983	0.007946	0.017930
1763707555.797873	-0.145811	-0.020737	-0.000505	0.001525	0.011109	0.028230	0.033659	0.006625	0.032136
1763707555.806798	-0.145709	-0.020633	-0.000321	0.001904	0.010676	0.028113	0.017243	0.006268	0.029906
1763707555.817576	-0.145709	-0.020633	-0.000321	0.001904	0.010676	0.028113	0.005766	-0.003942	0.015226
1763707555.827522	-0.145506	-0.020454	0.000081	0.001634	0.010664	0.028170	0.007635	-0.010207	0.005919
1763707555.837843	-0.145506	-0.020454	0.000081	0.001634	0.010664	0.028170	0.009807	0.000066	0.018254
1763707555.847169	-0.145276	-0.020316	0.000440	0.001646	0.011088	0.028302	0.020037	0.009088	0.031888
1763707555.856822	-0.145276	-0.020316	0.000440	0.001646	0.011088	0.028302	0.022451	0.002487	0.020264
1763707555.867632	-0.145174	-0.020231	0.000745	0.000464	0.011590	0.028489	0.022451	0.002487	0.020264
1763707555.877222	-0.145013	-0.020070	0.001150	-0.000084	0.010579	0.028604	0.011626	-0.007537	0.004614
1763707555.888348	-0.145013	-0.020070	0.001150	-0.000084	0.010579	0.028604	0.017084	0.011177	0.014907
1763707555.898218	-0.144910	-0.019915	0.001383	0.000220	0.010095	0.028079	0.017084	0.011177	0.014907
1763707555.907168	-0.144765	-0.019775	0.001548	0.000972	0.009188	0.028109	0.009992	-0.007601	-0.004368
1763707555.917130	-0.144765	-0.019775	0.001548	0.000972	0.009188	0.028109	0.008846	-0.004951	-0.015596
1763707555.927476	-0.144539	-0.019630	0.001614	0.002593	0.008223	0.028534	0.008846	-0.004951	-0.015596
1763707555.937428	-0.144539	-0.019630	0.001614	0.002593	0.008223	0.028534	0.019962	0.006102	0.007123
1763707555.947168	-0.144338	-0.019462	0.001608	0.003111	0.007883	0.028668	0.024827	-0.000233	-0.011513
1763707555.957088	-0.144127	-0.019246	0.001500	0.003941	0.008049	0.028754	0.010872	-0.007778	-0.024791
1763707555.967025	-0.144127	-0.019246	0.001500	0.003941	0.008049	0.028754	0.010872	-0.007778	-0.024791
1763707555.976949	-0.143970	-0.019106	0.001346	0.004339	0.007475	0.028576	0.011568	0.011011	-0.014417
1763707555.987204	-0.143970	-0.019106	0.001346	0.004339	0.007475	0.028576	0.025758	0.006220	-0.013402
1763707555.997092	-0.143866	-0.018936	0.001160	0.003672	0.007642	0.028616	0.014801	-0.003348	-0.016946
1763707556.006887	-0.143744	-0.018767	0.000916	0.002652	0.007507	0.027881	0.002660	-0.000231	-0.029642
1763707556.016856	-0.143744	-0.018767	0.000916	0.002652	0.007507	0.027881	0.004614	0.000476	-0.029466
1763707556.026904	-0.143628	-0.018567	0.000663	0.001420	0.007264	0.027180	0.011364	0.003851	-0.014199
1763707556.037445	-0.143628	-0.018567	0.000663	0.001420	0.007264	0.027180	0.011364	0.003851	-0.014199
1763707556.047546	-0.143482	-0.018408	0.000423	-0.000192	0.006889	0.026886	0.015349	0.008770	-0.013563
1763707556.057310	-0.143345	-0.018171	0.000169	-0.000555	0.007104	0.026861	0.006389	-0.003068	-0.023678
1763707556.066673	-0.143345	-0.018171	0.000169	-0.000555	0.007104	0.026861	-0.002327	-0.005842	-0.021892
1763707556.078555	-0.143345	-0.018171	0.000169	-0.000555	0.007104	0.026861	0.018346	0.011072	0.008164
1763707556.089920	-0.143186	-0.017949	0.000011	0.000219	0.007264	0.026707	0.025724	0.009223	0.020012
1763707556.097250	-0.143065	-0.017801	-0.000039	0.000885	0.006862	0.026992	0.025724	0.009223	0.020012
1763707556.106890	-0.142981	-0.017657	0.000032	0.002060	0.006596	0.027489	0.012504	0.002984	0.013318
1763707556.116864	-0.142981	-0.017657	0.000032	0.002060	0.006596	0.027489	0.012504	0.002984	0.013318
1763707556.128524	-0.142867	-0.017435	0.000278	0.002939	0.007019	0.027143	0.005938	0.003205	0.014751
1763707556.137586	-0.142867	-0.017435	0.000278	0.002939	0.007019	0.027143	0.012236	0.010461	0.028540
1763707556.148168	-0.142742	-0.017291	0.000541	0.003828	0.006318	0.027509	0.013480	0.004400	0.015460
1763707556.157028	-0.142651	-0.017136	0.000773	0.005062	0.005474	0.027638	0.005405	-0.009262	0.000952
1763707556.167154	-0.142651	-0.017136	0.000773	0.005062	0.005474	0.027638	0.002542	-0.008561	0.001468
1763707556.178728	-0.142589	-0.016997	0.001069	0.006975	0.005578	0.027785	0.008545	0.009220	0.011350
1763707556.187644	-0.142589	-0.016997	0.001069	0.006975	0.005578	0.027785	0.013738	0.005233	0.020114
1763707556.197699	-0.142530	-0.016842	0.001383	0.005177	0.005990	0.028203	0.013738	0.005233	0.020114
1763707556.207524	-0.142468	-0.016652	0.001735	0.003690	0.006401	0.028620	-0.003167	-0.004136	-0.011954
1763707556.216842	-0.142468	-0.016652	0.001735	0.003690	0.006401	0.028620	0.003914	-0.004387	-0.009058
1763707556.228939	-0.142377	-0.016499	0.001950	0.003250	0.007116	0.029052	-0.001104	0.006082	0.006320
1763707556.238033	-0.142377	-0.016499	0.001950	0.003250	0.007116	0.029052	0.013230	0.002274	0.008097
1763707556.248244	-0.142350	-0.016376	0.002089	0.003787	0.007065	0.028855	0.010503	-0.004644	-0.007572
1763707556.257704	-0.142356	-0.016242	0.002115	0.004057	0.007431	0.028882	-0.006285	-0.006843	-0.018472
1763707556.267007	-0.142356	-0.016242	0.002115	0.004057	0.007431	0.028882	-0.008315	-0.001333	-0.018432
1763707556.278261	-0.142307	-0.016151	0.002096	0.004280	0.007753	0.028747	0.013831	0.001413	-0.009612
1763707556.286914	-0.142307	-0.016151	0.002096	0.004280	0.007753	0.028747	0.013610	0.002392	-0.002796
1763707556.297285	-0.142242	-0.016011	0.001972	0.004416	0.007624	0.028574	0.013610	0.002392	-0.002796
1763707556.307798	-0.142176	-0.015877	0.001824	0.003742	0.008100	0.028455	-0.006733	-0.007315	-0.028482
1763707556.316847	-0.142176	-0.015877	0.001824	0.003742	0.008100	0.028455	-0.000909	-0.008751	-0.020640
1763707556.328400	-0.142159	-0.015793	0.001688	0.004113	0.008024	0.028291	-0.000909	-0.008751	-0.020640
1763707556.337718	-0.142159	-0.015793	0.001688	0.004113	0.008024	0.028291	0.005006	0.008024	-0.005299
1763707556.347275	-0.142189	-0.015658	0.001522	0.004249	0.008372	0.028354	0.011661	-0.009775	-0.017891
1763707556.358745	-0.142189	-0.015658	0.001522	0.004249	0.008372	0.028354	-0.004837	-0.016652	-0.026820
1763707556.369912	-0.142166	-0.015513	0.001308	0.003681	0.008291	0.028718	-0.001192	-0.011445	-0.021106
1763707556.377311	-0.142176	-0.015453	0.001102	0.003788	0.008086	0.029022	-0.001192	-0.011445	-0.021106
1763707556.387547	-0.142176	-0.015453	0.001102	0.003788	0.008086	0.029022	0.014601	0.003542	0.008161
1763707556.396880	-0.142192	-0.015433	0.000968	0.003952	0.008363	0.029426	0.014601	0.003542	0.008161
1763707556.407747	-0.142192	-0.015433	0.000968	0.003952	0.008363	0.029426	-0.000574	-0.006838	0.000093
1763707556.419671	-0.142192	-0.015433	0.000968	0.003061	0.008155	0.029918	-0.002195	-0.013551	-0.018146
1763707556.429020	-0.142215	-0.015262	0.000933	0.002985	0.008034	0.030676	-0.002195	-0.013551	-0.018146
1763707556.438808	-0.142215	-0.015262	0.000933	0.002985	0.008034	0.030676	0.005326	0.000675	0.011400
1763707556.448089	-0.142225	-0.015225	0.000952	0.003732	0.007742	0.031129	0.005326	0.000675	0.011400
1763707556.460607	-0.142221	-0.015165	0.001042	0.001142	0.008578	0.031659	0.007016	-0.006898	0.000343
1763707556.471378	-0.142221	-0.015165	0.001042	0.001142	0.008578	0.031659	0.001105	-0.015856	-0.006542
1763707556.480044	-0.142256	-0.015057	0.001171	0.000777	0.008611	0.031939	-0.002274	0.000904	-0.002582
1763707556.487606	-0.142256	-0.015057	0.001171	0.000777	0.008611	0.031939	0.006694	-0.001742	0.006020
1763707556.498385	-0.142291	-0.015008	0.001207	0.001130	0.008359	0.031718	0.007797	-0.010377	-0.002777
1763707556.506928	-0.142320	-0.014947	0.001207	0.001707	0.008286	0.031126	0.007797	-0.010377	-0.002777
1763707556.516723	-0.142320	-0.014947	0.001207	0.001707	0.008286	0.031126	-0.012160	-0.005221	-0.017250
1763707556.528319	-0.142320	-0.014947	0.001207	0.001707	0.008286	0.031126	-0.007226	-0.012302	-0.023481
1763707556.538120	-0.142387	-0.014912	0.001088	0.003743	0.007482	0.030651	-0.008012	-0.002652	-0.007828
1763707556.547648	-0.142391	-0.014869	0.000925	0.004773	0.007213	0.030175	0.007893	-0.002048	0.000311
1763707556.557257	-0.142427	-0.014844	0.000783	0.004114	0.007555	0.030596	0.007893	-0.002048	0.000311
1763707556.567130	-0.142427	-0.014844	0.000783	0.004114	0.007555	0.030596	-0.014839	-0.016524	-0.023983
1763707556.577563	-0.142451	-0.014829	0.000665	0.004205	0.007794	0.030861	-0.011905	-0.021813	-0.027547
1763707556.588474	-0.142451	-0.014829	0.000665	0.004205	0.007794	0.030861	-0.011905	-0.021813	-0.027547
1763707556.597839	-0.142450	-0.014850	0.000548	0.004540	0.008253	0.030769	-0.009757	-0.002574	-0.013901
1763707556.606872	-0.142506	-0.014828	0.000415	0.004035	0.007819	0.030972	0.007344	-0.000492	0.002355
1763707556.617447	-0.142506	-0.014828	0.000415	0.004035	0.007819	0.030972	-0.000247	-0.005783	0.001730
1763707556.627451	-0.142539	-0.014851	0.000338	0.003291	0.008512	0.030971	-0.012560	-0.014224	-0.008775
1763707556.638695	-0.142539	-0.014851	0.000338	0.003291	0.008512	0.030971	-0.010151	-0.021010	-0.017234
1763707556.647517	-0.142603	-0.014871	0.000334	0.003316	0.008948	0.030815	-0.003103	-0.019532	-0.008022
1763707556.656835	-0.142709	-0.014886	0.000376	0.003839	0.008854	0.030899	-0.001819	-0.002164	0.012214
1763707556.666785	-0.142709	-0.014886	0.000376	0.003839	0.008854	0.030899	0.000737	-0.012502	0.001793
1763707556.676965	-0.142755	-0.014898	0.000497	0.003970	0.008980	0.030773	0.000737	-0.012502	0.001793
1763707556.687254	-0.142755	-0.014898	0.000497	0.003970	0.008980	0.030773	-0.014095	-0.017971	-0.001844
1763707556.697366	-0.142881	-0.014855	0.000686	0.003955	0.008863	0.030397	-0.011226	-0.016486	-0.005004
1763707556.706851	-0.142881	-0.014855	0.000686	0.003955	0.008863	0.030397	-0.000733	-0.009410	0.013482
1763707556.716864	-0.142978	-0.014887	0.000860	0.003397	0.008611	0.029984	-0.000600	-0.008987	0.010231
1763707556.728341	-0.143058	-0.014920	0.000947	0.002805	0.008412	0.029490	-0.000600	-0.008987	0.010231
1763707556.738904	-0.143058	-0.014920	0.000947	0.002805	0.008412	0.029490	-0.003538	-0.014065	-0.002947
1763707556.748271	-0.143086	-0.014964	0.001044	0.003397	0.008486	0.029312	-0.015772	-0.019979	-0.015064
1763707556.756767	-0.143181	-0.014962	0.001140	0.002145	0.008939	0.028873	0.005025	-0.006956	0.010306
1763707556.766710	-0.143181	-0.014962	0.001140	0.002145	0.008939	0.028873	0.004026	-0.001185	0.011009
1763707556.776810	-0.143262	-0.015015	0.001157	0.002710	0.008156	0.028577	0.004026	-0.001185	0.011009
1763707556.787097	-0.143262	-0.015015	0.001157	0.002710	0.008156	0.028577	-0.008355	-0.019387	0.000428
1763707556.798466	-0.143369	-0.015056	0.001231	0.002636	0.007771	0.028280	-0.010234	-0.014254	-0.007802
1763707556.806890	-0.143487	-0.015032	0.001342	0.001567	0.008481	0.028268	-0.010234	-0.014254	-0.007802
1763707556.816777	-0.143487	-0.015032	0.001342	0.001567	0.008481	0.028268	0.002045	-0.007570	0.007233
1763707556.826800	-0.143567	-0.015125	0.001456	0.002236	0.008909	0.028904	-0.005575	-0.001157	0.016227
1763707556.836822	-0.143567	-0.015125	0.001456	0.002236	0.008909	0.028904	-0.008532	-0.022231	-0.015506
1763707556.849324	-0.143619	-0.015179	0.001524	0.002484	0.008782	0.028921	-0.008532	-0.022231	-0.015506
1763707556.857701	-0.143619	-0.015179	0.001524	0.002484	0.008782	0.028921	-0.007870	-0.001682	0.003783
1763707556.866832	-0.143674	-0.015220	0.001545	0.002350	0.008826	0.028797	-0.009208	-0.001378	0.001326
1763707556.876880	-0.143715	-0.015252	0.001523	0.003255	0.008478	0.029013	-0.009208	-0.001378	0.001326
1763707556.886941	-0.143715	-0.015252	0.001523	0.003255	0.008478	0.029013	-0.001105	-0.021008	-0.008895
1763707556.898031	-0.143780	-0.015280	0.001504	0.003349	0.008452	0.028960	-0.015982	-0.015630	-0.018791
1763707556.910567	-0.143780	-0.015280	0.001504	0.003349	0.008452	0.028960	-0.016713	-0.009029	-0.011569
1763707556.918707	-0.143822	-0.015266	0.001474	0.003178	0.008840	0.028915	-0.002042	-0.005627	0.002996
1763707556.927050	-0.143868	-0.015327	0.001386	0.004251	0.009188	0.028684	0.003348	-0.017332	-0.015341
1763707556.938607	-0.143868	-0.015327	0.001386	0.004251	0.009188	0.028684	-0.022782	-0.013922	-0.024703
1763707556.947926	-0.143915	-0.015305	0.001284	0.004466	0.009853	0.028610	-0.022782	-0.013922	-0.024703
1763707556.957418	-0.143949	-0.015334	0.001147	0.004329	0.010940	0.028022	-0.021058	-0.016866	-0.020077
1763707556.967935	-0.143949	-0.015334	0.001147	0.004329	0.010940	0.028022	-0.000585	-0.002424	0.005468
1763707556.977111	-0.143982	-0.015360	0.001044	0.004664	0.011432	0.027657	-0.000585	-0.002424	0.005468
1763707556.987074	-0.143982	-0.015360	0.001044	0.004664	0.011432	0.027657	-0.000245	-0.016524	0.000821
1763707556.997373	-0.144038	-0.015353	0.000955	0.003778	0.012439	0.027617	-0.012687	-0.018932	-0.009910
1763707557.006836	-0.144095	-0.015378	0.000968	0.004462	0.012766	0.027647	-0.020668	-0.017319	-0.011437
1763707557.017544	-0.144095	-0.015378	0.000968	0.004462	0.012766	0.027647	-0.003604	-0.013861	-0.001577
1763707557.028501	-0.144093	-0.015431	0.001055	0.004283	0.012726	0.027427	-0.012276	-0.003380	0.011427
1763707557.037261	-0.144093	-0.015431	0.001055	0.004283	0.012726	0.027427	-0.017590	-0.021639	-0.011080
1763707557.047869	-0.144127	-0.015478	0.001180	0.004528	0.012121	0.027677	-0.015562	-0.011948	0.007055
1763707557.058089	-0.144127	-0.015478	0.001180	0.004528	0.012121	0.027677	0.007757	-0.001331	0.017603
1763707557.067419	-0.144162	-0.015459	0.001318	0.003849	0.011740	0.027968	-0.003990	-0.007932	0.015578
1763707557.078153	-0.144143	-0.015466	0.001469	0.002981	0.011267	0.028473	-0.015073	-0.021824	0.001944
1763707557.087024	-0.144143	-0.015466	0.001469	0.002981	0.011267	0.028473	-0.013990	-0.018832	-0.009183
1763707557.097916	-0.144124	-0.015492	0.001659	0.001549	0.011658	0.028818	-0.010922	-0.005560	0.002945
1763707557.106982	-0.144126	-0.015496	0.001835	0.000188	0.011843	0.029496	-0.005350	-0.007814	0.017784
1763707557.118318	-0.144126	-0.015496	0.001835	0.000188	0.011843	0.029496	-0.008776	-0.008151	0.006932
1763707557.128094	-0.144086	-0.015531	0.002012	-0.000527	0.012351	0.030073	-0.008776	-0.008151	0.006932
1763707557.137284	-0.144086	-0.015531	0.002012	-0.000527	0.012351	0.030073	-0.006370	-0.018301	-0.014787
1763707557.147381	-0.144037	-0.015574	0.002172	-0.000176	0.012792	0.030447	-0.017290	-0.006158	-0.004245
1763707557.156948	-0.144037	-0.015574	0.002172	-0.000176	0.012792	0.030447	0.001525	-0.002488	-0.003015
1763707557.166836	-0.144011	-0.015531	0.002262	0.000464	0.012731	0.030209	-0.000294	-0.009217	-0.011133
1763707557.177408	-0.143927	-0.015546	0.002241	0.000414	0.012613	0.029930	-0.008006	-0.016780	-0.025071
1763707557.187734	-0.143927	-0.015546	0.002241	0.000414	0.012613	0.029930	-0.022190	-0.008548	-0.029425
1763707557.198379	-0.143889	-0.015495	0.002096	-0.002141	0.012776	0.030034	-0.010110	-0.004350	-0.018953
1763707557.207995	-0.143860	-0.015421	0.001924	-0.002271	0.012324	0.029990	0.004247	-0.004074	-0.006656
1763707557.217641	-0.143860	-0.015421	0.001924	-0.002271	0.012324	0.029990	0.002754	-0.008706	-0.012374
1763707557.228359	-0.143817	-0.015349	0.001717	-0.000268	0.011199	0.029651	0.002754	-0.008706	-0.012374
1763707557.237413	-0.143817	-0.015349	0.001717	-0.000268	0.011199	0.029651	-0.018779	-0.015490	-0.031403
1763707557.247175	-0.143732	-0.015315	0.001451	-0.000074	0.011001	0.029441	-0.009846	-0.012754	-0.019350
1763707557.257018	-0.143658	-0.015311	0.001254	0.001009	0.010772	0.029163	0.005342	-0.001866	-0.007168
1763707557.266525	-0.143658	-0.015311	0.001254	0.001009	0.010772	0.029163	-0.004400	0.003933	-0.000803
1763707557.276585	-0.143599	-0.015254	0.001066	-0.000154	0.010564	0.028654	-0.004460	-0.012978	-0.004676
1763707557.286930	-0.143599	-0.015254	0.001066	-0.000154	0.010564	0.028654	-0.015530	-0.015215	-0.016082
1763707557.296951	-0.143494	-0.015189	0.001001	-0.000056	0.010767	0.028572	-0.008353	-0.013430	-0.015506
1763707557.306507	-0.143494	-0.015189	0.001001	-0.000056	0.010767	0.028572	-0.000594	-0.005542	-0.001224
1763707557.316496	-0.143440	-0.015130	0.000892	-0.000677	0.010465	0.028498	0.002395	0.000188	0.011705
1763707557.328477	-0.143384	-0.015025	0.000916	-0.000438	0.009690	0.028549	0.002395	0.000188	0.011705
1763707557.337282	-0.143384	-0.015025	0.000916	-0.000438	0.009690	0.028549	0.002590	-0.016925	-0.016895
1763707557.347327	-0.143290	-0.014867	0.000922	-0.001529	0.010132	0.028869	-0.013596	-0.011589	-0.012928
1763707557.356776	-0.143205	-0.014772	0.000921	-0.000861	0.009484	0.028752	-0.011620	0.001388	0.000272
1763707557.367042	-0.143205	-0.014772	0.000921	-0.000861	0.009484	0.028752	-0.011620	0.001388	0.000272
1763707557.376791	-0.143134	-0.014652	0.000900	-0.001090	0.009334	0.028471	0.004024	0.003153	0.006845
1763707557.387275	-0.143134	-0.014652	0.000900	-0.001090	0.009334	0.028471	0.000867	-0.003299	0.003932
1763707557.397409	-0.143070	-0.014523	0.000862	-0.000513	0.009046	0.028366	0.001604	-0.010476	-0.009085
1763707557.406828	-0.142988	-0.014442	0.000774	0.000739	0.008721	0.028620	-0.016762	-0.004092	-0.018379
1763707557.417106	-0.142988	-0.014442	0.000774	0.000739	0.008721	0.028620	-0.009960	-0.009152	-0.013745
1763707557.427485	-0.142963	-0.014343	0.000745	0.001026	0.008380	0.028341	-0.002390	-0.000134	-0.000581
1763707557.438807	-0.142963	-0.014343	0.000745	0.001026	0.008380	0.028341	0.005179	0.003172	0.006228
1763707557.448034	-0.142872	-0.014204	0.000655	0.001204	0.008628	0.028225	0.004490	-0.005454	-0.005846
1763707557.457853	-0.142794	-0.014070	0.000612	0.001607	0.008721	0.027984	-0.014999	-0.013010	-0.014999
1763707557.466810	-0.142794	-0.014070	0.000612	0.001607	0.008721	0.027984	-0.005559	0.001233	-0.005745
1763707557.477797	-0.142683	-0.013917	0.000623	0.001413	0.009085	0.027629	0.006524	0.001338	0.008419
1763707557.489371	-0.142683	-0.013917	0.000623	0.001413	0.009085	0.027629	-0.001070	-0.000165	0.004856
1763707557.498490	-0.142654	-0.013781	0.000584	0.002246	0.008857	0.027391	-0.013138	-0.007329	-0.011319
1763707557.506810	-0.142577	-0.013674	0.000565	0.002677	0.008917	0.027212	-0.010380	-0.016991	-0.016012
1763707557.516948	-0.142577	-0.013674	0.000565	0.002677	0.008917	0.027212	-0.010380	-0.016991	-0.016012
1763707557.526675	-0.142526	-0.013563	0.000614	0.002216	0.009385	0.027169	-0.000969	0.008013	0.011668
1763707557.537695	-0.142526	-0.013563	0.000614	0.002216	0.009385	0.027169	0.002387	0.002236	0.007623
1763707557.548447	-0.142488	-0.013433	0.000634	0.002956	0.009233	0.027085	0.002387	0.002236	0.007623
1763707557.557319	-0.142404	-0.013251	0.000801	0.001824	0.009738	0.027527	-0.007786	-0.012374	-0.003525
1763707557.567789	-0.142404	-0.013251	0.000801	0.001824	0.009738	0.027527	0.000056	-0.007793	-0.008379
1763707557.577393	-0.142320	-0.013096	0.000896	0.000233	0.010091	0.027793	-0.008454	0.004951	0.011693
1763707557.587205	-0.142320	-0.013096	0.000896	0.000233	0.010091	0.027793	-0.000240	0.000029	0.017238
1763707557.599926	-0.142211	-0.012947	0.000977	0.001120	0.009656	0.027890	-0.000240	0.000029	0.017238
1763707557.607714	-0.142211	-0.012947	0.000977	0.001120	0.009656	0.027890	-0.005413	-0.011827	-0.012948
1763707557.618484	-0.142115	-0.012841	0.001044	0.001223	0.009851	0.027857	-0.005413	-0.011827	-0.012948
1763707557.627681	-0.142030	-0.012698	0.001082	0.000453	0.010497	0.027855	-0.013651	-0.005723	-0.011408
1763707557.637166	-0.142030	-0.012698	0.001082	0.000453	0.010497	0.027855	-0.012838	0.005781	-0.003449
1763707557.648875	-0.141928	-0.012457	0.001033	0.000482	0.010300	0.027164	0.008115	0.000689	-0.001220
1763707557.656852	-0.141862	-0.012187	0.000969	0.000158	0.010108	0.026121	0.003393	-0.008166	-0.005080
1763707557.667367	-0.141862	-0.012187	0.000969	0.000158	0.010108	0.026121	-0.012558	-0.006586	-0.020169
1763707557.677227	-0.141872	-0.011949	0.000815	0.001184	0.009737	0.025562	-0.010929	-0.006566	-0.023930
1763707557.686791	-0.141872	-0.011949	0.000815	0.001184	0.009737	0.025562	-0.003441	-0.002948	-0.014575
1763707557.698422	-0.141831	-0.011724	0.000667	0.001911	0.010233	0.025240	0.005722	0.000582	-0.010340
1763707557.707530	-0.141777	-0.011529	0.000539	0.001069	0.010652	0.025307	-0.007901	-0.006723	-0.023374
1763707557.716984	-0.141777	-0.011529	0.000539	0.001069	0.010652	0.025307	-0.007901	-0.006723	-0.023374
1763707557.726941	-0.141679	-0.011375	0.000424	0.001981	0.010602	0.025301	-0.018959	-0.013011	-0.021211
1763707557.768339	-0.141543	-0.011001	0.000198	0.004395	0.009332	0.025163	0.002648	-0.011013	-0.001905
1763707557.772382	-0.141543	-0.011001	0.000198	0.004395	0.009332	0.025163	-0.011909	-0.012882	-0.011961
1763707557.783036	-0.141501	-0.010830	0.000138	0.004885	0.009554	0.025542	-0.009119	-0.010230	-0.008458
1763707557.792655	-0.141501	-0.010830	0.000138	0.004885	0.009554	0.025542	-0.000757	-0.005477	0.007851
1763707557.803334	-0.141470	-0.010699	0.000208	0.005280	0.010190	0.025919	0.000735	0.006136	0.022089
1763707557.812998	-0.141470	-0.010699	0.000208	0.005280	0.010190	0.025919	-0.000620	0.005088	0.020246
1763707557.822891	-0.141421	-0.010610	0.000468	0.004823	0.010874	0.026019	0.008292	-0.012018	0.012788
1763707557.833050	-0.141344	-0.010490	0.000714	0.004246	0.011445	0.026340	-0.004380	-0.001352	0.009952
1763707557.842502	-0.141344	-0.010490	0.000714	0.004246	0.011445	0.026340	0.001907	0.004021	0.017278
1763707557.853055	-0.141290	-0.010339	0.000960	0.003721	0.011619	0.026599	0.001907	0.004021	0.017278
1763707557.864166	-0.141237	-0.010125	0.001237	0.002768	0.012260	0.026443	0.003891	-0.004780	0.016399
1763707557.872693	-0.141237	-0.010125	0.001237	0.002768	0.012260	0.026443	-0.002641	-0.007186	-0.000777
1763707557.884176	-0.141178	-0.009927	0.001418	0.001828	0.012799	0.026099	-0.006219	-0.006543	-0.011060
1763707557.893251	-0.141178	-0.009927	0.001418	0.001828	0.012799	0.026099	-0.010823	-0.000239	-0.001801
1763707557.902637	-0.141091	-0.009699	0.001558	0.001012	0.013095	0.026287	0.010309	-0.000987	-0.000327
1763707557.913138	-0.140959	-0.009493	0.001572	0.001608	0.012587	0.026125	-0.010931	-0.009345	-0.024968
1763707557.924515	-0.140959	-0.009493	0.001572	0.001608	0.012587	0.026125	-0.013150	-0.008350	-0.026205
1763707557.933001	-0.140924	-0.009260	0.001539	0.001514	0.012494	0.025150	-0.013150	-0.008350	-0.026205
1763707557.944925	-0.140924	-0.009260	0.001539	0.001514	0.012494	0.025150	0.014339	0.002089	-0.002019
1763707557.952748	-0.140806	-0.009048	0.001365	0.003014	0.011971	0.024678	0.014339	0.002089	-0.002019
1763707557.962988	-0.140660	-0.008903	0.001135	0.003979	0.012280	0.024713	0.002911	-0.004123	-0.009129
1763707557.973120	-0.140660	-0.008903	0.001135	0.003979	0.012280	0.024713	-0.005513	-0.007190	-0.022554
1763707557.982860	-0.140660	-0.008903	0.001135	0.003979	0.012280	0.024713	-0.013746	-0.010579	-0.023614
1763707557.993057	-0.140550	-0.008722	0.000934	0.004225	0.012271	0.024661	0.004676	-0.010366	-0.012883
1763707558.003010	-0.140431	-0.008601	0.000790	0.005312	0.011959	0.024502	0.012854	0.001324	0.004247
1763707558.012697	-0.140349	-0.008470	0.000683	0.005998	0.012029	0.024718	0.006746	-0.010653	-0.002647
1763707558.023005	-0.140349	-0.008470	0.000683	0.005998	0.012029	0.024718	0.006746	-0.010653	-0.002647
1763707558.033470	-0.140222	-0.008325	0.000653	0.005494	0.011626	0.024914	-0.003560	-0.014036	-0.006299
1763707558.042547	-0.140222	-0.008325	0.000653	0.005494	0.011626	0.024914	0.010831	-0.001448	0.004280
1763707558.052748	-0.140108	-0.008141	0.000639	0.005315	0.011445	0.024363	0.010831	-0.001448	0.004280
1763707558.062666	-0.140108	-0.008141	0.000639	0.005315	0.011445	0.024363	-0.002583	-0.005926	0.009503
1763707558.073167	-0.139981	-0.007984	0.000628	0.005081	0.011570	0.024609	-0.002583	-0.005926	0.009503
1763707558.083359	-0.139887	-0.007893	0.000687	0.003782	0.011487	0.025114	0.006049	-0.014230	-0.009902
1763707558.092954	-0.139887	-0.007893	0.000687	0.003782	0.011487	0.025114	-0.001987	-0.011912	-0.009608
1763707558.102724	-0.139758	-0.007764	0.000801	0.002856	0.011946	0.025024	0.006081	-0.000606	0.012624
1763707558.112686	-0.139758	-0.007764	0.000801	0.002856	0.011946	0.025024	0.006081	-0.000606	0.012624
1763707558.124948	-0.139637	-0.007653	0.000927	0.002231	0.012522	0.024975	0.016651	-0.009744	-0.003193
1763707558.133323	-0.139461	-0.007499	0.000930	0.002134	0.012969	0.025022	0.001667	-0.016110	-0.017463
1763707558.143754	-0.139461	-0.007499	0.000930	0.002134	0.012969	0.025022	-0.004714	-0.012434	-0.015542
1763707558.152920	-0.139256	-0.007332	0.000957	0.003100	0.013137	0.024744	0.001473	0.000738	-0.008920
1763707558.163581	-0.139256	-0.007332	0.000957	0.003100	0.013137	0.024744	0.016857	-0.004446	0.003147
1763707558.173723	-0.139031	-0.007128	0.000936	0.003071	0.013217	0.024392	-0.000233	-0.009601	-0.017438
1763707558.185538	-0.138848	-0.006941	0.000904	0.002963	0.012664	0.023967	0.000855	-0.013163	-0.025438
1763707558.193053	-0.138848	-0.006941	0.000904	0.002963	0.012664	0.023967	0.000855	-0.013163	-0.025438
1763707558.203717	-0.138708	-0.006758	0.000840	0.003338	0.012899	0.023749	0.017126	-0.005036	0.001442
1763707558.212620	-0.138571	-0.006617	0.000722	0.004483	0.012730	0.023282	0.017126	-0.005036	0.001442
1763707558.223650	-0.138571	-0.006617	0.000722	0.004483	0.012730	0.023282	0.019776	-0.001598	-0.006824
1763707558.233691	-0.138423	-0.006488	0.000586	0.005202	0.012219	0.022607	0.002041	-0.010995	-0.012284
1763707558.245557	-0.138423	-0.006488	0.000586	0.005202	0.012219	0.022607	-0.003832	-0.018372	-0.014841
1763707558.252453	-0.138184	-0.006334	0.000568	0.005418	0.012363	0.021742	0.001515	-0.009707	-0.008158
1763707558.262703	-0.138184	-0.006334	0.000568	0.005418	0.012363	0.021742	0.017336	-0.002244	0.008887
1763707558.272535	-0.137978	-0.006256	0.000495	0.006007	0.011937	0.021705	0.023191	-0.005944	0.013390
1763707558.282647	-0.137762	-0.006204	0.000497	0.006131	0.011594	0.021577	0.023191	-0.005944	0.013390
1763707558.294077	-0.137762	-0.006204	0.000497	0.006131	0.011594	0.021577	0.007715	-0.019145	-0.004242
1763707558.303914	-0.137537	-0.006140	0.000604	0.006843	0.011279	0.021417	0.013728	-0.005245	0.015868
1763707558.313121	-0.137347	-0.006062	0.000653	0.008549	0.010474	0.021597	0.013646	0.000188	0.024289
1763707558.322793	-0.137347	-0.006062	0.000653	0.008549	0.010474	0.021597	0.017291	-0.016677	0.006954
1763707558.332529	-0.137180	-0.006005	0.000813	0.009037	0.009083	0.021241	0.002536	-0.022587	-0.005421
1763707558.342543	-0.137180	-0.006005	0.000813	0.009037	0.009083	0.021241	0.005732	-0.013570	0.002857
1763707558.352620	-0.136959	-0.005996	0.000968	0.009475	0.008080	0.020719	0.005732	-0.013570	0.002857
1763707558.362226	-0.136736	-0.005980	0.001123	0.010926	0.007135	0.020472	0.023415	-0.004258	0.011754
1763707558.373162	-0.136736	-0.005980	0.001123	0.010926	0.007135	0.020472	0.006435	-0.025222	-0.009358
1763707558.383144	-0.136533	-0.006004	0.001231	0.011482	0.006468	0.020257	0.004359	-0.018691	-0.017172
1763707558.392552	-0.136533	-0.006004	0.001231	0.011482	0.006468	0.020257	0.004359	-0.018691	-0.017172
1763707558.406260	-0.136351	-0.006004	0.001328	0.010389	0.005700	0.020374	0.007855	-0.006954	0.001583
1763707558.412725	-0.136179	-0.005990	0.001325	0.010389	0.005700	0.020374	0.018402	-0.012389	0.010913
1763707558.422810	-0.136179	-0.005990	0.001325	0.010389	0.005700	0.020374	0.012640	-0.016312	-0.002676
1763707558.432842	-0.136016	-0.006019	0.001276	0.009665	0.005499	0.020458	0.005693	-0.023855	-0.015353
1763707558.443240	-0.136016	-0.006019	0.001276	0.009665	0.005499	0.020458	-0.002048	-0.002571	-0.001019
1763707558.453280	-0.135780	-0.006067	0.001246	0.008083	0.005213	0.020196	-0.002048	-0.002571	-0.001019
1763707558.464180	-0.135582	-0.006072	0.001202	0.006946	0.004960	0.019625	0.012554	-0.012501	0.002964
1763707558.472843	-0.135582	-0.006072	0.001202	0.006946	0.004960	0.019625	0.009619	-0.021775	-0.007095
1763707558.482924	-0.135443	-0.006102	0.001151	0.006535	0.004774	0.019071	-0.007177	-0.017155	-0.017630
1763707558.493030	-0.135443	-0.006102	0.001151	0.006535	0.004774	0.019071	0.002096	-0.017417	-0.016037
1763707558.503129	-0.135321	-0.006111	0.001107	0.005115	0.004922	0.018445	0.014027	-0.013331	0.005899
1763707558.513313	-0.135321	-0.006111	0.001107	0.005115	0.004922	0.018445	0.014027	-0.013331	0.005899
1763707558.522763	-0.135185	-0.006138	0.001036	0.006852	0.004095	0.017046	0.015354	-0.021833	-0.014820
1763707558.532740	-0.135057	-0.006159	0.000872	0.007162	0.003998	0.016546	-0.014796	-0.022558	-0.023969
1763707558.542674	-0.135057	-0.006159	0.000872	0.007162	0.003998	0.016546	-0.009461	-0.019705	-0.011561
1763707558.552962	-0.134989	-0.006246	0.000758	0.007565	0.003868	0.015585	0.012550	-0.012182	0.001245
1763707558.564161	-0.134930	-0.006287	0.000701	0.007544	0.003631	0.014843	-0.004634	-0.020150	0.006476
1763707558.572644	-0.134930	-0.006287	0.000701	0.007544	0.003631	0.014843	-0.004634	-0.020150	0.006476
1763707558.582971	-0.134863	-0.006353	0.000721	0.007380	0.003579	0.014166	-0.009957	-0.024722	-0.003525
1763707558.593203	-0.134863	-0.006353	0.000721	0.007380	0.003579	0.014166	-0.009991	-0.022690	0.000518
1763707558.603123	-0.134767	-0.006403	0.000785	0.008353	0.003722	0.013582	-0.001583	-0.015193	0.018398
1763707558.613295	-0.134767	-0.006403	0.000785	0.008353	0.003722	0.013582	0.002051	-0.020327	0.013368
1763707558.623130	-0.134716	-0.006491	0.000903	0.009106	0.003415	0.012557	-0.016459	-0.027428	0.001415
1763707558.632904	-0.134678	-0.006597	0.001191	0.007317	0.004115	0.012145	-0.012595	-0.027135	0.005147
1763707558.642662	-0.134678	-0.006597	0.001191	0.007317	0.004115	0.012145	0.007056	-0.014608	0.018856
1763707558.652829	-0.134614	-0.006675	0.001508	0.004866	0.004948	0.011771	0.006216	-0.012688	0.024202
1763707558.663390	-0.134614	-0.006675	0.001508	0.004866	0.004948	0.011771	0.006216	-0.012688	0.024202
1763707558.673520	-0.134599	-0.006788	0.001914	0.004226	0.004288	0.011067	-0.015413	-0.027199	-0.001248
1763707558.682611	-0.134566	-0.006913	0.002196	0.005050	0.004114	0.010694	-0.015413	-0.027199	-0.001248
1763707558.692687	-0.134566	-0.006913	0.002196	0.005050	0.004114	0.010694	-0.004340	-0.020189	0.009615
1763707558.702667	-0.134577	-0.006972	0.002468	0.004283	0.004093	0.010074	0.008841	-0.018863	0.024041
1763707558.712489	-0.134577	-0.006972	0.002468	0.004283	0.004093	0.010074	-0.022396	-0.030142	-0.010648
1763707558.723115	-0.134607	-0.007182	0.002733	0.004297	0.004457	0.009565	-0.022396	-0.030142	-0.010648
1763707558.734161	-0.134615	-0.007404	0.002980	0.003834	0.004797	0.009310	-0.022396	-0.030142	-0.010648
1763707558.744937	-0.134615	-0.007404	0.002980	0.003834	0.004797	0.009310	0.008179	-0.014759	0.010612
1763707558.752858	-0.134684	-0.007611	0.003121	0.004279	0.004569	0.009356	0.002633	-0.021779	0.008702
1763707558.763070	-0.134684	-0.007611	0.003121	0.004279	0.004569	0.009356	-0.013340	-0.029221	-0.012720
1763707558.773491	-0.134672	-0.007732	0.003192	0.004717	0.004462	0.009293	-0.000145	-0.022080	0.004853
1763707558.782802	-0.134635	-0.007876	0.003277	0.004583	0.005296	0.009159	-0.000145	-0.022080	0.004853
1763707558.793905	-0.134635	-0.007876	0.003277	0.004583	0.005296	0.009159	-0.008903	-0.026379	-0.009290
1763707558.802653	-0.134756	-0.008063	0.003324	0.004739	0.005656	0.008923	-0.017229	-0.034939	-0.018807
1763707558.812467	-0.134756	-0.008063	0.003324	0.004739	0.005656	0.008923	-0.006922	-0.021771	-0.006838
1763707558.823150	-0.134805	-0.008315	0.003406	0.006371	0.005386	0.009211	-0.006922	-0.021771	-0.006838
1763707558.833313	-0.134890	-0.008562	0.003438	0.003556	0.006050	0.009520	0.011930	-0.017252	0.006320
1763707558.842653	-0.134890	-0.008562	0.003438	0.003556	0.006050	0.009520	0.005350	-0.027860	0.000027
1763707558.852749	-0.134964	-0.008799	0.003355	0.004358	0.005543	0.010005	-0.011808	-0.030668	-0.014715
1763707558.862529	-0.135003	-0.009026	0.003309	0.004417	0.005512	0.010100	0.002920	-0.021275	-0.001576
1763707558.873484	-0.135003	-0.009026	0.003309	0.004417	0.005512	0.010100	0.002729	-0.017121	0.004342
1763707558.884209	-0.135069	-0.009301	0.003267	0.004174	0.005391	0.010598	-0.006092	-0.029984	-0.013896
1763707558.892688	-0.135069	-0.009301	0.003267	0.004174	0.005391	0.010598	-0.017531	-0.034649	-0.023807
1763707558.902654	-0.135119	-0.009530	0.003208	0.003430	0.005560	0.010774	-0.007911	-0.022122	-0.006711
1763707558.912814	-0.135119	-0.009530	0.003208	0.003430	0.005560	0.010774	0.014952	-0.017187	0.002731
1763707558.922645	-0.135182	-0.009734	0.003173	0.003194	0.005796	0.010445	0.014952	-0.017187	0.002731
1763707558.933864	-0.135285	-0.009995	0.003062	0.003661	0.005212	0.010462	0.000177	-0.024952	-0.001847
1763707558.942971	-0.135285	-0.009995	0.003062	0.003661	0.005212	0.010462	-0.021288	-0.031537	-0.014566
1763707558.954492	-0.135448	-0.010255	0.003016	0.003155	0.005564	0.010252	-0.003685	-0.018361	-0.003353
1763707558.963211	-0.135585	-0.010568	0.002907	0.002618	0.005284	0.010016	0.001045	-0.016533	0.007371
1763707558.973000	-0.135585	-0.010568	0.002907	0.002618	0.005284	0.010016	-0.004016	-0.029718	-0.007760
1763707558.984607	-0.135776	-0.010827	0.002797	0.002832	0.005159	0.009883	-0.021435	-0.033089	-0.020954
1763707558.993037	-0.135776	-0.010827	0.002797	0.002832	0.005159	0.009883	-0.013116	-0.025157	-0.007918
1763707559.002665	-0.135921	-0.011072	0.002724	0.002845	0.005738	0.010115	0.008631	-0.018186	0.005355
1763707559.012943	-0.135921	-0.011072	0.002724	0.002845	0.005738	0.010115	-0.001010	-0.020402	0.005115
1763707559.022762	-0.136046	-0.011277	0.002669	0.002461	0.006160	0.010514	-0.019143	-0.032163	-0.010392
1763707559.032773	-0.136170	-0.011582	0.002602	0.001308	0.005926	0.011176	-0.016551	-0.031622	-0.016427
1763707559.043261	-0.136170	-0.011582	0.002602	0.001308	0.005926	0.011176	-0.006903	-0.018748	-0.002263
1763707559.052865	-0.136307	-0.011873	0.002583	0.000788	0.006588	0.011581	0.000684	-0.016620	0.012478
1763707559.063013	-0.136307	-0.011873	0.002583	0.000788	0.006588	0.011581	0.000684	-0.016620	0.012478
1763707559.073916	-0.136413	-0.012219	0.002530	-0.000312	0.007383	0.011935	-0.020296	-0.029438	-0.015039
1763707559.083539	-0.136585	-0.012495	0.002560	-0.001732	0.008542	0.012395	-0.012981	-0.027597	-0.005517
1763707559.093393	-0.136585	-0.012495	0.002560	-0.001732	0.008542	0.012395	0.004062	-0.014230	0.009370
1763707559.102732	-0.136830	-0.012723	0.002591	-0.000092	0.008611	0.012672	-0.002236	-0.016651	0.007876
1763707559.112684	-0.136830	-0.012723	0.002591	-0.000092	0.008611	0.012672	-0.017040	-0.031194	-0.009186
1763707559.123606	-0.137069	-0.013029	0.002562	-0.000667	0.008085	0.012872	-0.017040	-0.031194	-0.009186
1763707559.132796	-0.137260	-0.013210	0.002535	-0.001530	0.007961	0.013013	-0.018722	-0.028776	-0.021934
1763707559.144524	-0.137260	-0.013210	0.002535	-0.001530	0.007961	0.013013	-0.000409	-0.016976	0.005861
1763707559.153515	-0.137441	-0.013414	0.002526	-0.001001	0.007920	0.013149	-0.012132	-0.023830	-0.011195
1763707559.162491	-0.137441	-0.013414	0.002526	-0.001001	0.007920	0.013149	-0.019829	-0.029288	-0.023356
1763707559.173039	-0.137676	-0.013676	0.002488	-0.000465	0.007816	0.013560	-0.019829	-0.029288	-0.023356
1763707559.184020	-0.137838	-0.013922	0.002371	-0.001763	0.007888	0.014315	-0.013198	-0.021054	-0.013106
1763707559.193202	-0.137838	-0.013922	0.002371	-0.001763	0.007888	0.014315	-0.004559	-0.007535	0.004464
1763707559.202859	-0.137992	-0.014219	0.002222	-0.000813	0.007282	0.014981	-0.019326	-0.030382	-0.019366
1763707559.213014	-0.137992	-0.014219	0.002222	-0.000813	0.007282	0.014981	-0.019326	-0.030382	-0.019366
1763707559.223030	-0.138180	-0.014409	0.002152	-0.001816	0.007819	0.015166	-0.022955	-0.022125	-0.019138
1763707559.233824	-0.138325	-0.014605	0.002002	0.000185	0.007215	0.015412	-0.000333	-0.010557	0.001970
1763707559.243895	-0.138325	-0.014605	0.002002	0.000185	0.007215	0.015412	-0.009843	-0.011174	0.007089
1763707559.253145	-0.138587	-0.014735	0.001930	-0.000330	0.007644	0.015599	-0.011737	-0.025954	-0.017900
1763707559.262722	-0.138743	-0.014904	0.001826	-0.000586	0.007778	0.016032	-0.013672	-0.014468	-0.004481
1763707559.272688	-0.138743	-0.014904	0.001826	-0.000586	0.007778	0.016032	-0.008088	-0.008282	0.010434
1763707559.282852	-0.139021	-0.015091	0.001807	-0.001083	0.008184	0.015811	-0.006387	-0.017114	-0.003645
1763707559.292804	-0.139021	-0.015091	0.001807	-0.001083	0.008184	0.015811	-0.006387	-0.017114	-0.003645
1763707559.306466	-0.139255	-0.015205	0.001760	-0.001883	0.008619	0.015939	-0.013932	-0.020769	-0.018839
1763707559.315205	-0.139485	-0.015338	0.001785	-0.001698	0.008313	0.016240	-0.016757	-0.004451	-0.003794
1763707559.323296	-0.139485	-0.015338	0.001785	-0.001698	0.008313	0.016240	-0.003485	-0.014825	0.003245
1763707559.332525	-0.139770	-0.015484	0.001654	-0.002084	0.009025	0.016486	-0.005478	-0.022086	-0.013855
1763707559.344012	-0.139770	-0.015484	0.001654	-0.002084	0.009025	0.016486	-0.015808	-0.019368	-0.028171
1763707559.352764	-0.140003	-0.015626	0.001489	-0.002695	0.008809	0.016308	-0.015808	-0.019368	-0.028171
1763707559.364636	-0.140317	-0.015666	0.001360	-0.003028	0.008809	0.015578	-0.014507	-0.008871	-0.008653
1763707559.373852	-0.140317	-0.015666	0.001360	-0.003028	0.008809	0.015578	-0.014507	-0.008871	-0.008653
1763707559.383582	-0.140534	-0.015696	0.001146	-0.002210	0.008586	0.015042	-0.000866	-0.013534	-0.017821
1763707559.393508	-0.140534	-0.015696	0.001146	-0.002210	0.008586	0.015042	-0.010202	-0.018963	-0.029809
1763707559.405554	-0.140760	-0.015735	0.000868	-0.003466	0.008595	0.014299	-0.021909	-0.019855	-0.028104
1763707559.414308	-0.141012	-0.015735	0.000596	-0.002557	0.008247	0.013347	0.001172	-0.008197	-0.006527
1763707559.423188	-0.141012	-0.015735	0.000596	-0.002557	0.008247	0.013347	0.001172	-0.008197	-0.006527
1763707559.432433	-0.141282	-0.015826	0.000350	-0.002577	0.008729	0.011760	-0.000029	-0.018685	-0.011986
1763707559.443021	-0.141282	-0.015826	0.000350	-0.002577	0.008729	0.011760	-0.023087	-0.016434	-0.026075
1763707559.452411	-0.141529	-0.015850	0.000145	-0.002889	0.009105	0.011081	-0.023087	-0.016434	-0.026075
1763707559.463078	-0.141529	-0.015850	0.000145	-0.002889	0.009105	0.011081	-0.014110	-0.014611	-0.009809
1763707559.473011	-0.141824	-0.015921	-0.000081	-0.003104	0.009379	0.010042	-0.000772	-0.010445	0.005026
1763707559.483849	-0.142116	-0.015942	-0.000267	-0.001236	0.008624	0.008979	-0.015127	-0.018839	-0.005587
1763707559.493065	-0.142116	-0.015942	-0.000267	-0.001236	0.008624	0.008979	-0.015127	-0.018839	-0.005587
1763707559.505064	-0.142326	-0.015948	-0.000248	-0.002104	0.009040	0.008510	-0.015106	-0.012384	0.003584
1763707559.512985	-0.142568	-0.015996	-0.000172	-0.000379	0.009422	0.008112	-0.015106	-0.012384	0.003584
1763707559.527001	-0.142568	-0.015996	-0.000172	-0.000379	0.009422	0.008112	-0.000422	-0.004527	0.021208
1763707559.532998	-0.142849	-0.016012	-0.000019	0.001099	0.008807	0.008020	-0.010821	-0.018595	0.011698
1763707559.542993	-0.142849	-0.016012	-0.000019	0.001099	0.008807	0.008020	-0.025613	-0.018113	0.001937
1763707559.552782	-0.143145	-0.016008	0.000159	0.000800	0.008861	0.007910	-0.012341	-0.016448	0.012793
1763707559.562516	-0.143401	-0.016074	0.000472	0.003024	0.009214	0.008083	0.001864	-0.010777	0.032488
1763707559.572932	-0.143401	-0.016074	0.000472	0.003024	0.009214	0.008083	-0.005830	-0.005560	0.029708
1763707559.583673	-0.143703	-0.016107	0.000787	0.003344	0.008962	0.007992	-0.014309	-0.021515	0.012795
1763707559.592947	-0.143703	-0.016107	0.000787	0.003344	0.008962	0.007992	-0.014309	-0.021515	0.012795
1763707559.603248	-0.143918	-0.016172	0.001122	0.002862	0.008795	0.007262	-0.006643	-0.007546	0.023362
1763707559.613061	-0.143918	-0.016172	0.001122	0.002862	0.008795	0.007262	-0.006643	-0.007546	0.023362
1763707559.625610	-0.144206	-0.016242	0.001603	0.003717	0.009362	0.007069	0.000534	-0.009766	0.025876
1763707559.633106	-0.144409	-0.016301	0.001986	0.004326	0.009718	0.007079	-0.019067	-0.023892	0.004947
1763707559.643343	-0.144409	-0.016301	0.001986	0.004326	0.009718	0.007079	-0.004739	-0.009387	0.009215
1763707559.652858	-0.144607	-0.016330	0.002314	0.005648	0.009641	0.007489	-0.003168	-0.009525	0.023147
1763707559.664613	-0.144607	-0.016330	0.002314	0.005648	0.009641	0.007489	-0.012038	-0.021964	-0.002272
1763707559.672530	-0.144815	-0.016438	0.002507	0.007646	0.008955	0.007768	-0.014774	-0.025011	-0.015805
1763707559.683716	-0.145065	-0.016545	0.002682	0.008241	0.008427	0.007753	-0.006761	-0.012557	-0.002023
1763707559.692783	-0.145065	-0.016545	0.002682	0.008241	0.008427	0.007753	-0.008046	-0.011002	0.001652
1763707559.703454	-0.145361	-0.016758	0.002669	0.008649	0.007544	0.007923	-0.004377	-0.029408	-0.021090
1763707559.712484	-0.145665	-0.016889	0.002603	0.008906	0.007153	0.007710	-0.018125	-0.027124	-0.025557
1763707559.723361	-0.145665	-0.016889	0.002603	0.008906	0.007153	0.007710	-0.018125	-0.027124	-0.025557
1763707559.734457	-0.145756	-0.016362	0.002464	0.006887	0.007558	0.015013	-0.012440	-0.013776	-0.013168
1763707559.743083	-0.145756	-0.016362	0.002464	0.006887	0.007558	0.015013	-0.004650	-0.027560	-0.014033
1763707559.753014	-0.146130	-0.016955	0.002269	0.006134	0.007090	0.010622	-0.004650	-0.027560	-0.014033
1763707559.763831	-0.146130	-0.016955	0.002269	0.006134	0.007090	0.010622	-0.021213	-0.021138	-0.029313
1763707559.772994	-0.146411	-0.017305	0.002101	0.004053	0.007184	0.008129	-0.021213	-0.021138	-0.029313
1763707559.783414	-0.146734	-0.017544	0.001813	0.002717	0.008637	0.007425	-0.000448	-0.018758	-0.011011
1763707559.793094	-0.146734	-0.017544	0.001813	0.002717	0.008637	0.007425	-0.000448	-0.018758	-0.011011
1763707559.802866	-0.146966	-0.017724	0.001532	0.001193	0.009045	0.006992	-0.001596	-0.025624	-0.019107
1763707559.813360	-0.146966	-0.017724	0.001532	0.001193	0.009045	0.006992	-0.022544	-0.028148	-0.026332
1763707559.823380	-0.147244	-0.017892	0.001218	0.002426	0.008359	0.006637	-0.022544	-0.028148	-0.026332
1763707559.833594	-0.147510	-0.018100	0.001021	0.002127	0.008449	0.006050	0.008513	-0.021869	-0.001330
1763707559.843376	-0.147510	-0.018100	0.001021	0.002127	0.008449	0.006050	0.008513	-0.021869	-0.001330
1763707559.852645	-0.147884	-0.018371	0.000752	0.002161	0.007077	0.005654	-0.009191	-0.026202	-0.005116
1763707559.862488	-0.147884	-0.018371	0.000752	0.002161	0.007077	0.005654	-0.020384	-0.037251	-0.020694
1763707559.872521	-0.148218	-0.018575	0.000642	0.001865	0.006572	0.006171	-0.012742	-0.027816	-0.003125
1763707559.883984	-0.148502	-0.018924	0.000556	0.002380	0.006365	0.005900	-0.012742	-0.027816	-0.003125
1763707559.893492	-0.148502	-0.018924	0.000556	0.002380	0.006365	0.005900	-0.006664	-0.019331	0.011489
1763707559.903361	-0.148740	-0.019140	0.000579	0.002641	0.006146	0.006004	-0.011140	-0.039627	-0.001175
1763707559.912807	-0.149004	-0.019392	0.000691	0.001929	0.005925	0.005524	-0.020560	-0.037962	-0.008765
1763707559.923954	-0.149004	-0.019392	0.000691	0.001929	0.005925	0.005524	-0.016508	-0.027776	-0.000275
1763707559.932659	-0.149343	-0.019658	0.000915	0.002362	0.005798	0.005594	-0.016508	-0.027776	-0.000275
1763707559.943070	-0.149343	-0.019658	0.000915	0.002362	0.005798	0.005594	-0.009810	-0.025290	0.012277
1763707559.953172	-0.149648	-0.019881	0.001042	0.001819	0.005501	0.005210	-0.011024	-0.036614	-0.005417
1763707559.962934	-0.149648	-0.019881	0.001042	0.001819	0.005501	0.005210	-0.020484	-0.035601	-0.013773
1763707559.973067	-0.149962	-0.020165	0.001280	0.001303	0.005164	0.005016	-0.020484	-0.035601	-0.013773
1763707559.983128	-0.150358	-0.020469	0.001451	0.001114	0.005032	0.004746	-0.027657	-0.027915	-0.001834
1763707559.992793	-0.150358	-0.020469	0.001451	0.001114	0.005032	0.004746	-0.006521	-0.026756	0.004651
1763707560.007126	-0.150679	-0.020795	0.001522	0.001078	0.005659	0.004771	-0.008373	-0.028328	0.002596
1763707560.015144	-0.151104	-0.021098	0.001482	-0.000985	0.006404	0.004762	-0.032759	-0.034491	-0.021967
1763707560.024010	-0.151104	-0.021098	0.001482	-0.000985	0.006404	0.004762	-0.025318	-0.029941	-0.009416
1763707560.032769	-0.151461	-0.021326	0.001553	-0.002854	0.006490	0.004267	-0.025318	-0.029941	-0.009416
1763707560.043813	-0.151461	-0.021326	0.001553	-0.002854	0.006490	0.004267	-0.014646	-0.019321	0.006699
1763707560.052834	-0.151800	-0.021622	0.001659	-0.003922	0.007188	0.003979	-0.014646	-0.019321	0.006699
1763707560.063192	-0.151800	-0.021622	0.001659	-0.003922	0.007188	0.003979	-0.019465	-0.034667	-0.005169
1763707560.072880	-0.152166	-0.021856	0.001741	-0.002700	0.007120	0.003683	-0.023824	-0.041050	-0.010383
1763707560.082493	-0.152569	-0.022112	0.001838	-0.003648	0.007017	0.003616	-0.010964	-0.018788	0.010273
1763707560.092494	-0.152569	-0.022112	0.001838	-0.003648	0.007017	0.003616	-0.013332	-0.022874	0.010701
1763707560.103697	-0.152988	-0.022380	0.001938	-0.002678	0.006619	0.003793	-0.020532	-0.032857	-0.003656
1763707560.114464	-0.153360	-0.022628	0.002036	-0.000943	0.006934	0.004082	-0.020532	-0.032857	-0.003656
1763707560.128020	-0.153360	-0.022628	0.002036	-0.000943	0.006934	0.004082	-0.026251	-0.023535	-0.004242
1763707560.132746	-0.153785	-0.022901	0.002067	-0.000558	0.006875	0.004244	-0.026251	-0.023535	-0.004242
1763707560.145134	-0.153785	-0.022901	0.002067	-0.000558	0.006875	0.004244	-0.006816	-0.023669	-0.003977
1763707560.153155	-0.154141	-0.023210	0.002193	0.000094	0.007080	0.004462	-0.006816	-0.023669	-0.003977
1763707560.163318	-0.154509	-0.023538	0.002282	-0.001937	0.008145	0.004039	-0.015820	-0.034463	-0.014186
1763707560.173050	-0.154509	-0.023538	0.002282	-0.001937	0.008145	0.004039	-0.025217	-0.021714	-0.018342
1763707560.183046	-0.154856	-0.023793	0.002236	-0.001764	0.008505	0.003829	-0.004907	-0.022289	-0.005099
1763707560.192555	-0.154856	-0.023793	0.002236	-0.001764	0.008505	0.003829	-0.011486	-0.024371	-0.010726
1763707560.203512	-0.155317	-0.024082	0.002100	-0.001071	0.008725	0.003596	-0.020095	-0.029773	-0.029278
1763707560.212964	-0.155722	-0.024324	0.001912	-0.001429	0.008875	0.003292	-0.020095	-0.029773	-0.029278
1763707560.223978	-0.155722	-0.024324	0.001912	-0.001429	0.008875	0.003292	-0.018332	-0.019991	-0.014830
1763707560.232916	-0.156167	-0.024542	0.001677	-0.001651	0.008987	0.002978	-0.003739	-0.014478	-0.007870
1763707560.242490	-0.156167	-0.024542	0.001677	-0.001651	0.008987	0.002978	-0.014832	-0.020543	-0.012892
1763707560.253411	-0.156501	-0.024720	0.001485	-0.001130	0.009478	0.002954	-0.026655	-0.033293	-0.025025
1763707560.262851	-0.156501	-0.024720	0.001485	-0.001130	0.009478	0.002954	-0.023051	-0.027884	-0.028301
1763707560.273167	-0.156833	-0.024875	0.001292	-0.002328	0.009570	0.003072	-0.019601	-0.015866	-0.011059
1763707560.283223	-0.157282	-0.025101	0.001088	-0.001729	0.009644	0.003122	-0.019601	-0.015866	-0.011059
1763707560.293284	-0.157282	-0.025101	0.001088	-0.001729	0.009644	0.003122	-0.014007	-0.014134	0.008490
1763707560.304774	-0.157646	-0.025364	0.000949	-0.001539	0.010509	0.003328	-0.010381	-0.024579	-0.006309
1763707560.313066	-0.157980	-0.025607	0.000931	-0.002454	0.011355	0.003862	-0.010381	-0.024579	-0.006309
1763707560.322891	-0.157980	-0.025607	0.000931	-0.002454	0.011355	0.003862	-0.017937	-0.030888	-0.009343
1763707560.333157	-0.158327	-0.025842	0.000941	-0.003390	0.011580	0.003839	-0.022792	-0.022868	-0.005394
1763707560.344127	-0.158327	-0.025842	0.000941	-0.003390	0.011580	0.003839	-0.005012	-0.017801	0.009604
1763707560.352623	-0.158712	-0.026063	0.000993	-0.004262	0.011975	0.003701	-0.005012	-0.017801	0.009604
1763707560.363431	-0.158712	-0.026063	0.000993	-0.004262	0.011975	0.003701	-0.020943	-0.021570	-0.008718
1763707560.372717	-0.159060	-0.026191	0.001115	-0.005024	0.012171	0.003324	-0.020943	-0.021570	-0.008718
1763707560.384437	-0.159434	-0.026340	0.001153	-0.003634	0.011359	0.002638	-0.023782	-0.024602	-0.012107
1763707560.394439	-0.159434	-0.026340	0.001153	-0.003634	0.011359	0.002638	-0.019419	-0.014300	0.001287
1763707560.405737	-0.159785	-0.026542	0.001202	-0.003013	0.011319	0.002313	-0.012736	-0.019074	-0.005447
1763707560.413213	-0.160169	-0.026675	0.001190	-0.003892	0.011239	0.002150	-0.012736	-0.019074	-0.005447
1763707560.423268	-0.160169	-0.026675	0.001190	-0.003892	0.011239	0.002150	-0.032620	-0.025825	-0.017322
1763707560.435125	-0.160560	-0.026843	0.001157	-0.003825	0.011296	0.001596	-0.018628	-0.021940	-0.018484
1763707560.444465	-0.160560	-0.026843	0.001157	-0.003825	0.011296	0.001596	-0.018628	-0.021940	-0.018484
1763707560.457540	-0.160883	-0.027000	0.001206	-0.001899	0.010765	0.002078	-0.018628	-0.021940	-0.018484
1763707560.466372	-0.161192	-0.027136	0.001221	-0.001699	0.010529	0.002126	-0.009216	-0.010160	0.003045
1763707560.473527	-0.161192	-0.027136	0.001221	-0.001699	0.010529	0.002126	-0.020049	-0.023800	-0.011041
1763707560.483744	-0.161442	-0.027241	0.001337	-0.002257	0.011108	0.001948	-0.015091	-0.023617	-0.004299
1763707560.498271	-0.161442	-0.027241	0.001337	-0.002257	0.011108	0.001948	-0.016547	-0.006210	0.006115
1763707560.508395	-0.161989	-0.027429	0.001550	-0.001961	0.011506	0.002260	-0.006286	-0.019462	0.009702
1763707560.512201	-0.161989	-0.027429	0.001550	-0.001961	0.011506	0.002260	-0.012710	-0.020213	-0.002019
1763707560.522341	-0.161989	-0.027429	0.001550	-0.001961	0.011506	0.002260	-0.017347	-0.017766	-0.004256
1763707560.532226	-0.162267	-0.027516	0.001697	-0.001609	0.011323	0.001904	-0.019713	-0.013694	0.002833
1763707560.542158	-0.162267	-0.027516	0.001697	-0.001609	0.011323	0.001904	-0.010855	-0.009539	0.012933
1763707560.552480	-0.162585	-0.027622	0.001772	-0.001418	0.011758	0.001258	-0.010855	-0.009539	0.012933
1763707560.562409	-0.162585	-0.027622	0.001772	-0.001418	0.011758	0.001258	0.002025	-0.012795	0.004077
1763707560.572673	-0.162886	-0.027743	0.001802	-0.000356	0.011694	0.001018	-0.025821	-0.020087	-0.016391
1763707560.582515	-0.163200	-0.027939	0.001858	-0.001041	0.011620	0.000944	-0.014378	-0.008905	-0.006924
1763707560.592555	-0.163200	-0.027939	0.001858	-0.001041	0.011620	0.000944	-0.014378	-0.008905	-0.006924
1763707560.604886	-0.163478	-0.028062	0.001881	-0.000228	0.011057	0.000375	-0.002943	-0.009836	0.002064
1763707560.613242	-0.163478	-0.028062	0.001881	-0.000228	0.011057	0.000375	-0.002943	-0.009836	0.002064
1763707560.622854	-0.163768	-0.028180	0.001825	-0.000254	0.011065	0.000538	-0.022181	-0.022204	-0.020083
1763707560.633794	-0.164034	-0.028301	0.001831	-0.000363	0.011661	0.000616	-0.013380	-0.019682	-0.015006
1763707560.644876	-0.164034	-0.028301	0.001831	-0.000363	0.011661	0.000616	-0.002470	-0.004337	0.005203
1763707560.654308	-0.164197	-0.028397	0.001810	-0.001170	0.012537	0.000369	-0.008136	-0.017310	-0.003753
1763707560.663284	-0.164197	-0.028397	0.001810	-0.001170	0.012537	0.000369	-0.014835	-0.018087	-0.013128
1763707560.673149	-0.164428	-0.028509	0.001820	-0.001800	0.013121	0.000474	-0.007740	-0.015813	-0.012197
1763707560.682483	-0.164623	-0.028699	0.001696	-0.003123	0.013394	0.001008	-0.007740	-0.015813	-0.012197
1763707560.692700	-0.164623	-0.028699	0.001696	-0.003123	0.013394	0.001008	-0.005194	-0.005757	0.008990
1763707560.702615	-0.164820	-0.028855	0.001655	-0.004303	0.013641	0.001246	0.003373	-0.009093	-0.006743
1763707560.713798	-0.164977	-0.028997	0.001613	-0.004446	0.013842	0.001468	0.003373	-0.009093	-0.006743
1763707560.723130	-0.164977	-0.028997	0.001613	-0.004446	0.013842	0.001468	-0.008934	-0.016522	-0.015276
1763707560.733273	-0.165158	-0.029063	0.001509	-0.005343	0.013543	0.001015	-0.016876	-0.011051	-0.019100
1763707560.743676	-0.165158	-0.029063	0.001509	-0.005343	0.013543	0.001015	0.007553	-0.005328	0.002676
1763707560.752801	-0.165318	-0.029189	0.001410	-0.005351	0.012903	0.000985	0.002393	-0.002545	0.000525
1763707560.763133	-0.165444	-0.029272	0.001316	-0.005228	0.012713	0.000583	-0.007606	-0.008982	-0.015592
1763707560.773041	-0.165444	-0.029272	0.001316	-0.005228	0.012713	0.000583	-0.017255	-0.015754	-0.024320
1763707560.782997	-0.165648	-0.029355	0.001132	-0.005086	0.012063	0.000398	-0.015561	-0.009252	-0.015531
1763707560.792963	-0.165648	-0.029355	0.001132	-0.005086	0.012063	0.000398	0.000168	0.003582	-0.003843
1763707560.802851	-0.165790	-0.029387	0.001005	-0.004425	0.011694	0.000442	0.001889	0.002680	0.006554
1763707560.816143	-0.165790	-0.029387	0.001005	-0.004425	0.011694	0.000442	-0.010842	-0.001527	0.000227
1763707560.823200	-0.166009	-0.029416	0.000826	-0.003591	0.010391	0.000333	-0.010842	-0.001527	0.000227
1763707560.833456	-0.166187	-0.029445	0.000745	-0.005031	0.010252	0.000680	-0.005228	-0.012889	-0.010941
1763707560.842757	-0.166187	-0.029445	0.000745	-0.005031	0.010252	0.000680	-0.006390	-0.010614	-0.011678
1763707560.852712	-0.166353	-0.029477	0.000702	-0.005851	0.009878	0.000785	-0.002880	0.006267	0.007252
1763707560.862822	-0.166491	-0.029455	0.000654	-0.005089	0.009087	0.000971	0.002590	0.000969	0.001009
1763707560.873221	-0.166491	-0.029455	0.000654	-0.005089	0.009087	0.000971	-0.003482	-0.008957	-0.007992
1763707560.882932	-0.166594	-0.029451	0.000657	-0.005567	0.009121	0.001240	-0.017203	-0.003710	-0.020390
1763707560.892645	-0.166594	-0.029451	0.000657	-0.005567	0.009121	0.001240	-0.017395	-0.001779	-0.014366
1763707560.902741	-0.166761	-0.029470	0.000595	-0.005855	0.009068	0.001089	0.002806	0.002397	0.003404
1763707560.913525	-0.166866	-0.029501	0.000463	-0.005004	0.008418	0.001183	0.003752	0.008732	0.004387
1763707560.924287	-0.166866	-0.029501	0.000463	-0.005004	0.008418	0.001183	0.003752	0.008732	0.004387
1763707560.934595	-0.166992	-0.029547	0.000367	-0.004404	0.008075	0.001211	-0.005995	-0.003909	-0.006174
1763707560.942966	-0.166992	-0.029547	0.000367	-0.004404	0.008075	0.001211	-0.018504	-0.013396	-0.016051
1763707560.952680	-0.167103	-0.029573	0.000269	-0.003204	0.007909	0.001208	-0.015007	-0.004807	-0.014545
1763707560.964406	-0.167103	-0.029573	0.000269	-0.003204	0.007909	0.001208	0.000650	0.004750	0.014722
1763707560.972516	-0.167243	-0.029576	0.000209	-0.002378	0.007273	0.001230	-0.007632	0.000852	0.005364
1763707560.983969	-0.167380	-0.029546	0.000175	-0.001863	0.006661	0.001439	-0.007632	0.000852	0.005364
1763707560.993012	-0.167380	-0.029546	0.000175	-0.001863	0.006661	0.001439	-0.004219	-0.007930	-0.006675
1763707561.002968	-0.167545	-0.029566	0.000254	-0.002298	0.006938	0.001581	-0.018442	0.005599	0.003145
1763707561.012904	-0.167704	-0.029607	0.000318	-0.002926	0.007234	0.001332	-0.018442	0.005599	0.003145
1763707561.023118	-0.167704	-0.029607	0.000318	-0.002926	0.007234	0.001332	0.001686	0.004299	0.008793
1763707561.033473	-0.167911	-0.029630	0.000333	-0.002830	0.006794	0.001473	0.001265	0.001116	0.005021
1763707561.042747	-0.167911	-0.029630	0.000333	-0.002830	0.006794	0.001473	-0.010801	-0.003533	-0.006938
1763707561.052753	-0.168005	-0.029631	0.000350	-0.002296	0.006485	0.001503	-0.016409	-0.006623	-0.020262
1763707561.062545	-0.168005	-0.029631	0.000350	-0.002296	0.006485	0.001503	-0.014618	-0.001780	-0.008486
1763707561.072712	-0.168143	-0.029615	0.000368	-0.001786	0.006581	0.001372	0.000174	0.007499	0.003943
1763707561.083083	-0.168311	-0.029660	0.000273	-0.001241	0.006805	0.001403	-0.010692	-0.009260	-0.007004
1763707561.092918	-0.168311	-0.029660	0.000273	-0.001241	0.006805	0.001403	-0.013018	-0.013549	-0.019195
1763707561.103733	-0.168515	-0.029643	0.000186	0.000122	0.006976	0.001652	-0.010831	-0.000896	-0.014616
1763707561.112377	-0.168645	-0.029691	0.000158	0.001409	0.007018	0.001781	-0.010831	-0.000896	-0.014616
1763707561.122412	-0.168645	-0.029691	0.000158	0.001409	0.007018	0.001781	-0.009889	0.005585	0.002359
1763707561.134426	-0.168830	-0.029794	0.000128	0.001960	0.007410	0.002249	-0.003549	-0.001207	0.006758
1763707561.144991	-0.168830	-0.029794	0.000128	0.001960	0.007410	0.002249	-0.003141	-0.002376	-0.004032
1763707561.152842	-0.169002	-0.029882	0.000048	0.002379	0.007971	0.002937	-0.005377	-0.009327	-0.010791
1763707561.163033	-0.169201	-0.029916	-0.000004	0.002449	0.008412	0.003504	-0.019676	-0.007664	-0.010598
1763707561.172919	-0.169201	-0.029916	-0.000004	0.002449	0.008412	0.003504	-0.016238	0.001618	-0.001958
1763707561.183007	-0.169357	-0.029946	0.000005	0.002824	0.008259	0.003891	0.010249	0.000643	0.008094
1763707561.194166	-0.169357	-0.029946	0.000005	0.002824	0.008259	0.003891	-0.003784	0.002140	0.004346
1763707561.202653	-0.169588	-0.030015	-0.000003	0.002121	0.008656	0.003621	-0.003784	0.002140	0.004346
1763707561.212524	-0.169588	-0.030015	-0.000003	0.002121	0.008656	0.003621	-0.009670	-0.012956	-0.015422
1763707561.223111	-0.169753	-0.030088	0.000001	0.001254	0.009439	0.004100	-0.008355	-0.003745	-0.000012
1763707561.233455	-0.169887	-0.030195	0.000049	0.000701	0.009567	0.004510	0.000141	0.005354	0.018332
1763707561.242771	-0.169887	-0.030195	0.000049	0.000701	0.009567	0.004510	-0.000443	-0.011739	-0.000568
1763707561.253146	-0.170035	-0.030273	0.000099	0.000825	0.009245	0.005125	-0.010807	-0.012545	-0.001799
1763707561.262702	-0.170191	-0.030442	0.000145	0.001919	0.008894	0.005580	-0.011949	-0.003288	-0.001633
1763707561.272552	-0.170191	-0.030442	0.000145	0.001919	0.008894	0.005580	-0.013100	0.002640	0.006445
1763707561.282723	-0.170370	-0.030572	0.000230	0.002381	0.009010	0.005692	0.006139	-0.003117	0.014978
1763707561.292643	-0.170370	-0.030572	0.000230	0.002381	0.009010	0.005692	0.002859	-0.002058	0.007257
1763707561.303083	-0.170520	-0.030683	0.000323	0.001271	0.009351	0.006091	-0.007197	-0.011144	-0.005020
1763707561.313095	-0.170658	-0.030813	0.000384	0.000738	0.009854	0.006017	-0.014402	-0.012021	-0.004580
1763707561.323635	-0.170658	-0.030813	0.000384	0.000738	0.009854	0.006017	-0.003205	0.000624	0.008102
1763707561.333148	-0.170877	-0.030892	0.000458	-0.000234	0.010317	0.005569	0.011848	0.002586	0.014283
1763707561.343002	-0.170877	-0.030892	0.000458	-0.000234	0.010317	0.005569	-0.004832	-0.007086	0.004829
1763707561.353190	-0.171010	-0.030973	0.000568	0.000068	0.010000	0.005430	-0.004841	-0.015932	-0.010582
1763707561.362528	-0.171010	-0.030973	0.000568	0.000068	0.010000	0.005430	-0.003913	-0.010329	-0.011928
1763707561.372531	-0.171208	-0.031164	0.000570	-0.001681	0.010353	0.005860	-0.006867	-0.000469	0.008513
1763707561.383432	-0.171356	-0.031321	0.000540	-0.001806	0.010437	0.006338	0.005176	-0.003422	0.013328
1763707561.392662	-0.171356	-0.031321	0.000540	-0.001806	0.010437	0.006338	0.006620	-0.005846	0.000030
1763707561.407805	-0.171571	-0.031542	0.000569	-0.000819	0.009906	0.007456	0.002300	-0.015221	-0.010032
1763707561.414528	-0.171721	-0.031748	0.000549	-0.000927	0.009600	0.008257	-0.015849	-0.009877	-0.015781
1763707561.423936	-0.171721	-0.031748	0.000549	-0.000927	0.009600	0.008257	-0.005723	-0.004487	-0.007822
1763707561.432703	-0.171890	-0.031937	0.000455	0.000691	0.008855	0.008436	0.014725	-0.003714	0.006566
1763707561.442680	-0.171890	-0.031937	0.000455	0.000691	0.008855	0.008436	0.001735	-0.002527	0.005697
1763707561.452780	-0.172079	-0.032155	0.000351	0.001642	0.008250	0.008916	0.000022	-0.014726	-0.010655
1763707561.462960	-0.172241	-0.032351	0.000246	0.001183	0.008064	0.009087	-0.006858	-0.017380	-0.016135
1763707561.473250	-0.172241	-0.032351	0.000246	0.001183	0.008064	0.009087	-0.004203	-0.010571	0.000118
1763707561.483132	-0.172367	-0.032563	0.000149	0.001445	0.007470	0.009622	0.004582	0.000044	0.010055
1763707561.493031	-0.172367	-0.032563	0.000149	0.001445	0.007470	0.009622	-0.002025	-0.001378	0.005206
1763707561.503119	-0.172532	-0.032754	0.000057	0.001821	0.006739	0.009798	0.002711	-0.018975	-0.004205
1763707561.513044	-0.172694	-0.032894	0.000020	0.001642	0.006655	0.010123	0.002711	-0.018975	-0.004205
1763707561.523310	-0.172694	-0.032894	0.000020	0.001642	0.006655	0.010123	-0.006813	-0.014940	-0.010949
1763707561.532816	-0.172866	-0.033123	-0.000001	0.000759	0.007058	0.010823	-0.002915	-0.007855	0.009534
1763707561.542702	-0.172866	-0.033123	-0.000001	0.000759	0.007058	0.010823	0.005759	-0.004424	0.014231
1763707561.552447	-0.173147	-0.033325	-0.000060	0.000683	0.007009	0.011003	0.009030	-0.009681	0.001635
1763707561.562762	-0.173365	-0.033564	-0.000075	0.000669	0.007347	0.011044	-0.009960	-0.019222	-0.011815
1763707561.573957	-0.173365	-0.033564	-0.000075	0.000669	0.007347	0.011044	-0.018180	-0.017268	-0.010672
1763707561.583890	-0.173536	-0.033900	-0.000115	-0.000671	0.007432	0.010886	0.001589	-0.007405	-0.000784
1763707561.592730	-0.173536	-0.033900	-0.000115	-0.000671	0.007432	0.010886	0.009817	-0.003106	0.013787
1763707561.602817	-0.173738	-0.034265	-0.000162	-0.000257	0.006718	0.011181	-0.005921	-0.007408	0.012120
1763707561.613872	-0.173908	-0.034505	-0.000187	-0.001197	0.006650	0.011671	0.001001	-0.020553	-0.002498
1763707561.624749	-0.173908	-0.034505	-0.000187	-0.001197	0.006650	0.011671	-0.008955	-0.016872	-0.007521
1763707561.633934	-0.174145	-0.034785	-0.000179	-0.000813	0.006900	0.012303	-0.009821	-0.012553	0.006124
1763707561.642734	-0.174145	-0.034785	-0.000179	-0.000813	0.006900	0.012303	-0.002866	-0.005381	0.008804
1763707561.652781	-0.174336	-0.035029	-0.000222	-0.000622	0.006785	0.012752	0.003072	-0.006440	0.008474
1763707561.662866	-0.174520	-0.035297	-0.000197	-0.000602	0.006489	0.012621	0.004500	-0.018027	-0.000761
1763707561.673466	-0.174520	-0.035297	-0.000197	-0.000602	0.006489	0.012621	-0.020120	-0.015001	-0.010824
1763707561.683502	-0.174731	-0.035490	-0.000165	0.000001	0.006350	0.012654	-0.007856	-0.016727	-0.008194
1763707561.693850	-0.174731	-0.035490	-0.000165	0.000001	0.006350	0.012654	0.002029	-0.006521	0.008470
1763707561.702703	-0.174994	-0.035708	-0.000226	0.000276	0.006096	0.012734	0.001499	-0.005485	0.014242
1763707561.713777	-0.174994	-0.035708	-0.000226	0.000276	0.006096	0.012734	-0.001021	-0.014773	-0.005430
1763707561.723479	-0.175260	-0.036054	-0.000193	-0.000681	0.006574	0.013242	-0.013427	-0.023749	-0.016308
1763707561.733201	-0.175512	-0.036400	-0.000205	-0.001488	0.007635	0.013380	-0.007710	-0.020327	-0.011050
1763707561.743971	-0.175512	-0.036400	-0.000205	-0.001488	0.007635	0.013380	-0.007710	-0.020327	-0.011050
1763707561.752526	-0.175775	-0.036694	-0.000224	-0.001070	0.008442	0.013440	-0.010410	-0.000785	0.003148
1763707561.762770	-0.175775	-0.036694	-0.000224	-0.001070	0.008442	0.013440	-0.000229	-0.007594	0.009862
1763707561.772830	-0.175987	-0.036962	-0.000256	-0.000940	0.008617	0.013852	0.002728	-0.016170	-0.000071
1763707561.784049	-0.176217	-0.037208	-0.000308	-0.002073	0.008405	0.013966	-0.006758	-0.014795	-0.008363
1763707561.792935	-0.176217	-0.037208	-0.000308	-0.002073	0.008405	0.013966	-0.011952	-0.015688	-0.013717
1763707561.802992	-0.176436	-0.037427	-0.000350	-0.002064	0.008539	0.013420	-0.011952	-0.015688	-0.013717
1763707561.812714	-0.176436	-0.037427	-0.000350	-0.002064	0.008539	0.013420	0.007056	-0.002839	0.004864
1763707561.822964	-0.176680	-0.037599	-0.000347	-0.002058	0.009036	0.013369	-0.005444	-0.017993	0.000618
1763707561.832701	-0.176924	-0.037786	-0.000413	-0.001308	0.008673	0.013416	-0.015214	-0.020513	-0.008499
1763707561.842654	-0.176924	-0.037786	-0.000413	-0.001308	0.008673	0.013416	-0.004447	-0.013861	-0.004761
1763707561.852475	-0.177181	-0.037981	-0.000378	-0.001857	0.009124	0.013483	0.004833	-0.004546	0.013898
1763707561.862293	-0.177181	-0.037981	-0.000378	-0.001857	0.009124	0.013483	0.002628	-0.001498	0.022187
1763707561.873123	-0.177414	-0.038195	-0.000332	-0.002716	0.009470	0.013787	-0.007814	-0.006778	0.007951
1763707561.884093	-0.177627	-0.038401	-0.000260	-0.002932	0.009668	0.014272	-0.001130	-0.018162	-0.007043
1763707561.893868	-0.177627	-0.038401	-0.000260	-0.002932	0.009668	0.014272	-0.009774	-0.009878	-0.001607
1763707561.902815	-0.177798	-0.038631	-0.000147	-0.003676	0.009705	0.014673	-0.007149	-0.000008	0.012306
1763707561.912654	-0.177973	-0.038826	-0.000014	-0.003331	0.009774	0.015239	0.004206	-0.000614	0.017150
1763707561.922875	-0.177973	-0.038826	-0.000014	-0.003331	0.009774	0.015239	0.003035	-0.008795	0.011735
1763707561.932686	-0.178197	-0.038941	0.000100	-0.002875	0.009546	0.015100	-0.007398	-0.007625	-0.006998
1763707561.943279	-0.178197	-0.038941	0.000100	-0.002875	0.009546	0.015100	-0.009006	-0.012703	-0.011707
1763707561.953130	-0.178441	-0.039047	0.000136	-0.003312	0.010081	0.014886	-0.004776	-0.005296	0.001704
1763707561.962995	-0.178645	-0.039181	0.000166	-0.002671	0.010887	0.014968	0.011855	0.002188	0.017985
1763707561.973012	-0.178645	-0.039181	0.000166	-0.002671	0.010887	0.014968	0.012461	0.000901	0.010241
1763707561.983040	-0.178805	-0.039260	0.000180	-0.003034	0.011598	0.014633	-0.003738	-0.012988	-0.000172
1763707561.993287	-0.178805	-0.039260	0.000180	-0.003034	0.011598	0.014633	-0.003254	-0.014445	-0.011836
1763707562.002803	-0.179004	-0.039355	0.000251	-0.003020	0.011733	0.014498	0.006356	0.007728	0.006695
1763707562.012650	-0.179004	-0.039355	0.000251	-0.003020	0.011733	0.014498	0.012223	0.002725	0.015581
1763707562.023402	-0.179117	-0.039414	0.000251	-0.003107	0.011889	0.014338	0.006601	-0.000876	0.003177
1763707562.032807	-0.179238	-0.039499	0.000276	-0.002793	0.011465	0.014391	0.006601	-0.000876	0.003177
1763707562.044686	-0.179238	-0.039499	0.000276	-0.002793	0.011465	0.014391	-0.005048	-0.001980	-0.006513
1763707562.054956	-0.179401	-0.039568	0.000313	-0.002946	0.011298	0.014334	-0.005048	-0.001980	-0.006513
1763707562.062949	-0.179633	-0.039606	0.000313	-0.002639	0.011030	0.013877	-0.001028	0.004722	-0.001568
1763707562.072833	-0.179633	-0.039606	0.000313	-0.002639	0.011030	0.013877	0.019236	0.006786	0.003611
1763707562.083081	-0.179804	-0.039610	0.000297	-0.002904	0.010742	0.013261	0.015107	0.000886	0.001451
1763707562.092885	-0.179804	-0.039610	0.000297	-0.002904	0.010742	0.013261	-0.000797	-0.001530	-0.013534
1763707562.105093	-0.179993	-0.039630	0.000188	-0.002930	0.010514	0.013080	0.010921	0.002556	-0.005553
1763707562.112909	-0.180148	-0.039657	0.000108	-0.003227	0.010673	0.013357	0.010921	0.002556	-0.005553
1763707562.123466	-0.180148	-0.039657	0.000108	-0.003227	0.010673	0.013357	0.017895	0.010722	0.008610
1763707562.134499	-0.180283	-0.039686	0.000031	-0.003720	0.010637	0.013692	0.014567	0.005404	-0.000188
1763707562.144375	-0.180283	-0.039686	0.000031	-0.003720	0.010637	0.013692	-0.002420	-0.007077	-0.017327
1763707562.153819	-0.180403	-0.039681	-0.000063	-0.004759	0.011231	0.014068	-0.002420	-0.007077	-0.017327
1763707562.162872	-0.180564	-0.039695	-0.000245	-0.004752	0.011682	0.014214	0.010479	0.006924	-0.007103
1763707562.173266	-0.180564	-0.039695	-0.000245	-0.004752	0.011682	0.014214	0.007169	0.006770	0.014923
1763707562.183795	-0.180693	-0.039657	-0.000268	-0.004287	0.011665	0.014363	0.007169	0.006770	0.014923
1763707562.192967	-0.180693	-0.039657	-0.000268	-0.004287	0.011665	0.014363	0.013225	0.001168	0.000590
1763707562.205870	-0.180802	-0.039623	-0.000282	-0.004032	0.011400	0.014982	0.005412	0.001170	-0.006594
1763707562.212913	-0.180860	-0.039613	-0.000237	-0.003297	0.011637	0.014951	0.000700	-0.000762	-0.004198
1763707562.223788	-0.180860	-0.039613	-0.000237	-0.003297	0.011637	0.014951	-0.003382	0.010598	0.006406
1763707562.235102	-0.180952	-0.039528	-0.000217	-0.002020	0.010965	0.014969	0.021038	0.011371	0.011511
1763707562.244295	-0.180952	-0.039528	-0.000217	-0.002020	0.010965	0.014969	0.000580	-0.002957	-0.004680
1763707562.253681	-0.181003	-0.039474	-0.000171	-0.002257	0.011040	0.015004	0.000580	-0.002957	-0.004680
1763707562.263031	-0.181025	-0.039390	-0.000094	-0.002765	0.011678	0.014681	0.001882	0.000249	-0.007733
1763707562.272763	-0.181025	-0.039390	-0.000094	-0.002765	0.011678	0.014681	0.009739	0.011907	0.010320
1763707562.283120	-0.181058	-0.039344	-0.000035	-0.003095	0.012185	0.014670	0.021036	0.013641	0.021192
1763707562.293653	-0.181058	-0.039344	-0.000035	-0.003095	0.012185	0.014670	0.007358	-0.002055	-0.007480
1763707562.302673	-0.181088	-0.039285	0.000069	-0.001808	0.012420	0.014777	0.003215	0.002155	-0.000939
1763707562.313116	-0.181117	-0.039217	0.000127	-0.000800	0.012329	0.015168	0.003215	0.002155	-0.000939
1763707562.323575	-0.181117	-0.039217	0.000127	-0.000800	0.012329	0.015168	0.007567	0.015795	0.017122
1763707562.334454	-0.181102	-0.039146	0.000244	0.000194	0.011903	0.015327	0.017367	0.004875	0.013892
1763707562.343668	-0.181102	-0.039146	0.000244	0.000194	0.011903	0.015327	0.010537	-0.000599	0.000686
1763707562.352790	-0.181105	-0.039115	0.000354	0.000774	0.011915	0.016224	0.010537	-0.000599	0.000686
1763707562.363428	-0.181105	-0.039115	0.000354	0.000774	0.011915	0.016224	0.000472	0.008807	-0.002712
1763707562.373468	-0.181152	-0.039022	0.000573	0.001493	0.012610	0.016251	0.021420	0.013145	0.020486
1763707562.383614	-0.181173	-0.038964	0.000748	0.001147	0.012857	0.016647	0.021420	0.013145	0.020486
1763707562.392869	-0.181173	-0.038964	0.000748	0.001147	0.012857	0.016647	0.026454	0.010727	0.013409
1763707562.402680	-0.181199	-0.038878	0.000860	0.000728	0.012824	0.016922	0.006464	0.004555	-0.001914
1763707562.413013	-0.181199	-0.038878	0.000860	0.000728	0.012824	0.016922	0.009878	0.015831	0.003311
1763707562.424211	-0.181202	-0.038741	0.000932	0.000796	0.012733	0.017150	0.028171	0.016150	0.014193
1763707562.433008	-0.181236	-0.038689	0.001006	0.000775	0.012748	0.017349	0.014730	0.006943	0.005983
1763707562.443105	-0.181236	-0.038689	0.001006	0.000775	0.012748	0.017349	0.014730	0.006943	0.005983
1763707562.453032	-0.181202	-0.038603	0.001058	0.000566	0.012324	0.017473	0.003245	0.000288	-0.007714
1763707562.462952	-0.181156	-0.038499	0.001173	-0.000650	0.012177	0.017674	0.012024	0.004433	-0.009888
1763707562.475260	-0.181156	-0.038499	0.001173	-0.000650	0.012177	0.017674	0.010313	0.015645	0.011752
1763707562.483187	-0.181120	-0.038382	0.001133	0.001001	0.011291	0.018080	0.018451	0.014092	0.007621
1763707562.493314	-0.181120	-0.038382	0.001133	0.001001	0.011291	0.018080	0.008835	0.001847	-0.017723
1763707562.502758	-0.181041	-0.038262	0.001058	0.000645	0.011050	0.018583	0.008835	0.001847	-0.017723
1763707562.512779	-0.180953	-0.038165	0.000950	-0.000456	0.011053	0.018791	0.015045	0.015693	-0.003290
1763707562.522845	-0.180953	-0.038165	0.000950	-0.000456	0.011053	0.018791	0.024018	0.011959	0.004098
1763707562.533330	-0.180905	-0.038086	0.000800	-0.000195	0.011280	0.018608	0.024018	0.011959	0.004098
1763707562.542519	-0.180905	-0.038086	0.000800	-0.000195	0.011280	0.018608	0.024295	0.004754	-0.010262
1763707562.552985	-0.180845	-0.037992	0.000623	0.000063	0.011204	0.018302	0.003529	0.004367	-0.025402
1763707562.562978	-0.180800	-0.037914	0.000478	-0.000216	0.011410	0.017653	0.007508	-0.000792	-0.019830
1763707562.573373	-0.180800	-0.037914	0.000478	-0.000216	0.011410	0.017653	0.029637	0.017655	0.006058
1763707562.585147	-0.180773	-0.037841	0.000320	0.000052	0.011554	0.017682	0.029637	0.017655	0.006058
1763707562.593734	-0.180773	-0.037841	0.000320	0.000052	0.011554	0.017682	0.004528	-0.000943	-0.009734
1763707562.602523	-0.180755	-0.037758	0.000090	0.001593	0.011010	0.018338	0.010404	0.004122	-0.014430
1763707562.612635	-0.180755	-0.037758	0.000090	0.001593	0.011010	0.018338	0.010404	0.004122	-0.014430
1763707562.622689	-0.180732	-0.037650	0.000015	0.001730	0.010857	0.018354	0.012170	0.016710	0.001530
1763707562.632825	-0.180655	-0.037654	-0.000003	0.001364	0.010973	0.018929	0.016769	0.013826	0.016799
1763707562.646727	-0.180655	-0.037654	-0.000003	0.001364	0.010973	0.018929	0.016810	0.012643	0.013007
1763707562.652710	-0.180590	-0.037536	0.000061	0.000001	0.011105	0.018863	0.015169	0.002038	-0.003436
1763707562.662672	-0.180484	-0.037442	0.000130	-0.000539	0.011548	0.018654	0.004980	0.005892	-0.000143
1763707562.673308	-0.180484	-0.037442	0.000130	-0.000539	0.011548	0.018654	0.004980	0.005892	-0.000143
1763707562.682500	-0.180430	-0.037319	0.000137	-0.000008	0.011224	0.018321	0.025698	0.013843	0.014039
1763707562.693200	-0.180430	-0.037319	0.000137	-0.000008	0.011224	0.018321	0.015230	0.005107	0.001255
1763707562.702810	-0.180366	-0.037262	0.000147	0.000496	0.010863	0.018076	-0.000115	0.004407	-0.013352
1763707562.712445	-0.180366	-0.037262	0.000147	0.000496	0.010863	0.018076	0.012152	-0.000886	-0.007906
1763707562.722673	-0.180235	-0.037143	0.000171	-0.000850	0.011345	0.018285	0.014263	0.015656	0.009338
1763707562.733004	-0.180131	-0.037063	0.000186	-0.001501	0.012069	0.018445	0.018049	0.018369	0.015084
1763707562.743594	-0.180131	-0.037063	0.000186	-0.001501	0.012069	0.018445	0.015521	0.006504	-0.001200
1763707562.753037	-0.180067	-0.036944	0.000154	-0.002238	0.012271	0.018332	0.004428	-0.001334	-0.011879
1763707562.763009	-0.180067	-0.036944	0.000154	-0.002238	0.012271	0.018332	0.011201	0.006778	-0.008912
1763707562.798333	-0.179755	-0.036618	0.000260	-0.003315	0.013347	0.018888	0.021001	0.009929	0.005298
1763707562.802006	-0.179755	-0.036618	0.000260	-0.003315	0.013347	0.018888	0.015822	0.005600	-0.006483
1763707562.806695	-0.179755	-0.036618	0.000260	-0.003315	0.013347	0.018888	0.002227	0.007521	-0.002836
1763707562.810283	-0.179755	-0.036618	0.000260	-0.003315	0.013347	0.018888	0.002227	0.007521	-0.002836
1763707562.812976	-0.179755	-0.036618	0.000260	-0.003315	0.013347	0.018888	0.002227	0.007521	-0.002836
1763707562.822212	-0.179675	-0.036522	0.000303	-0.003547	0.013722	0.019092	0.002324	0.015309	0.006892
1763707562.832717	-0.179532	-0.036395	0.000356	-0.004026	0.014093	0.019023	0.033002	0.016842	0.014487
1763707562.842547	-0.179532	-0.036395	0.000356	-0.004026	0.014093	0.019023	0.025721	0.015168	0.016646
1763707562.853177	-0.179388	-0.036253	0.000422	-0.003774	0.014379	0.019288	0.012934	0.006130	0.008675
1763707562.863108	-0.179188	-0.036098	0.000455	-0.001943	0.014372	0.018889	0.004107	0.008245	-0.004209
1763707562.872612	-0.179188	-0.036098	0.000455	-0.001943	0.014372	0.018889	0.017411	0.010749	0.005464
1763707562.882547	-0.178994	-0.035951	0.000714	-0.001679	0.014615	0.018475	0.028631	0.020415	0.018060
1763707562.892673	-0.178994	-0.035951	0.000714	-0.001679	0.014615	0.018475	0.020332	0.019149	0.011521
1763707562.902523	-0.178841	-0.035773	0.000788	-0.001392	0.014244	0.017926	0.012280	0.005415	-0.005627
1763707562.913167	-0.178841	-0.035773	0.000788	-0.001392	0.014244	0.017926	0.011352	0.006929	-0.004416
1763707562.922790	-0.178690	-0.035606	0.000907	-0.002259	0.014090	0.017559	0.021004	0.025467	0.007526
1763707562.933104	-0.178542	-0.035446	0.001005	-0.002082	0.014054	0.017894	0.025548	0.020853	0.015724
1763707562.942726	-0.178542	-0.035446	0.001005	-0.002082	0.014054	0.017894	0.023979	0.007937	0.002250
1763707562.952989	-0.178391	-0.035217	0.001050	-0.001319	0.013903	0.017477	0.012581	0.011214	-0.014063
1763707562.963952	-0.178391	-0.035217	0.001050	-0.001319	0.013903	0.017477	0.012581	0.011214	-0.014063
1763707562.973032	-0.178162	-0.035001	0.001119	-0.003071	0.014388	0.017700	0.013000	0.021782	0.003575
1763707562.983798	-0.177974	-0.034843	0.001100	-0.001820	0.014446	0.017519	0.032945	0.020754	0.003072
1763707562.993608	-0.177974	-0.034843	0.001100	-0.001820	0.014446	0.017519	0.027548	0.013864	-0.005149
1763707563.002934	-0.177797	-0.034679	0.000999	-0.000743	0.014284	0.017572	0.007914	0.009251	-0.016803
1763707563.013447	-0.177587	-0.034520	0.000869	-0.002012	0.014592	0.017439	0.007227	0.015198	-0.015887
1763707563.022710	-0.177587	-0.034520	0.000869	-0.002012	0.014592	0.017439	0.007227	0.015198	-0.015887
1763707563.033756	-0.177407	-0.034335	0.000745	-0.002262	0.014724	0.017668	0.029065	0.022822	-0.001223
1763707563.042468	-0.177407	-0.034335	0.000745	-0.002262	0.014724	0.017668	0.025097	0.016674	0.002444
1763707563.052666	-0.177155	-0.034098	0.000598	-0.002848	0.014357	0.017747	0.018211	0.008321	-0.011864
1763707563.063116	-0.176853	-0.033912	0.000484	-0.001200	0.013463	0.017638	0.018211	0.008321	-0.011864
1763707563.073508	-0.176853	-0.033912	0.000484	-0.001200	0.013463	0.017638	0.024140	0.026407	0.009521
1763707563.082725	-0.176623	-0.033681	0.000396	-0.000706	0.013270	0.017742	0.029828	0.027055	0.017379
1763707563.093066	-0.176623	-0.033681	0.000396	-0.000706	0.013270	0.017742	0.028922	0.013270	0.009937
1763707563.102801	-0.176463	-0.033387	0.000417	-0.000846	0.012836	0.017408	0.028922	0.013270	0.009937
1763707563.112483	-0.176463	-0.033387	0.000417	-0.000846	0.012836	0.017408	0.019061	0.016526	-0.001701
1763707563.123013	-0.176216	-0.033133	0.000471	-0.001680	0.012575	0.017101	0.019396	0.022202	0.006356
1763707563.133124	-0.175962	-0.032874	0.000588	-0.000973	0.012135	0.016637	0.035082	0.019725	0.017493
1763707563.143090	-0.175962	-0.032874	0.000588	-0.000973	0.012135	0.016637	0.034720	0.020131	0.001662
1763707563.153052	-0.175716	-0.032680	0.000565	-0.001830	0.011991	0.015723	0.015261	0.010720	-0.012162
1763707563.162904	-0.175716	-0.032680	0.000565	-0.001830	0.011991	0.015723	0.009953	0.012560	-0.010659
1763707563.173398	-0.175492	-0.032502	0.000532	-0.000683	0.010740	0.015713	0.032563	0.023943	0.003049
1763707563.183944	-0.175273	-0.032318	0.000472	0.000585	0.010291	0.016209	0.034645	0.025054	0.013189
1763707563.192512	-0.175273	-0.032318	0.000472	0.000585	0.010291	0.016209	0.023568	0.010245	0.001618
1763707563.202501	-0.174955	-0.032141	0.000335	0.000896	0.010748	0.016296	0.015402	0.009082	-0.016176
1763707563.212744	-0.174955	-0.032141	0.000335	0.000896	0.010748	0.016296	0.020772	0.011201	-0.007256
1763707563.222692	-0.174680	-0.031923	0.000221	0.002743	0.010175	0.016347	0.020772	0.011201	-0.007256
1763707563.234725	-0.174414	-0.031750	0.000198	0.003695	0.010078	0.017331	0.021540	0.024055	0.012496
1763707563.242512	-0.174414	-0.031750	0.000198	0.003695	0.010078	0.017331	0.032090	0.012702	-0.000564
1763707563.252874	-0.174197	-0.031560	0.000222	0.004656	0.009054	0.017429	0.016909	0.007738	-0.007002
1763707563.262381	-0.173974	-0.031369	0.000166	0.004043	0.008641	0.016949	0.011473	0.010060	-0.010891
1763707563.272535	-0.173974	-0.031369	0.000166	0.004043	0.008641	0.016949	0.010067	0.018836	-0.002660
1763707563.283025	-0.173744	-0.031226	0.000060	0.003358	0.008824	0.016320	0.035183	0.015111	0.012538
1763707563.292788	-0.173744	-0.031226	0.000060	0.003358	0.008824	0.016320	0.025718	0.019293	0.007817
1763707563.302615	-0.173595	-0.031019	-0.000025	0.003638	0.008206	0.016028	0.023796	0.004961	-0.004854
1763707563.312790	-0.173428	-0.030855	-0.000090	0.003157	0.008217	0.015820	0.012592	0.000944	-0.013606
1763707563.322664	-0.173428	-0.030855	-0.000090	0.003157	0.008217	0.015820	0.016367	0.008201	-0.000742
1763707563.337250	-0.173198	-0.030676	-0.000105	0.002299	0.008662	0.015629	0.020789	0.014990	0.007155
1763707563.344090	-0.173198	-0.030676	-0.000105	0.002299	0.008662	0.015629	0.020789	0.014990	0.007155
1763707563.352613	-0.173000	-0.030551	-0.000185	0.003192	0.007675	0.015886	0.025569	0.000611	-0.003497
1763707563.362511	-0.173000	-0.030551	-0.000185	0.003192	0.007675	0.015886	0.012218	0.006107	-0.009353
1763707563.372537	-0.172748	-0.030415	-0.000107	0.002435	0.007575	0.016427	0.012304	0.003946	-0.007500
1763707563.382710	-0.172570	-0.030366	-0.000062	0.002497	0.007535	0.016550	0.008444	0.011902	0.004925
1763707563.393308	-0.172570	-0.030366	-0.000062	0.002497	0.007535	0.016550	0.026019	0.015899	0.004295
1763707563.403134	-0.172458	-0.030316	-0.000064	0.001988	0.007596	0.016572	0.016568	-0.000888	-0.006315
1763707563.412805	-0.172254	-0.030205	-0.000104	0.002361	0.006938	0.017056	0.002082	-0.003741	-0.015044
1763707563.422555	-0.172254	-0.030205	-0.000104	0.002361	0.006938	0.017056	0.012756	0.002969	-0.008122
1763707563.432950	-0.172098	-0.030220	-0.000156	0.001660	0.007144	0.017189	0.021338	0.012752	0.006317
1763707563.443130	-0.172098	-0.030220	-0.000156	0.001660	0.007144	0.017189	0.013982	0.009778	0.015084
1763707563.453631	-0.171984	-0.030210	-0.000129	0.002559	0.006332	0.017693	0.022636	0.003324	-0.001659
1763707563.463517	-0.171869	-0.030207	-0.000230	0.001376	0.006214	0.017820	0.022636	0.003324	-0.001659
1763707563.475278	-0.171869	-0.030207	-0.000230	0.001376	0.006214	0.017820	0.000751	-0.003816	-0.012566
1763707563.485732	-0.171750	-0.030279	-0.000253	0.002154	0.005868	0.018278	-0.002859	0.005303	-0.005097
1763707563.495367	-0.171750	-0.030279	-0.000253	0.002154	0.005868	0.018278	0.025239	0.007741	0.010105
1763707563.503540	-0.171650	-0.030285	-0.000352	0.003334	0.005690	0.018802	0.022120	0.008234	0.014348
1763707563.512814	-0.171603	-0.030340	-0.000401	0.002869	0.005157	0.019059	0.008954	-0.000652	0.005955
1763707563.522783	-0.171603	-0.030340	-0.000401	0.002869	0.005157	0.019059	0.008954	-0.000652	0.005955
1763707563.534667	-0.171440	-0.030383	-0.000398	0.002844	0.005630	0.019791	0.010316	-0.010197	-0.008775
1763707563.542683	-0.171440	-0.030383	-0.000398	0.002844	0.005630	0.019791	-0.003349	0.001210	0.005639
1763707563.553853	-0.171397	-0.030503	-0.000372	0.002977	0.006139	0.020415	0.007766	0.008094	0.008815
1763707563.562776	-0.171380	-0.030611	-0.000336	0.003464	0.005772	0.021101	0.019060	0.001188	0.010103
1763707563.572753	-0.171380	-0.030611	-0.000336	0.003464	0.005772	0.021101	0.015480	-0.003189	0.005255
1763707563.583370	-0.171426	-0.030735	-0.000274	0.002965	0.005669	0.021358	-0.004767	-0.011064	-0.009361
1763707563.593553	-0.171426	-0.030735	-0.000274	0.002965	0.005669	0.021358	0.000040	-0.011945	-0.016405
1763707563.603017	-0.171419	-0.030873	-0.000262	0.003779	0.005657	0.021825	0.000040	-0.011945	-0.016405
1763707563.614764	-0.171449	-0.031050	-0.000279	0.004014	0.005546	0.022448	0.010783	0.004134	0.010437
1763707563.623576	-0.171449	-0.031050	-0.000279	0.004014	0.005546	0.022448	0.007119	-0.002231	0.000181
1763707563.635125	-0.171490	-0.031145	-0.000305	0.003237	0.005775	0.022783	0.013333	-0.015354	-0.010944
1763707563.643594	-0.171490	-0.031145	-0.000305	0.003237	0.005775	0.022783	-0.005125	-0.012330	-0.012891
1763707563.658457	-0.171538	-0.031244	-0.000334	0.002793	0.005808	0.023328	-0.004626	-0.009405	-0.016080
1763707563.663844	-0.171554	-0.031373	-0.000380	0.002758	0.005754	0.023754	-0.004395	-0.002666	-0.006209
1763707563.673342	-0.171554	-0.031373	-0.000380	0.002758	0.005754	0.023754	0.013510	-0.001924	0.010217
1763707563.682650	-0.171600	-0.031499	-0.000468	0.001882	0.005731	0.023804	-0.002082	0.002671	0.006952
1763707563.693043	-0.171600	-0.031499	-0.000468	0.001882	0.005731	0.023804	0.004073	-0.013227	-0.002434
1763707563.702496	-0.171681	-0.031643	-0.000482	0.001339	0.006057	0.023939	-0.002098	-0.018828	-0.011750
1763707563.713481	-0.171681	-0.031643	-0.000482	0.001339	0.006057	0.023939	-0.003324	-0.015740	-0.006633
1763707563.722992	-0.171728	-0.031778	-0.000505	0.001388	0.006160	0.024139	-0.010170	-0.002896	-0.003890
1763707563.733008	-0.171828	-0.031920	-0.000498	0.000851	0.006110	0.024536	0.003225	-0.006299	0.005323
1763707563.742761	-0.171828	-0.031920	-0.000498	0.000851	0.006110	0.024536	0.003225	-0.006299	0.005323
1763707563.752754	-0.171901	-0.032147	-0.000552	-0.000494	0.006475	0.025021	-0.003689	-0.010651	0.001860
1763707563.765424	-0.171901	-0.032147	-0.000552	-0.000494	0.006475	0.025021	-0.012228	-0.016054	-0.012872
1763707563.773452	-0.172039	-0.032367	-0.000496	-0.000604	0.007096	0.024941	-0.009872	-0.018024	-0.008899
1763707563.782439	-0.172245	-0.032609	-0.000545	0.000192	0.007102	0.025490	-0.006316	-0.003779	0.001120
1763707563.792642	-0.172245	-0.032609	-0.000545	0.000192	0.007102	0.025490	-0.002229	0.001000	0.006777
1763707563.802518	-0.172402	-0.032889	-0.000572	0.000672	0.006359	0.025733	0.005141	-0.009603	0.001645
1763707563.812550	-0.172587	-0.033180	-0.000599	0.000964	0.005665	0.026364	-0.003815	-0.014305	-0.002739
1763707563.823197	-0.172587	-0.033180	-0.000599	0.000964	0.005665	0.026364	-0.013016	-0.015092	-0.012218
1763707563.833053	-0.172789	-0.033473	-0.000612	0.000169	0.005958	0.026520	-0.018330	-0.013558	-0.011416
1763707563.842529	-0.172789	-0.033473	-0.000612	0.000169	0.005958	0.026520	-0.008444	-0.006730	0.003148
1763707563.852804	-0.172986	-0.033662	-0.000615	-0.000240	0.005691	0.026522	-0.002575	0.001617	0.010357
1763707563.863132	-0.172986	-0.033662	-0.000615	-0.000240	0.005691	0.026522	-0.007828	-0.007369	-0.001558
1763707563.872630	-0.173245	-0.033926	-0.000628	-0.001853	0.006399	0.026759	-0.009067	-0.022348	-0.012763
1763707563.883084	-0.173507	-0.034138	-0.000635	-0.001857	0.006863	0.026767	-0.016288	-0.018275	-0.012392
1763707563.892833	-0.173507	-0.034138	-0.000635	-0.001857	0.006863	0.026767	-0.015555	-0.011478	-0.007953
1763707563.902665	-0.173748	-0.034415	-0.000644	-0.001311	0.007232	0.026629	-0.011228	-0.008963	0.002709
1763707563.912642	-0.173748	-0.034415	-0.000644	-0.001311	0.007232	0.026629	-0.000794	-0.009810	0.007585
1763707563.922831	-0.173915	-0.034659	-0.000690	-0.000109	0.007135	0.026784	-0.013197	-0.008819	-0.004861
1763707563.934192	-0.174176	-0.034893	-0.000768	-0.000370	0.007562	0.026956	-0.019476	-0.021941	-0.017996
1763707563.942744	-0.174176	-0.034893	-0.000768	-0.000370	0.007562	0.026956	-0.023297	-0.024343	-0.016548
1763707563.952549	-0.174435	-0.035217	-0.000850	-0.000026	0.007753	0.027515	-0.014871	-0.010981	0.001602
1763707563.962534	-0.174776	-0.035596	-0.000903	0.000049	0.008013	0.028151	-0.004249	-0.007386	0.011005
1763707563.973223	-0.174776	-0.035596	-0.000903	0.000049	0.008013	0.028151	-0.011874	-0.012960	0.011766
1763707563.983092	-0.175091	-0.035947	-0.000933	0.001577	0.007868	0.029121	-0.006451	-0.022242	0.004720
1763707563.993865	-0.175091	-0.035947	-0.000933	0.001577	0.007868	0.029121	-0.017250	-0.018276	-0.006572
1763707564.002974	-0.175356	-0.036215	-0.000916	0.000875	0.008725	0.029641	-0.025781	-0.022829	-0.009272
1763707564.012876	-0.175356	-0.036215	-0.000916	0.000875	0.008725	0.029641	-0.022075	-0.017246	0.002050
1763707564.022800	-0.175660	-0.036540	-0.000815	0.001379	0.009005	0.029877	-0.006954	-0.007867	0.020380
1763707564.032853	-0.175892	-0.036823	-0.000754	0.001820	0.009312	0.030255	-0.003514	-0.011978	0.019320
1763707564.043026	-0.175892	-0.036823	-0.000754	0.001820	0.009312	0.030255	-0.012428	-0.021939	0.009951
1763707564.052931	-0.176194	-0.037163	-0.000624	0.001994	0.009417	0.030403	-0.017431	-0.028818	-0.000018
1763707564.062618	-0.176464	-0.037527	-0.000493	0.002282	0.009228	0.031218	-0.019485	-0.020330	-0.004536
1763707564.072759	-0.176464	-0.037527	-0.000493	0.002282	0.009228	0.031218	-0.025068	-0.013284	0.006804
1763707564.082784	-0.176769	-0.037874	-0.000305	0.001143	0.010193	0.031377	-0.006079	-0.016939	0.014938
1763707564.093704	-0.176769	-0.037874	-0.000305	0.001143	0.010193	0.031377	-0.000602	-0.017862	0.010391
1763707564.102766	-0.177056	-0.038268	-0.000172	0.001879	0.009565	0.031484	-0.016635	-0.026449	-0.006451
1763707564.112899	-0.177312	-0.038623	-0.000069	0.001243	0.010287	0.031610	-0.017408	-0.030367	-0.005862
1763707564.122695	-0.177312	-0.038623	-0.000069	0.001243	0.010287	0.031610	-0.017408	-0.030367	-0.005862
1763707564.133121	-0.177620	-0.039055	0.000034	0.001932	0.010617	0.032071	-0.011764	-0.012238	0.002584
1763707564.143129	-0.177620	-0.039055	0.000034	0.001932	0.010617	0.032071	-0.005108	-0.013655	0.013154
1763707564.153135	-0.177912	-0.039469	0.000123	0.001276	0.010663	0.032474	-0.007152	-0.026074	-0.002583
1763707564.164382	-0.178185	-0.039902	0.000149	-0.000012	0.011075	0.032501	-0.007152	-0.026074	-0.002583
1763707564.173266	-0.178185	-0.039902	0.000149	-0.000012	0.011075	0.032501	-0.016348	-0.027022	-0.010916
1763707564.183017	-0.178460	-0.040287	0.000170	-0.000619	0.011878	0.032303	-0.003862	-0.017103	-0.001272
1763707564.193336	-0.178460	-0.040287	0.000170	-0.000619	0.011878	0.032303	-0.003023	-0.013391	-0.000201
1763707564.203578	-0.178710	-0.040622	0.000133	-0.001099	0.012448	0.032235	-0.009279	-0.025681	-0.014016
1763707564.212878	-0.179005	-0.041028	-0.000027	-0.002738	0.012874	0.032618	-0.009279	-0.025681	-0.014016
1763707564.223153	-0.179005	-0.041028	-0.000027	-0.002738	0.012874	0.032618	-0.016845	-0.033749	-0.019695
1763707564.233597	-0.179242	-0.041509	-0.000211	-0.002638	0.012728	0.032893	-0.014447	-0.014823	-0.001403
1763707564.243375	-0.179242	-0.041509	-0.000211	-0.002638	0.012728	0.032893	0.001733	-0.022648	0.003695
1763707564.252858	-0.179472	-0.041934	-0.000372	-0.003888	0.012228	0.033170	-0.002464	-0.018802	0.000796
1763707564.263646	-0.179687	-0.042363	-0.000530	-0.003135	0.011498	0.033598	-0.002464	-0.018802	0.000796
1763707564.272472	-0.179687	-0.042363	-0.000530	-0.003135	0.011498	0.033598	-0.018992	-0.030807	-0.021429
1763707564.282521	-0.179957	-0.042790	-0.000630	-0.003280	0.012016	0.033770	-0.012116	-0.030885	-0.008873
1763707564.292703	-0.179957	-0.042790	-0.000630	-0.003280	0.012016	0.033770	-0.002397	-0.014559	0.005899
1763707564.303540	-0.180179	-0.043223	-0.000749	-0.003638	0.012572	0.033603	-0.000543	-0.014104	0.013057
1763707564.313247	-0.180431	-0.043669	-0.000894	-0.003791	0.012893	0.033928	0.001477	-0.025476	0.006461
1763707564.323199	-0.180431	-0.043669	-0.000894	-0.003791	0.012893	0.033928	-0.005798	-0.030404	-0.004772
1763707564.333201	-0.180633	-0.044097	-0.001031	-0.002600	0.013177	0.034286	-0.011997	-0.027192	-0.012257
1763707564.343043	-0.180633	-0.044097	-0.001031	-0.002600	0.013177	0.034286	-0.015390	-0.025013	-0.009725
1763707564.353173	-0.180827	-0.044513	-0.001049	-0.002701	0.012903	0.034923	-0.004027	-0.022084	0.010117
1763707564.363116	-0.180985	-0.045005	-0.001028	-0.001902	0.012927	0.035911	0.007798	-0.013675	0.018027
1763707564.372742	-0.180985	-0.045005	-0.001028	-0.001902	0.012927	0.035911	0.007798	-0.013675	0.018027
1763707564.382594	-0.181154	-0.045434	-0.000967	-0.002330	0.013157	0.036294	-0.003727	-0.019144	0.010157
1763707564.392711	-0.181154	-0.045434	-0.000967	-0.002330	0.013157	0.036294	-0.006204	-0.036214	-0.001326
1763707564.402618	-0.181360	-0.045834	-0.000851	-0.003806	0.013747	0.036412	-0.014282	-0.031966	-0.006543
1763707564.415505	-0.181624	-0.046333	-0.000781	-0.004050	0.013678	0.036521	-0.005894	-0.022291	0.004193
1763707564.423411	-0.181624	-0.046333	-0.000781	-0.004050	0.013678	0.036521	-0.003741	-0.016515	0.013409
1763707564.432544	-0.181820	-0.046731	-0.000748	-0.005022	0.013437	0.036606	0.002274	-0.020052	0.023974
1763707564.442669	-0.181820	-0.046731	-0.000748	-0.005022	0.013437	0.036606	0.007482	-0.021011	0.013554
1763707564.452627	-0.181982	-0.047063	-0.000689	-0.005914	0.013664	0.036873	-0.010291	-0.028073	0.001623
1763707564.462730	-0.181982	-0.047063	-0.000689	-0.005914	0.013664	0.036873	-0.010697	-0.033361	-0.002617
1763707564.473163	-0.182187	-0.047531	-0.000565	-0.006364	0.014556	0.036887	-0.009424	-0.019487	0.009651
1763707564.483703	-0.182301	-0.047932	-0.000421	-0.006099	0.014484	0.036761	-0.002613	-0.019744	0.011370
1763707564.492717	-0.182301	-0.047932	-0.000421	-0.006099	0.014484	0.036761	-0.002613	-0.019744	0.011370
1763707564.503674	-0.182395	-0.048347	-0.000315	-0.006752	0.014165	0.037029	-0.007004	-0.025114	-0.005302
1763707564.512717	-0.182395	-0.048347	-0.000315	-0.006752	0.014165	0.037029	-0.007004	-0.025114	-0.005302
1763707564.523252	-0.182512	-0.048718	-0.000216	-0.005649	0.013872	0.037043	-0.006739	-0.021264	0.001289
1763707564.533269	-0.182661	-0.049110	-0.000107	-0.005267	0.014310	0.036787	0.001697	-0.020721	0.010771
1763707564.544097	-0.182661	-0.049110	-0.000107	-0.005267	0.014310	0.036787	0.008690	-0.018778	0.005338
1763707564.553085	-0.182860	-0.049509	-0.000111	-0.005169	0.014557	0.036305	-0.008369	-0.024286	-0.012391
1763707564.562899	-0.182860	-0.049509	-0.000111	-0.005169	0.014557	0.036305	-0.004614	-0.014641	0.000031
1763707564.573082	-0.183023	-0.049960	-0.000276	-0.003539	0.014153	0.036251	-0.004614	-0.014641	0.000031
1763707564.583426	-0.183179	-0.050342	-0.000396	-0.003445	0.014007	0.036403	0.001690	-0.024858	-0.004835
1763707564.592650	-0.183179	-0.050342	-0.000396	-0.003445	0.014007	0.036403	0.001690	-0.024858	-0.004835
1763707564.602788	-0.183294	-0.050683	-0.000517	-0.001890	0.013056	0.036861	-0.006776	-0.031698	-0.018911
1763707564.613812	-0.183294	-0.050683	-0.000517	-0.001890	0.013056	0.036861	-0.010035	-0.015232	-0.002621
1763707564.622691	-0.183414	-0.051111	-0.000655	-0.001783	0.012996	0.036757	-0.010035	-0.015232	-0.002621
1763707564.633200	-0.183460	-0.051447	-0.000820	-0.001082	0.012711	0.036608	0.007520	-0.020610	0.012870
1763707564.642832	-0.183460	-0.051447	-0.000820	-0.001082	0.012711	0.036608	0.000116	-0.024134	-0.005463
1763707564.652656	-0.183598	-0.051795	-0.000879	-0.002954	0.012498	0.036080	0.000116	-0.024134	-0.005463
1763707564.662730	-0.183598	-0.051795	-0.000879	-0.002954	0.012498	0.036080	0.000116	-0.024134	-0.005463
1763707564.672782	-0.183653	-0.052151	-0.000988	-0.003360	0.012240	0.035676	-0.007472	-0.021490	-0.000157
1763707564.684862	-0.183715	-0.052426	-0.001081	-0.003824	0.012965	0.034813	0.014038	-0.015580	0.011821
1763707564.693602	-0.183715	-0.052426	-0.001081	-0.003824	0.012965	0.034813	0.007303	-0.012181	0.017740
1763707564.703478	-0.183727	-0.052704	-0.001122	-0.005456	0.013665	0.034618	-0.001055	-0.030134	-0.001916
1763707564.712519	-0.183754	-0.053019	-0.001111	-0.006010	0.013717	0.034627	-0.001055	-0.030134	-0.001916
1763707564.722985	-0.183754	-0.053019	-0.001111	-0.006010	0.013717	0.034627	0.004205	-0.022510	0.005157
1763707564.733170	-0.183772	-0.053400	-0.000992	-0.005839	0.013999	0.034706	-0.007475	-0.012377	0.025915
1763707564.743188	-0.183772	-0.053400	-0.000992	-0.005839	0.013999	0.034706	0.006848	-0.013407	0.024808
1763707564.755061	-0.183763	-0.053674	-0.000804	-0.006690	0.014113	0.034488	0.001084	-0.024475	-0.000038
1763707564.762880	-0.183845	-0.053930	-0.000601	-0.006686	0.013953	0.034353	-0.010535	-0.019663	0.001752
1763707564.772954	-0.183845	-0.053930	-0.000601	-0.006686	0.013953	0.034353	-0.010535	-0.019663	0.001752
1763707564.783149	-0.183858	-0.054163	-0.000545	-0.006004	0.014043	0.034036	0.008695	-0.008248	0.023826
1763707564.793290	-0.183858	-0.054163	-0.000545	-0.006004	0.014043	0.034036	0.008695	-0.008248	0.023826
1763707564.803013	-0.183858	-0.054449	-0.000387	-0.006245	0.014771	0.033331	0.001911	-0.020170	0.007795
1763707564.812503	-0.183824	-0.054675	-0.000159	-0.007122	0.015710	0.032997	-0.002336	-0.023069	-0.004292
1763707564.823534	-0.183824	-0.054675	-0.000159	-0.007122	0.015710	0.032997	0.000974	-0.014298	0.010896
1763707564.833107	-0.183822	-0.054921	0.000046	-0.007023	0.016061	0.032330	0.013975	-0.006201	0.022689
1763707564.842953	-0.183822	-0.054921	0.000046	-0.007023	0.016061	0.032330	0.006444	-0.007209	0.013711
1763707564.853202	-0.183815	-0.055120	0.000255	-0.007195	0.015535	0.031982	0.013320	-0.025079	-0.003191
1763707564.862978	-0.183815	-0.055236	0.000370	-0.006762	0.014862	0.031431	0.003533	-0.006423	0.002716
1763707564.872663	-0.183815	-0.055236	0.000370	-0.006762	0.014862	0.031431	0.013558	-0.007772	0.010906
1763707564.882555	-0.183764	-0.055475	0.000402	-0.006465	0.014675	0.031771	0.013558	-0.007772	0.010906
1763707564.892662	-0.183764	-0.055475	0.000402	-0.006465	0.014675	0.031771	0.016270	-0.015803	0.001175
1763707564.904165	-0.183725	-0.055682	0.000368	-0.005931	0.014212	0.031628	-0.007489	-0.010847	-0.019129
1763707564.912932	-0.183725	-0.055682	0.000368	-0.005931	0.014212	0.031628	0.000769	-0.015343	-0.017566
1763707564.922774	-0.183630	-0.055890	0.000250	-0.006914	0.014487	0.031474	0.010090	-0.003097	-0.000785
1763707564.933454	-0.183516	-0.056079	0.000061	-0.006563	0.014421	0.030849	0.005724	-0.013706	-0.022303
1763707564.943285	-0.183516	-0.056079	0.000061	-0.006563	0.014421	0.030849	0.005724	-0.013706	-0.022303
1763707564.952652	-0.183392	-0.056185	-0.000158	-0.007101	0.014154	0.030272	-0.005803	-0.018558	-0.026898
1763707564.963188	-0.183270	-0.056287	-0.000346	-0.007258	0.014681	0.029810	0.007097	-0.006625	-0.019499
1763707564.974596	-0.183270	-0.056287	-0.000346	-0.007258	0.014681	0.029810	0.011076	-0.004493	0.007454
1763707564.983051	-0.183156	-0.056375	-0.000448	-0.007208	0.014318	0.029147	0.011076	-0.004493	0.007454
1763707564.993185	-0.183156	-0.056375	-0.000448	-0.007208	0.014318	0.029147	0.021758	-0.014866	-0.003780
1763707565.003970	-0.183077	-0.056500	-0.000635	-0.008675	0.014247	0.028832	0.003762	-0.012099	-0.007985
1763707565.013245	-0.183077	-0.056500	-0.000635	-0.008675	0.014247	0.028832	0.003762	-0.012099	-0.007985
1763707565.022833	-0.182984	-0.056565	-0.000694	-0.009011	0.014165	0.028448	-0.002170	-0.003194	0.002190
1763707565.032653	-0.182852	-0.056629	-0.000677	-0.007762	0.014178	0.027390	0.016082	0.001752	0.014145
1763707565.042554	-0.182852	-0.056629	-0.000677	-0.007762	0.014178	0.027390	0.025010	-0.000323	0.010823
1763707565.052674	-0.182741	-0.056712	-0.000662	-0.008875	0.014301	0.026702	0.004088	-0.009676	0.001423
1763707565.064893	-0.182628	-0.056707	-0.000640	-0.007698	0.014097	0.026110	0.015280	-0.004172	0.001526
1763707565.073050	-0.182628	-0.056707	-0.000640	-0.007698	0.014097	0.026110	0.015280	-0.004172	0.001526
1763707565.082747	-0.182453	-0.056826	-0.000528	-0.007368	0.014033	0.025942	0.025623	0.005532	0.021661
1763707565.093114	-0.182453	-0.056826	-0.000528	-0.007368	0.014033	0.025942	0.016903	-0.000456	0.019450
1763707565.102551	-0.182287	-0.056895	-0.000384	-0.007206	0.012860	0.025364	0.011333	-0.009075	-0.001388
1763707565.113695	-0.182287	-0.056895	-0.000384	-0.007206	0.012860	0.025364	0.004568	-0.006616	-0.002854
1763707565.125644	-0.182127	-0.056937	-0.000259	-0.006663	0.012070	0.024867	0.006764	0.003270	0.012475
1763707565.133435	-0.181931	-0.056954	-0.000137	-0.005491	0.011267	0.024411	0.014071	0.008428	0.019221
1763707565.143898	-0.181931	-0.056954	-0.000137	-0.005491	0.011267	0.024411	0.025029	-0.004238	0.009309
1763707565.153965	-0.181752	-0.056948	-0.000041	-0.005107	0.010509	0.023891	0.008502	-0.005825	-0.000784
1763707565.162782	-0.181587	-0.056929	0.000042	-0.005174	0.009905	0.023071	0.001980	-0.005400	-0.002538
1763707565.173238	-0.181587	-0.056929	0.000042	-0.005174	0.009905	0.023071	0.008321	0.005037	0.001560
1763707565.183801	-0.181412	-0.056922	0.000072	-0.005073	0.009289	0.022322	0.012412	-0.005920	-0.003225
1763707565.192279	-0.181412	-0.056922	0.000072	-0.005073	0.009289	0.022322	0.012412	-0.005920	-0.003225
1763707565.202313	-0.181291	-0.056907	0.000059	-0.004282	0.008899	0.021767	-0.005035	-0.004764	-0.017191
1763707565.212394	-0.181291	-0.056907	0.000059	-0.004282	0.008899	0.021767	0.011141	-0.006956	-0.006113
1763707565.222610	-0.181161	-0.056901	0.000011	-0.003742	0.008641	0.021475	0.023686	0.005949	0.009639
1763707565.232872	-0.181011	-0.056903	-0.000102	-0.003186	0.009122	0.020749	0.012866	0.006922	0.008794
1763707565.242330	-0.181011	-0.056903	-0.000102	-0.003186	0.009122	0.020749	0.011081	-0.012788	-0.010724
1763707565.253023	-0.180864	-0.056891	-0.000216	-0.003202	0.008678	0.020225	-0.000731	-0.008131	-0.013476
1763707565.263844	-0.180864	-0.056891	-0.000216	-0.003202	0.008678	0.020225	0.003714	0.004994	-0.000808
1763707565.276602	-0.180712	-0.056883	-0.000280	-0.003125	0.008940	0.019762	0.019071	0.005125	0.010783
1763707565.283384	-0.180589	-0.056932	-0.000325	-0.001473	0.008307	0.019197	0.007921	0.001093	0.010305
1763707565.294520	-0.180589	-0.056932	-0.000325	-0.001473	0.008307	0.019197	0.003523	-0.003190	-0.009498
1763707565.302472	-0.180494	-0.056951	-0.000331	-0.002194	0.008805	0.018543	0.003523	-0.003190	-0.009498
1763707565.312501	-0.180494	-0.056951	-0.000331	-0.002194	0.008805	0.018543	-0.001726	0.000265	0.002691
1763707565.322731	-0.180370	-0.057009	-0.000365	-0.001671	0.009115	0.017686	0.021697	-0.001556	0.010849
1763707565.334751	-0.180241	-0.057025	-0.000390	-0.000643	0.009598	0.017097	0.017127	0.001843	0.002512
1763707565.342428	-0.180241	-0.057025	-0.000390	-0.000643	0.009598	0.017097	0.017127	0.001843	0.002512
1763707565.352289	-0.180122	-0.057025	-0.000426	-0.000922	0.009916	0.016639	-0.005145	-0.011771	-0.013509
1763707565.363756	-0.179987	-0.057021	-0.000459	-0.000085	0.009972	0.016149	0.006912	0.005995	0.004965
1763707565.372675	-0.179987	-0.057021	-0.000459	-0.000085	0.009972	0.016149	0.023630	0.004792	0.010518
1763707565.382847	-0.179854	-0.057067	-0.000477	0.000666	0.010321	0.015469	0.006259	-0.005435	0.002420
1763707565.393032	-0.179854	-0.057067	-0.000477	0.000666	0.010321	0.015469	-0.007899	-0.011334	-0.011495
1763707565.402513	-0.179669	-0.057171	-0.000501	0.002303	0.010097	0.014571	0.007190	-0.004180	-0.006918
1763707565.412739	-0.179669	-0.057171	-0.000501	0.002303	0.010097	0.014571	0.006415	0.007507	0.011737
1763707565.422749	-0.179482	-0.057317	-0.000576	0.001386	0.010632	0.014229	0.006309	0.004279	0.008276
1763707565.433460	-0.179360	-0.057400	-0.000607	0.000651	0.010777	0.013878	0.011521	-0.006436	-0.011475
1763707565.443110	-0.179360	-0.057400	-0.000607	0.000651	0.010777	0.013878	0.011521	-0.006436	-0.011475
1763707565.452810	-0.179321	-0.057456	-0.000614	0.000625	0.010807	0.013010	-0.002573	0.002453	-0.001415
1763707565.464810	-0.179321	-0.057456	-0.000614	0.000625	0.010807	0.013010	0.010530	0.005536	0.006390
1763707565.473946	-0.179232	-0.057563	-0.000642	0.000608	0.011503	0.012106	0.019370	-0.003847	-0.004653
1763707565.483305	-0.179145	-0.057672	-0.000698	0.001028	0.012109	0.010994	-0.009836	-0.005638	-0.016875
1763707565.493210	-0.179145	-0.057672	-0.000698	0.001028	0.012109	0.010994	-0.002258	-0.006986	-0.017868
1763707565.503058	-0.179036	-0.057764	-0.000894	-0.000822	0.011929	0.010326	0.009979	0.004663	-0.006674
1763707565.512637	-0.179036	-0.057764	-0.000894	-0.000822	0.011929	0.010326	0.021016	0.003552	0.012835
1763707565.522819	-0.178829	-0.057968	-0.001071	-0.000769	0.012093	0.009802	0.016853	-0.006106	0.005509
1763707565.532826	-0.178622	-0.058104	-0.001219	-0.000961	0.012285	0.009375	-0.002092	-0.007077	-0.009488
1763707565.544609	-0.178622	-0.058104	-0.001219	-0.000961	0.012285	0.009375	-0.002092	-0.007077	-0.009488
1763707565.556293	-0.178457	-0.058239	-0.001283	-0.000789	0.012266	0.009195	0.014033	0.005665	0.019351
1763707565.562599	-0.178457	-0.058239	-0.001283	-0.000789	0.012266	0.009195	0.014033	0.005665	0.019351
1763707565.572897	-0.178305	-0.058387	-0.001361	0.000289	0.012410	0.008694	0.012943	-0.016449	-0.006404
1763707565.582885	-0.178205	-0.058494	-0.001427	0.000727	0.012460	0.008490	0.004209	-0.009325	-0.005406
1763707565.592825	-0.178205	-0.058494	-0.001427	0.000727	0.012460	0.008490	0.003436	0.000894	0.009057
1763707565.603353	-0.178029	-0.058711	-0.001337	0.000875	0.012596	0.008150	0.025769	-0.004698	0.018724
1763707565.612907	-0.177818	-0.058863	-0.001307	0.000630	0.012571	0.007708	0.016714	-0.006314	0.015455
1763707565.623211	-0.177818	-0.058863	-0.001307	0.000630	0.012571	0.007708	0.004533	-0.011669	0.001825
1763707565.632871	-0.177664	-0.059071	-0.001271	-0.000233	0.012825	0.007149	0.004533	-0.011669	0.001825
1763707565.642785	-0.177664	-0.059071	-0.001271	-0.000233	0.012825	0.007149	0.005250	-0.005078	0.005909
1763707565.653749	-0.177474	-0.059300	-0.001210	-0.000826	0.012889	0.007011	0.005250	-0.005078	0.005909
1763707565.663077	-0.177296	-0.059573	-0.001190	0.000086	0.012166	0.006740	0.013231	-0.000990	0.012152
1763707565.673077	-0.177296	-0.059573	-0.001190	0.000086	0.012166	0.006740	0.013231	-0.000990	0.012152
1763707565.683396	-0.177102	-0.059823	-0.001143	-0.000258	0.011564	0.006374	0.007670	-0.019468	-0.006910
1763707565.693732	-0.177102	-0.059823	-0.001143	-0.000258	0.011564	0.006374	0.007670	-0.019468	-0.006910
1763707565.703246	-0.176918	-0.060107	-0.001083	-0.001593	0.011324	0.006154	0.020765	-0.003309	0.015762
1763707565.713261	-0.176687	-0.060300	-0.001050	-0.002902	0.011396	0.006138	0.020765	-0.003309	0.015762
1763707565.723804	-0.176687	-0.060300	-0.001050	-0.002902	0.011396	0.006138	0.022509	-0.010670	0.002390
1763707565.732788	-0.176514	-0.060637	-0.001041	-0.002822	0.011381	0.006126	0.005489	-0.015923	-0.006118
1763707565.743202	-0.176514	-0.060637	-0.001041	-0.002822	0.011381	0.006126	-0.001983	-0.004072	-0.001679
1763707565.752735	-0.176333	-0.060958	-0.001053	-0.002469	0.010877	0.005784	0.024627	-0.008350	0.014990
1763707565.764454	-0.176333	-0.060958	-0.001053	-0.002469	0.010877	0.005784	0.018653	-0.004860	0.009143
1763707565.772804	-0.176235	-0.061207	-0.001059	-0.002336	0.010568	0.005494	0.018653	-0.004860	0.009143
1763707565.782995	-0.176105	-0.061522	-0.001098	-0.002496	0.009513	0.004976	0.007165	-0.024157	-0.015127
1763707565.792972	-0.176105	-0.061522	-0.001098	-0.002496	0.009513	0.004976	0.007165	-0.024157	-0.015127
1763707565.802700	-0.175895	-0.061855	-0.001152	-0.003500	0.009582	0.005039	0.011977	-0.002025	0.010922
1763707565.813248	-0.175737	-0.062160	-0.001248	-0.002270	0.008658	0.005378	0.011977	-0.002025	0.010922
1763707565.822783	-0.175737	-0.062160	-0.001248	-0.002270	0.008658	0.005378	0.009211	-0.020847	-0.007770
1763707565.832531	-0.175560	-0.062488	-0.001241	-0.002239	0.008101	0.004911	0.009211	-0.020847	-0.007770
1763707565.844335	-0.175560	-0.062488	-0.001241	-0.002239	0.008101	0.004911	-0.001013	-0.016494	-0.013139
1763707565.852449	-0.175234	-0.062784	-0.001315	-0.002136	0.008066	0.004822	0.002758	-0.014100	-0.012593
1763707565.864212	-0.175023	-0.063102	-0.001377	-0.000894	0.007256	0.004710	0.016065	-0.009851	0.001574
1763707565.873035	-0.175023	-0.063102	-0.001377	-0.000894	0.007256	0.004710	0.018047	-0.010816	0.010748
1763707565.882665	-0.174876	-0.063564	-0.001489	-0.001296	0.007113	0.005116	-0.005938	-0.020914	-0.013544
1763707565.892878	-0.174876	-0.063564	-0.001489	-0.001296	0.007113	0.005116	-0.005938	-0.020914	-0.013544
1763707565.902618	-0.174746	-0.063979	-0.001589	-0.000505	0.007253	0.005266	0.001385	-0.009707	0.007099
1763707565.914026	-0.174746	-0.063979	-0.001589	-0.000505	0.007253	0.005266	0.001385	-0.009707	0.007099
1763707565.923175	-0.174629	-0.064302	-0.001573	-0.001334	0.007522	0.005771	0.016933	-0.011554	0.013454
1763707565.932731	-0.174460	-0.064631	-0.001475	-0.001964	0.008172	0.005539	0.014291	-0.020754	0.010558
1763707565.942524	-0.174460	-0.064631	-0.001475	-0.001964	0.008172	0.005539	-0.008821	-0.019702	0.002347
1763707565.953532	-0.174265	-0.064990	-0.001458	-0.002616	0.009186	0.005574	-0.000170	-0.020670	-0.003216
1763707565.962644	-0.174265	-0.064990	-0.001458	-0.002616	0.009186	0.005574	0.008507	-0.009504	0.010487
1763707565.973160	-0.174126	-0.065356	-0.001390	-0.002420	0.009294	0.005469	0.016219	-0.009494	0.022901
1763707565.982889	-0.174042	-0.065838	-0.001272	-0.003594	0.010240	0.005813	0.011142	-0.015094	0.012486
1763707565.992541	-0.174042	-0.065838	-0.001272	-0.003594	0.010240	0.005813	0.002819	-0.023620	-0.004135
1763707566.002619	-0.173941	-0.066225	-0.001145	-0.004210	0.010680	0.006267	0.008637	-0.025999	-0.001795
1763707566.013476	-0.173941	-0.066225	-0.001145	-0.004210	0.010680	0.006267	-0.000869	-0.010163	0.012173
1763707566.023285	-0.173826	-0.066654	-0.001083	-0.003509	0.010905	0.007049	0.011541	-0.009954	0.015853
1763707566.032725	-0.173697	-0.067023	-0.001003	-0.001933	0.010927	0.007382	0.017460	-0.015627	0.001656
1763707566.042555	-0.173697	-0.067023	-0.001003	-0.001933	0.010927	0.007382	-0.003274	-0.020987	-0.006482
1763707566.052734	-0.173504	-0.067421	-0.000974	-0.002989	0.011101	0.007175	-0.005216	-0.022342	-0.014640
1763707566.062820	-0.173368	-0.067784	-0.000972	-0.003175	0.011531	0.007269	0.004308	-0.011386	-0.004109
1763707566.073899	-0.173368	-0.067784	-0.000972	-0.003175	0.011531	0.007269	0.021911	-0.012296	0.012919
1763707566.083147	-0.173248	-0.068187	-0.001073	-0.001567	0.010951	0.007381	0.009726	-0.014550	0.010682
1763707566.092531	-0.173248	-0.068187	-0.001073	-0.001567	0.010951	0.007381	0.001507	-0.023403	-0.003812
1763707566.102672	-0.173098	-0.068650	-0.001110	-0.002761	0.010972	0.007717	0.002773	-0.026299	-0.013552
1763707566.112711	-0.173098	-0.068650	-0.001110	-0.002761	0.010972	0.007717	0.007580	-0.023963	-0.004242
1763707566.124256	-0.172961	-0.069060	-0.001115	-0.001885	0.010752	0.008146	0.000875	-0.014531	0.005794
1763707566.133121	-0.172807	-0.069549	-0.001057	-0.000559	0.010484	0.008635	0.000875	-0.014531	0.005794
1763707566.142691	-0.172807	-0.069549	-0.001057	-0.000559	0.010484	0.008635	0.021840	-0.018723	-0.000752
1763707566.152682	-0.172653	-0.070010	-0.001075	-0.002064	0.010484	0.009639	-0.004490	-0.025917	-0.007717
1763707566.162539	-0.172653	-0.070010	-0.001075	-0.002064	0.010484	0.009639	-0.002789	-0.030043	-0.010472
1763707566.173391	-0.172574	-0.070403	-0.001124	-0.001942	0.010420	0.009413	0.011753	-0.012164	0.002402
1763707566.182991	-0.172386	-0.070856	-0.001183	-0.002383	0.010135	0.009408	0.019596	-0.008112	0.018573
1763707566.192635	-0.172386	-0.070856	-0.001183	-0.002383	0.010135	0.009408	0.019596	-0.008112	0.018573
1763707566.202236	-0.172232	-0.071227	-0.001217	-0.004701	0.010781	0.009313	0.012529	-0.016116	0.012509
1763707566.212350	-0.172232	-0.071227	-0.001217	-0.004701	0.010781	0.009313	0.013866	-0.024953	-0.003085
1763707566.222619	-0.172119	-0.071594	-0.001130	-0.005314	0.010790	0.009663	0.005021	-0.019007	0.000817
1763707566.237111	-0.171935	-0.072049	-0.000942	-0.006541	0.011303	0.010228	0.010659	-0.013591	0.012956
1763707566.245298	-0.171935	-0.072049	-0.000942	-0.006541	0.011303	0.010228	0.020812	-0.009849	0.016460
1763707566.252548	-0.171810	-0.072538	-0.000831	-0.007344	0.011726	0.010933	0.015616	-0.020568	0.004792
1763707566.262630	-0.171810	-0.072538	-0.000831	-0.007344	0.011726	0.010933	-0.002542	-0.026125	-0.006119
1763707566.272663	-0.171701	-0.072894	-0.000808	-0.006868	0.011223	0.011266	-0.002542	-0.026125	-0.006119
1763707566.282901	-0.171555	-0.073307	-0.000800	-0.007900	0.011647	0.011473	0.018080	-0.005457	0.008589
1763707566.294051	-0.171555	-0.073307	-0.000800	-0.007900	0.011647	0.011473	0.015312	-0.008968	0.015703
1763707566.302419	-0.171358	-0.073741	-0.000777	-0.006122	0.010959	0.012217	0.018003	-0.024792	0.004256
1763707566.313178	-0.171204	-0.074145	-0.000703	-0.004973	0.010358	0.012499	0.018003	-0.024792	0.004256
1763707566.323970	-0.171204	-0.074145	-0.000703	-0.004973	0.010358	0.012499	0.007250	-0.017581	-0.003468
1763707566.333038	-0.171052	-0.074582	-0.000568	-0.004806	0.011010	0.012602	0.007250	-0.017581	-0.003468
1763707566.343163	-0.171052	-0.074582	-0.000568	-0.004806	0.011010	0.012602	0.018584	-0.010337	0.017151
1763707566.352667	-0.170849	-0.075030	-0.000558	-0.003767	0.010475	0.013017	0.018584	-0.010337	0.017151
1763707566.363144	-0.170849	-0.075030	-0.000558	-0.003767	0.010475	0.013017	-0.001833	-0.020198	-0.014651
1763707566.373370	-0.170694	-0.075445	-0.000489	-0.005623	0.010639	0.013479	-0.001833	-0.020198	-0.014651
1763707566.382943	-0.170535	-0.075785	-0.000448	-0.006082	0.010992	0.013267	0.018168	-0.009175	0.006927
1763707566.393248	-0.170535	-0.075785	-0.000448	-0.006082	0.010992	0.013267	0.018168	-0.009175	0.006927
1763707566.402923	-0.170398	-0.076169	-0.000438	-0.006122	0.010949	0.013954	0.018867	-0.024539	-0.001977
1763707566.413105	-0.170398	-0.076169	-0.000438	-0.006122	0.010949	0.013954	0.018867	-0.024539	-0.001977
1763707566.422685	-0.170242	-0.076578	-0.000433	-0.005498	0.010811	0.013966	0.003149	-0.016523	-0.003195
1763707566.432620	-0.170094	-0.076897	-0.000337	-0.005816	0.011008	0.013926	0.003149	-0.016523	-0.003195
1763707566.446906	-0.170094	-0.076897	-0.000337	-0.005816	0.011008	0.013926	0.018376	-0.018863	-0.000087
1763707566.454316	-0.169943	-0.077244	-0.000399	-0.006121	0.010356	0.014331	0.018376	-0.018863	-0.000087
1763707566.463806	-0.169943	-0.077244	-0.000399	-0.006121	0.010356	0.014331	-0.000631	-0.021028	-0.015332
1763707566.472943	-0.169771	-0.077608	-0.000471	-0.007648	0.010417	0.014888	0.006974	-0.021440	-0.010497
1763707566.483075	-0.169610	-0.078041	-0.000553	-0.006991	0.010177	0.015459	0.019266	-0.014412	0.010292
1763707566.492807	-0.169610	-0.078041	-0.000553	-0.006991	0.010177	0.015459	0.019513	-0.009985	0.019482
1763707566.503757	-0.169456	-0.078474	-0.000561	-0.004412	0.009359	0.016100	0.014608	-0.018818	0.000791
1763707566.513208	-0.169277	-0.078811	-0.000608	-0.003860	0.008552	0.016624	0.013972	-0.024858	-0.010408
1763707566.525470	-0.169277	-0.078811	-0.000608	-0.003860	0.008552	0.016624	0.013972	-0.024858	-0.010408
1763707566.533812	-0.169080	-0.079156	-0.000533	-0.002414	0.007942	0.016817	0.004311	-0.011000	0.004248
1763707566.542689	-0.169080	-0.079156	-0.000533	-0.002414	0.007942	0.016817	0.026615	-0.011933	0.008181
1763707566.553993	-0.168902	-0.079414	-0.000428	-0.001668	0.007072	0.016242	0.022119	-0.016569	0.006609
1763707566.563428	-0.168755	-0.079756	-0.000396	-0.002722	0.007251	0.016009	0.005972	-0.026368	-0.004337
1763707566.572750	-0.168755	-0.079756	-0.000396	-0.002722	0.007251	0.016009	0.003748	-0.023731	-0.008327
1763707566.582695	-0.168591	-0.080057	-0.000271	-0.005028	0.008055	0.016228	0.012641	-0.012295	0.006916
1763707566.592772	-0.168591	-0.080057	-0.000271	-0.005028	0.008055	0.016228	0.021856	-0.012154	0.019932
1763707566.603659	-0.168399	-0.080345	-0.000233	-0.005207	0.007829	0.016714	0.012528	-0.016977	0.010769
1763707566.613415	-0.168182	-0.080582	-0.000136	-0.007887	0.008555	0.016949	0.013914	-0.022134	-0.008511
1763707566.622804	-0.168182	-0.080582	-0.000136	-0.007887	0.008555	0.016949	0.008501	-0.019266	-0.012161
1763707566.632645	-0.168000	-0.080815	-0.000013	-0.008978	0.009149	0.017074	0.003815	-0.012478	0.002961
1763707566.643046	-0.168000	-0.080815	-0.000013	-0.008978	0.009149	0.017074	0.025787	-0.011253	0.010282
1763707566.652757	-0.167872	-0.081091	0.000000	-0.009144	0.009462	0.017416	0.023878	-0.012662	0.003522
1763707566.663188	-0.167872	-0.081091	0.000000	-0.009144	0.009462	0.017416	0.005889	-0.024716	-0.011501
1763707566.673271	-0.167712	-0.081411	-0.000019	-0.009051	0.009562	0.017771	0.003843	-0.024075	-0.014427
1763707566.682497	-0.167628	-0.081766	-0.000055	-0.008252	0.009050	0.018008	0.010164	-0.007209	-0.000059
1763707566.692607	-0.167628	-0.081766	-0.000055	-0.008252	0.009050	0.018008	0.021663	-0.004436	0.014049
1763707566.703116	-0.167444	-0.082025	0.000016	-0.007383	0.007970	0.018657	0.013101	-0.014925	0.007150
1763707566.713722	-0.167444	-0.082025	0.000016	-0.007383	0.007970	0.018657	0.010499	-0.019658	-0.005328
1763707566.723237	-0.167298	-0.082265	0.000101	-0.008699	0.007810	0.019264	0.010924	-0.015102	-0.009137
1763707566.733894	-0.167148	-0.082494	0.000074	-0.008515	0.007783	0.019204	0.006894	-0.009275	0.001080
1763707566.742869	-0.167148	-0.082494	0.000074	-0.008515	0.007783	0.019204	0.006894	-0.009275	0.001080
1763707566.753051	-0.167024	-0.082743	0.000087	-0.007713	0.007689	0.019181	0.021614	-0.007655	0.007739
1763707566.764343	-0.166913	-0.082895	0.000178	-0.008209	0.008347	0.019334	0.006112	-0.013970	-0.011061
1763707566.773897	-0.166913	-0.082895	0.000178	-0.008209	0.008347	0.019334	-0.002050	-0.023619	-0.015586
1763707566.783243	-0.166783	-0.083104	0.000158	-0.007531	0.008475	0.019236	0.006315	-0.004920	0.003167
1763707566.792649	-0.166783	-0.083104	0.000158	-0.007531	0.008475	0.019236	0.018018	0.001498	0.013970
1763707566.802767	-0.166687	-0.083351	0.000251	-0.006880	0.008663	0.019602	0.018018	0.001498	0.013970
1763707566.812637	-0.166687	-0.083351	0.000251	-0.006880	0.008663	0.019602	0.005929	-0.017933	-0.007764
1763707566.823494	-0.166606	-0.083516	0.000286	-0.006449	0.008694	0.019650	0.001404	-0.011228	-0.006254
1763707566.833139	-0.166526	-0.083687	0.000353	-0.006496	0.008674	0.019762	0.002785	-0.001037	-0.001573
1763707566.843562	-0.166526	-0.083687	0.000353	-0.006496	0.008674	0.019762	0.020689	-0.005297	0.010333
1763707566.852748	-0.166432	-0.083834	0.000391	-0.006181	0.008647	0.019812	0.020594	-0.007218	0.007084
1763707566.863127	-0.166362	-0.084053	0.000363	-0.005704	0.008903	0.019629	0.020594	-0.007218	0.007084
1763707566.873061	-0.166362	-0.084053	0.000363	-0.005704	0.008903	0.019629	0.011052	-0.010086	-0.005507
1763707566.884443	-0.166303	-0.084217	0.000363	-0.005689	0.009214	0.019584	0.019619	0.000901	0.013971
1763707566.894686	-0.166303	-0.084217	0.000363	-0.005689	0.009214	0.019584	0.011872	-0.000669	0.010647
1763707566.902751	-0.166227	-0.084380	0.000416	-0.004759	0.008985	0.019814	0.015047	-0.013767	-0.011721
1763707566.912931	-0.166227	-0.084380	0.000416	-0.004759	0.008985	0.019814	0.004271	-0.013187	-0.015285
1763707566.923679	-0.166182	-0.084543	0.000399	-0.004987	0.008628	0.020184	-0.000898	-0.001380	-0.003786
1763707566.933171	-0.166148	-0.084654	0.000323	-0.004482	0.008209	0.020229	0.017903	-0.000452	0.003369
1763707566.943768	-0.166148	-0.084654	0.000323	-0.004482	0.008209	0.020229	0.020756	-0.002355	0.002513
1763707566.952966	-0.166109	-0.084756	0.000239	-0.003627	0.007743	0.019986	0.002202	-0.013167	-0.008370
1763707566.963132	-0.166109	-0.084756	0.000239	-0.003627	0.007743	0.019986	-0.007085	-0.011201	-0.017048
1763707566.973377	-0.166060	-0.084861	0.000098	-0.004559	0.007563	0.019641	0.007742	-0.001030	-0.006551
1763707566.983288	-0.166024	-0.084986	0.000030	-0.004407	0.007483	0.019780	0.021288	0.001063	0.010195
1763707566.993242	-0.166024	-0.084986	0.000030	-0.004407	0.007483	0.019780	0.006912	-0.004460	0.002277
1763707567.002505	-0.165971	-0.085106	-0.000082	-0.005198	0.007760	0.019741	0.007644	-0.011409	-0.015243
1763707567.012547	-0.165971	-0.085106	-0.000082	-0.005198	0.007760	0.019741	0.006611	-0.010698	-0.019279
1763707567.022630	-0.165966	-0.085175	-0.000175	-0.004874	0.007296	0.020007	-0.005094	-0.001652	-0.002405
1763707567.032649	-0.165963	-0.085229	-0.000307	-0.004745	0.007355	0.019837	0.012366	-0.001773	0.007141
1763707567.043147	-0.165963	-0.085229	-0.000307	-0.004745	0.007355	0.019837	0.020491	-0.000630	0.004490
1763707567.052814	-0.165935	-0.085257	-0.000367	-0.004415	0.007224	0.019891	0.003053	-0.009186	-0.005806
1763707567.064121	-0.165935	-0.085257	-0.000367	-0.004415	0.007224	0.019891	-0.007699	-0.013746	-0.013028
1763707567.073614	-0.165927	-0.085387	-0.000385	-0.005116	0.007063	0.019339	0.003915	-0.001986	-0.004387
1763707567.082706	-0.165918	-0.085500	-0.000509	-0.004092	0.007003	0.019205	0.019039	0.006367	0.011136
1763707567.094836	-0.165918	-0.085500	-0.000509	-0.004092	0.007003	0.019205	0.006870	0.002227	0.014316
1763707567.104122	-0.165873	-0.085591	-0.000532	-0.004141	0.006766	0.019349	0.006870	0.002227	0.014316
1763707567.112732	-0.165875	-0.085646	-0.000530	-0.004613	0.006794	0.019703	-0.002053	-0.007367	-0.008423
1763707567.122888	-0.165875	-0.085646	-0.000530	-0.004613	0.006794	0.019703	-0.002053	-0.007367	-0.008423
1763707567.132667	-0.165895	-0.085697	-0.000456	-0.004309	0.006279	0.020100	0.005397	-0.000814	0.015973
1763707567.142549	-0.165895	-0.085697	-0.000456	-0.004309	0.006279	0.020100	0.010827	0.003627	0.016671
1763707567.153510	-0.165956	-0.085759	-0.000413	-0.004913	0.005554	0.020074	0.011102	-0.005606	0.001678
1763707567.162678	-0.166010	-0.085811	-0.000342	-0.004099	0.005320	0.019944	-0.007985	-0.011895	-0.012539
1763707567.172648	-0.166010	-0.085811	-0.000342	-0.004099	0.005320	0.019944	-0.004794	-0.007474	-0.005707
1763707567.182894	-0.166048	-0.085910	-0.000393	-0.003269	0.005875	0.019868	0.012957	0.005193	0.007080
1763707567.193129	-0.166048	-0.085910	-0.000393	-0.003269	0.005875	0.019868	0.006640	0.002850	0.007424
1763707567.203900	-0.166097	-0.085933	-0.000361	-0.003645	0.005890	0.019488	-0.001208	-0.013343	-0.004894
1763707567.213362	-0.166097	-0.085933	-0.000361	-0.003645	0.005890	0.019488	-0.006409	-0.011019	-0.009877
1763707567.222493	-0.166157	-0.085967	-0.000413	-0.003577	0.005419	0.019894	-0.002336	0.001027	-0.001471
1763707567.232644	-0.166173	-0.086048	-0.000419	-0.003398	0.005363	0.019818	0.004460	0.003559	0.009774
1763707567.242701	-0.166173	-0.086048	-0.000419	-0.003398	0.005363	0.019818	0.007492	-0.000638	0.012997
1763707567.253222	-0.166287	-0.086091	-0.000420	-0.003279	0.005407	0.019903	0.005629	-0.005648	-0.000996
1763707567.263070	-0.166287	-0.086091	-0.000420	-0.003279	0.005407	0.019903	-0.013242	-0.008354	-0.015388
1763707567.273400	-0.166384	-0.086157	-0.000422	-0.004469	0.006202	0.019470	-0.004179	-0.009146	-0.007618
1763707567.282945	-0.166462	-0.086164	-0.000431	-0.004446	0.006588	0.018968	0.008798	0.001535	0.009844
1763707567.293236	-0.166462	-0.086164	-0.000431	-0.004446	0.006588	0.018968	0.002176	0.006780	0.009463
1763707567.304106	-0.166601	-0.086237	-0.000463	-0.005007	0.006800	0.019208	0.001200	-0.011688	-0.005101
1763707567.314051	-0.166748	-0.086276	-0.000535	-0.006743	0.007269	0.019502	-0.009035	-0.009736	-0.012404
1763707567.322795	-0.166748	-0.086276	-0.000535	-0.006743	0.007269	0.019502	-0.009480	-0.000465	-0.001405
1763707567.332811	-0.166904	-0.086288	-0.000607	-0.007282	0.007065	0.019484	0.001714	0.005628	0.005553
1763707567.342834	-0.166904	-0.086288	-0.000607	-0.007282	0.007065	0.019484	0.007488	0.000483	0.005512
1763707567.352730	-0.167010	-0.086348	-0.000643	-0.006825	0.006769	0.019734	0.002789	-0.007743	-0.002125
1763707567.363163	-0.167160	-0.086433	-0.000702	-0.006889	0.007162	0.019518	-0.016583	-0.007287	-0.016861
1763707567.372653	-0.167160	-0.086433	-0.000702	-0.006889	0.007162	0.019518	-0.012901	-0.003747	-0.008847
1763707567.382714	-0.167334	-0.086568	-0.000782	-0.006111	0.008036	0.018705	0.007518	-0.000088	0.011510
1763707567.392519	-0.167334	-0.086568	-0.000782	-0.006111	0.008036	0.018705	0.002979	0.001945	0.015428
1763707567.402649	-0.167465	-0.086621	-0.000892	-0.003207	0.007234	0.018098	-0.005531	-0.006235	0.000994
1763707567.413216	-0.167599	-0.086658	-0.000928	-0.003565	0.008007	0.017906	-0.009112	-0.012740	-0.011943
1763707567.422825	-0.167599	-0.086658	-0.000928	-0.003565	0.008007	0.017906	-0.003479	-0.008026	-0.000516
1763707567.432666	-0.167782	-0.086785	-0.000982	-0.003372	0.008977	0.018034	-0.007158	0.002614	0.014558
1763707567.442768	-0.167782	-0.086785	-0.000982	-0.003372	0.008977	0.018034	-0.005736	0.000871	0.007635
1763707567.452776	-0.167928	-0.086872	-0.001017	-0.001437	0.008648	0.018240	0.000714	-0.012667	-0.008233
1763707567.464044	-0.167928	-0.086872	-0.001017	-0.001437	0.008648	0.018240	-0.019566	-0.009105	-0.011803
1763707567.473174	-0.168065	-0.086930	-0.000995	-0.000916	0.008947	0.017966	-0.017590	-0.002260	-0.004009
1763707567.483045	-0.168233	-0.086990	-0.000976	-0.000304	0.008960	0.017712	0.012626	0.001683	0.007558
1763707567.492865	-0.168233	-0.086990	-0.000976	-0.000304	0.008960	0.017712	0.005848	-0.003715	0.005480
1763707567.502694	-0.168427	-0.087003	-0.001039	-0.000070	0.008793	0.017240	-0.015391	-0.014636	-0.007509
1763707567.512643	-0.168647	-0.087090	-0.001083	-0.001051	0.009257	0.016945	-0.020888	-0.016042	-0.013177
1763707567.523229	-0.168647	-0.087090	-0.001083	-0.001051	0.009257	0.016945	-0.010839	-0.001562	-0.001423
1763707567.532816	-0.168833	-0.087205	-0.001173	-0.000914	0.009755	0.016625	0.004701	0.000531	0.015210
1763707567.542777	-0.168833	-0.087205	-0.001173	-0.000914	0.009755	0.016625	-0.006088	-0.005228	0.013814
1763707567.552781	-0.169004	-0.087308	-0.001164	-0.000728	0.009639	0.016265	-0.008879	-0.016560	-0.003652
1763707567.562492	-0.169184	-0.087424	-0.001016	-0.002341	0.010870	0.016207	-0.008391	-0.009844	-0.004023
1763707567.573150	-0.169184	-0.087424	-0.001016	-0.002341	0.010870	0.016207	-0.008391	-0.009844	-0.004023
1763707567.583686	-0.169342	-0.087555	-0.000934	-0.001981	0.011309	0.016539	-0.005932	-0.004381	0.016393
1763707567.592766	-0.169342	-0.087555	-0.000934	-0.001981	0.011309	0.016539	-0.004602	-0.007242	0.014141
1763707567.604886	-0.169533	-0.087707	-0.000850	-0.002024	0.011681	0.016746	-0.001844	-0.014308	-0.004063
1763707567.613247	-0.169643	-0.087759	-0.000777	-0.003099	0.012940	0.016347	-0.015210	-0.013489	-0.012563
1763707567.624027	-0.169643	-0.087759	-0.000777	-0.003099	0.012940	0.016347	-0.021864	-0.007826	-0.004457
1763707567.634288	-0.169730	-0.087840	-0.000765	-0.002590	0.013573	0.015683	0.004188	-0.004265	0.006483
1763707567.642831	-0.169730	-0.087840	-0.000765	-0.002590	0.013573	0.015683	0.007909	-0.009057	0.000070
1763707567.653399	-0.169841	-0.087967	-0.000736	-0.002847	0.014382	0.014733	-0.014306	-0.016257	-0.013735
1763707567.662707	-0.169932	-0.088057	-0.000779	-0.002553	0.014737	0.013954	-0.017431	-0.018626	-0.013154
1763707567.673983	-0.169932	-0.088057	-0.000779	-0.002553	0.014737	0.013954	0.007663	-0.001703	0.011140
1763707567.684033	-0.170031	-0.088134	-0.000801	-0.001850	0.014857	0.013304	0.007663	-0.001703	0.011140
1763707567.693288	-0.170031	-0.088134	-0.000801	-0.001850	0.014857	0.013304	-0.005148	-0.017529	0.003799
1763707567.703024	-0.170149	-0.088212	-0.000739	-0.001929	0.015204	0.013116	-0.015940	-0.022441	-0.009033
1763707567.713254	-0.170174	-0.088290	-0.000601	-0.003467	0.016602	0.012794	-0.005857	-0.014990	-0.006261
1763707567.723057	-0.170174	-0.088290	-0.000601	-0.003467	0.016602	0.012794	0.000043	-0.001093	0.012027
1763707567.733164	-0.170235	-0.088442	-0.000489	-0.003437	0.017557	0.012423	0.000259	-0.006488	0.019555
1763707567.742818	-0.170235	-0.088442	-0.000489	-0.003437	0.017557	0.012423	0.001414	-0.019030	0.003972
1763707567.753137	-0.170211	-0.088523	-0.000331	-0.004422	0.018129	0.012130	-0.005082	-0.015524	-0.010636
1763707567.762491	-0.170211	-0.088523	-0.000331	-0.004422	0.018129	0.012130	0.006973	-0.007117	0.014078
1763707567.772735	-0.170225	-0.088613	-0.000151	-0.005926	0.019165	0.012248	0.006973	-0.007117	0.014078
1763707567.783169	-0.170205	-0.088707	-0.000098	-0.006645	0.019929	0.012188	0.009134	-0.013001	-0.002032
1763707567.793209	-0.170205	-0.088707	-0.000098	-0.006645	0.019929	0.012188	-0.001380	-0.014330	-0.018070
1763707567.828230	-0.170097	-0.088813	-0.000054	-0.008204	0.020111	0.010263	0.015639	-0.007295	-0.011149
1763707567.833096	-0.169956	-0.088902	-0.000173	-0.008204	0.020111	0.010263	0.000472	-0.013815	-0.027127
1763707567.845029	-0.169956	-0.088902	-0.000173	-0.008204	0.020111	0.010263	-0.005641	-0.012641	-0.023879
1763707567.854033	-0.169873	-0.088949	-0.000324	-0.008311	0.019965	0.009087	0.015276	-0.003374	-0.010628
1763707567.863144	-0.169873	-0.088949	-0.000324	-0.008311	0.019965	0.009087	0.022513	-0.000028	0.000400
1763707567.873740	-0.169804	-0.089063	-0.000581	-0.006942	0.019686	0.007874	0.010244	-0.011925	-0.009591
1763707567.883839	-0.169702	-0.089070	-0.000799	-0.006674	0.019033	0.006862	-0.005200	-0.016697	-0.020728
1763707567.893397	-0.169702	-0.089070	-0.000799	-0.006674	0.019033	0.006862	0.006162	-0.012703	-0.014910
1763707567.903877	-0.169549	-0.089155	-0.000917	-0.006758	0.018632	0.005931	0.015738	0.000368	0.001217
1763707567.912969	-0.169363	-0.089250	-0.000980	-0.006994	0.017161	0.005256	0.021962	-0.000436	0.011340
1763707567.923831	-0.169363	-0.089250	-0.000980	-0.006994	0.017161	0.005256	0.012333	-0.011999	0.003674
1763707567.933029	-0.169142	-0.089316	-0.000943	-0.008016	0.016961	0.005058	0.001323	-0.014613	-0.012031
1763707567.943102	-0.169142	-0.089316	-0.000943	-0.008016	0.016961	0.005058	0.014238	-0.010798	-0.006713
1763707567.953881	-0.168872	-0.089379	-0.000841	-0.009455	0.017248	0.004852	0.019529	-0.001089	0.017658
1763707567.963681	-0.168556	-0.089415	-0.000708	-0.008426	0.016994	0.004597	0.016991	0.002293	0.024504
1763707567.973285	-0.168556	-0.089415	-0.000708	-0.008426	0.016994	0.004597	0.014976	-0.015544	-0.004946
1763707567.983330	-0.168256	-0.089451	-0.000475	-0.008393	0.017561	0.004060	0.015936	-0.003677	0.009954
1763707567.993247	-0.168256	-0.089451	-0.000475	-0.008393	0.017561	0.004060	0.015936	-0.003677	0.009954
1763707568.004246	-0.167865	-0.089430	-0.000230	-0.008339	0.017493	0.003540	0.023274	0.003825	0.023536
1763707568.014112	-0.167590	-0.089447	0.000035	-0.006335	0.016675	0.003070	0.022360	-0.007009	0.007408
1763707568.023576	-0.167590	-0.089447	0.000035	-0.006335	0.016675	0.003070	0.012913	-0.013490	-0.011785
1763707568.033994	-0.167302	-0.089453	0.000217	-0.006110	0.016105	0.001939	0.019057	-0.004896	-0.003031
1763707568.045280	-0.167302	-0.089453	0.000217	-0.006110	0.016105	0.001939	0.024962	-0.002541	0.005012
1763707568.053390	-0.166950	-0.089450	0.000351	-0.004404	0.014915	0.001487	0.024962	-0.002541	0.005012
1763707568.064422	-0.166613	-0.089452	0.000426	-0.004429	0.014264	0.001500	0.019240	-0.014570	-0.012745
1763707568.073761	-0.166613	-0.089452	0.000426	-0.004429	0.014264	0.001500	0.011975	-0.001460	-0.015945
1763707568.083666	-0.166249	-0.089353	0.000458	-0.005118	0.014086	0.000293	0.020139	0.004647	-0.006933
1763707568.093835	-0.166249	-0.089353	0.000458	-0.005118	0.014086	0.000293	0.033860	-0.000098	-0.004636
1763707568.103938	-0.165873	-0.089305	0.000420	-0.006198	0.013978	-0.000108	0.024797	-0.006032	-0.018370
1763707568.113899	-0.165270	-0.089191	0.000309	-0.007008	0.013501	-0.001852	0.010712	-0.006853	-0.032894
1763707568.123345	-0.165270	-0.089191	0.000309	-0.007008	0.013501	-0.001852	0.013784	0.000485	-0.022601
1763707568.133254	-0.164761	-0.089068	0.000142	-0.007050	0.013041	-0.002948	0.031510	0.005187	-0.002938
1763707568.144529	-0.164761	-0.089068	0.000142	-0.007050	0.013041	-0.002948	0.033119	0.004647	-0.007686
1763707568.153296	-0.164378	-0.088951	-0.000036	-0.006713	0.012900	-0.003687	0.021035	-0.006147	-0.023505
1763707568.164508	-0.164378	-0.088951	-0.000036	-0.006713	0.012900	-0.003687	0.011380	-0.009413	-0.021031
1763707568.176755	-0.164020	-0.088914	-0.000164	-0.005471	0.011348	-0.004554	0.038630	0.007633	0.006256
1763707568.183718	-0.163658	-0.088823	-0.000292	-0.005471	0.011348	-0.004554	0.038630	0.007633	0.006256
1763707568.193399	-0.163658	-0.088823	-0.000292	-0.005471	0.011348	-0.004554	0.030660	0.001342	0.003861
1763707568.204415	-0.163149	-0.088694	-0.000333	-0.005108	0.010908	-0.004704	0.013835	-0.008332	-0.011934
1763707568.213239	-0.162656	-0.088559	-0.000317	-0.004560	0.010525	-0.004953	0.013835	-0.008332	-0.011934
1763707568.223724	-0.162656	-0.088559	-0.000317	-0.004560	0.010525	-0.004953	0.019746	0.007416	0.003944
1763707568.233344	-0.162071	-0.088440	-0.000259	-0.005035	0.009980	-0.004894	0.032004	0.009117	0.018301
1763707568.243165	-0.162071	-0.088440	-0.000259	-0.005035	0.009980	-0.004894	0.026811	-0.003205	0.010889
1763707568.253627	-0.161594	-0.088400	-0.000100	-0.006874	0.009862	-0.004826	0.013419	-0.010471	-0.005708
1763707568.263860	-0.161196	-0.088308	0.000055	-0.008216	0.009404	-0.004362	0.016645	0.002104	0.002610
1763707568.275510	-0.161196	-0.088308	0.000055	-0.008216	0.009404	-0.004362	0.022782	0.010878	0.018146
1763707568.283576	-0.160761	-0.088193	0.000265	-0.007552	0.008194	-0.004566	0.029241	0.008482	0.025959
1763707568.293589	-0.160761	-0.088193	0.000265	-0.007552	0.008194	-0.004566	0.024899	-0.002140	0.010576
1763707568.304383	-0.160294	-0.088021	0.000567	-0.008134	0.007431	-0.005441	0.014138	0.006886	0.003652
1763707568.313224	-0.159893	-0.087792	0.000799	-0.006930	0.007314	-0.006435	0.014138	0.006886	0.003652
1763707568.326790	-0.159893	-0.087792	0.000799	-0.006930	0.007314	-0.006435	0.029318	0.002608	-0.006713
1763707568.333799	-0.159445	-0.087629	0.000935	-0.006461	0.006961	-0.007219	0.029318	0.002608	-0.006713
1763707568.345248	-0.159445	-0.087629	0.000935	-0.006461	0.006961	-0.007219	0.008487	0.009944	-0.013864
1763707568.353611	-0.159069	-0.087436	0.000997	-0.006780	0.006929	-0.007128	0.008487	0.009944	-0.013864
1763707568.364633	-0.158676	-0.087262	0.000973	-0.007234	0.007337	-0.007516	0.030872	0.010619	-0.003634
1763707568.377774	-0.158676	-0.087262	0.000973	-0.007234	0.007337	-0.007516	0.027194	0.007734	-0.009728
1763707568.384362	-0.158148	-0.087024	0.000762	-0.005433	0.006819	-0.008270	0.006600	-0.000941	-0.023878
1763707568.393523	-0.158148	-0.087024	0.000762	-0.005433	0.006819	-0.008270	0.020164	0.011624	-0.015742
1763707568.404142	-0.157753	-0.086819	0.000491	-0.003933	0.006314	-0.009792	0.020164	0.011624	-0.015742
1763707568.413160	-0.157450	-0.086643	0.000275	-0.003681	0.006429	-0.010815	0.028103	0.012513	-0.000518
1763707568.423246	-0.157450	-0.086643	0.000275	-0.003681	0.006429	-0.010815	0.022332	0.002581	-0.006789
1763707568.434650	-0.157036	-0.086447	0.000076	-0.002254	0.005977	-0.011618	0.006238	-0.002567	-0.021067
1763707568.444280	-0.157036	-0.086447	0.000076	-0.002254	0.005977	-0.011618	0.010457	0.000297	-0.021611
1763707568.453116	-0.156694	-0.086216	0.000015	-0.001401	0.005902	-0.012597	0.017669	0.010985	-0.001077
1763707568.463188	-0.156374	-0.086037	-0.000003	-0.001095	0.005961	-0.012979	0.029246	0.012587	0.012768
1763707568.473365	-0.156374	-0.086037	-0.000003	-0.001095	0.005961	-0.012979	0.019375	0.002908	0.004391
1763707568.483755	-0.155997	-0.085830	0.000037	-0.002523	0.007135	-0.012919	0.009804	-0.000754	-0.010068
1763707568.494766	-0.155997	-0.085830	0.000037	-0.002523	0.007135	-0.012919	0.016196	-0.001275	-0.006802
1763707568.504650	-0.155661	-0.085604	0.000143	-0.003329	0.007667	-0.013124	0.019381	0.010436	0.012484
1763707568.514148	-0.155254	-0.085463	0.000167	-0.003646	0.008513	-0.013022	0.023071	0.013895	0.014228
1763707568.527190	-0.155254	-0.085463	0.000167	-0.005177	0.008357	-0.013176	0.007774	-0.005578	-0.013496
1763707568.534355	-0.154835	-0.085277	0.000326	-0.005177	0.008357	-0.013176	0.007774	-0.005578	-0.013496
1763707568.545528	-0.154835	-0.085277	0.000326	-0.005177	0.008357	-0.013176	0.030690	0.015717	0.012007
1763707568.554017	-0.154484	-0.085068	0.000411	-0.003642	0.007875	-0.013156	0.018419	0.001367	-0.002936
1763707568.563155	-0.154143	-0.084932	0.000379	-0.002534	0.007412	-0.013176	0.000540	-0.004665	-0.011267
1763707568.573284	-0.154143	-0.084932	0.000379	-0.002534	0.007412	-0.013176	0.000540	-0.004665	-0.011267
1763707568.583275	-0.154143	-0.084932	0.000379	-0.002534	0.007412	-0.013176	0.013208	0.007379	0.001129
1763707568.594708	-0.153840	-0.084769	0.000421	-0.001695	0.007330	-0.013365	0.038688	0.015385	0.015145
1763707568.605023	-0.153523	-0.084638	0.000428	-0.000245	0.007563	-0.013380	-0.000980	-0.003625	-0.007314
1763707568.613390	-0.153523	-0.084638	0.000428	-0.000245	0.007563	-0.013380	0.011945	-0.001407	-0.005617
1763707568.623355	-0.153179	-0.084452	0.000498	-0.000505	0.008042	-0.013463	0.027971	0.012721	0.009144
1763707568.633545	-0.152819	-0.084235	0.000543	-0.001276	0.008469	-0.013494	0.020985	0.011557	0.013866
1763707568.643461	-0.152819	-0.084235	0.000543	-0.001276	0.008469	-0.013494	0.020985	0.011557	0.013866
1763707568.655157	-0.152527	-0.084056	0.000665	-0.001295	0.008802	-0.013537	0.009830	-0.004028	-0.011802
1763707568.663785	-0.152103	-0.083908	0.000818	-0.003048	0.010117	-0.013342	0.009830	-0.004028	-0.011802
1763707568.673479	-0.152103	-0.083908	0.000818	-0.003048	0.010117	-0.013342	0.028228	0.013899	0.016229
1763707568.683383	-0.151773	-0.083806	0.000900	-0.002869	0.010577	-0.013086	0.017786	-0.001713	-0.000566
1763707568.693619	-0.151773	-0.083806	0.000900	-0.002869	0.010577	-0.013086	0.010432	-0.003040	-0.012511
1763707568.704895	-0.151417	-0.083702	0.000942	-0.002966	0.011236	-0.012591	0.019989	0.008571	0.002860
1763707568.715032	-0.151417	-0.083702	0.000942	-0.002966	0.011236	-0.012591	0.034850	0.011112	0.012683
1763707568.723362	-0.151042	-0.083548	0.000990	-0.003127	0.011861	-0.012446	0.034850	0.011112	0.012683
1763707568.733699	-0.150677	-0.083433	0.001001	-0.003077	0.011542	-0.012227	0.021851	0.002519	-0.005526
1763707568.743139	-0.150677	-0.083433	0.001001	-0.003077	0.011542	-0.012227	0.014710	0.006500	-0.005331
1763707568.753205	-0.150302	-0.083265	0.000993	-0.002298	0.010700	-0.011361	0.034089	0.011565	0.004585
1763707568.763581	-0.149929	-0.083131	0.000911	-0.002544	0.010261	-0.010504	0.022343	0.005108	-0.007122
1763707568.773635	-0.149929	-0.083131	0.000911	-0.002544	0.010261	-0.010504	0.006732	-0.003698	-0.020463
1763707568.783243	-0.149612	-0.083067	0.000803	-0.002568	0.010309	-0.010112	0.019937	0.004273	-0.011364
1763707568.793279	-0.149612	-0.083067	0.000803	-0.002568	0.010309	-0.010112	0.036558	0.013612	0.001920
1763707568.803229	-0.149208	-0.082959	0.000705	-0.002912	0.009331	-0.010411	0.022543	0.004458	-0.008154
1763707568.813685	-0.149208	-0.082959	0.000705	-0.002912	0.009331	-0.010411	0.005919	-0.003162	-0.024412
1763707568.823412	-0.148863	-0.082856	0.000543	-0.003929	0.009429	-0.010370	0.005919	-0.003162	-0.024412
1763707568.834163	-0.148480	-0.082786	0.000356	-0.003497	0.009443	-0.009838	0.012490	0.001936	-0.019192
1763707568.843581	-0.148480	-0.082786	0.000356	-0.003497	0.009443	-0.009838	0.031245	0.011230	0.000613
1763707568.853585	-0.148082	-0.082639	0.000182	-0.003604	0.009222	-0.009521	0.014850	-0.001816	-0.010290
1763707568.867382	-0.148082	-0.082639	0.000182	-0.003604	0.009222	-0.009521	0.001108	-0.000502	-0.018743
1763707568.875672	-0.147755	-0.082493	0.000082	-0.003364	0.009070	-0.008684	0.021013	0.007725	-0.005246
1763707568.883219	-0.147363	-0.082349	0.000074	-0.002218	0.009327	-0.008639	0.033915	0.011155	0.015931
1763707568.893868	-0.147363	-0.082349	0.000074	-0.002218	0.009327	-0.008639	0.032944	0.007801	0.014468
1763707568.903309	-0.146974	-0.082148	0.000099	-0.002362	0.009535	-0.009034	0.017561	0.002285	0.000679
1763707568.913284	-0.146572	-0.081952	0.000211	-0.003630	0.009478	-0.008915	0.010622	0.002003	-0.001612
1763707568.924094	-0.146572	-0.081952	0.000211	-0.003630	0.009478	-0.008915	0.026729	0.008630	0.014692
1763707568.933238	-0.146179	-0.081824	0.000358	-0.004685	0.010286	-0.008699	0.035732	0.011336	0.024048
1763707568.943341	-0.146179	-0.081824	0.000358	-0.004685	0.010286	-0.008699	0.026971	0.004721	0.006658
1763707568.953452	-0.145737	-0.081651	0.000562	-0.004892	0.010265	-0.008682	0.011674	0.001843	0.000716
1763707568.963240	-0.145325	-0.081485	0.000804	-0.004137	0.010293	-0.008445	0.031450	0.011972	0.014005
1763707568.973955	-0.145325	-0.081485	0.000804	-0.004137	0.010293	-0.008445	0.040176	0.016108	0.017164
1763707568.983499	-0.144960	-0.081308	0.001006	-0.002883	0.009959	-0.007895	0.040176	0.016108	0.017164
1763707568.993214	-0.144960	-0.081308	0.001006	-0.002883	0.009959	-0.007895	0.011272	0.000454	-0.003636
1763707569.003244	-0.144552	-0.081164	0.001182	-0.003065	0.009614	-0.008055	0.031453	0.014063	0.009263
1763707569.013354	-0.144180	-0.081012	0.001393	-0.003744	0.009938	-0.008489	0.041674	0.015811	0.019474
1763707569.024366	-0.144180	-0.081012	0.001393	-0.003744	0.009938	-0.008489	0.024727	0.001731	0.007238
1763707569.034153	-0.143797	-0.080905	0.001611	-0.002093	0.008813	-0.008427	0.011814	0.000272	-0.007366
1763707569.043336	-0.143797	-0.080905	0.001611	-0.002093	0.008813	-0.008427	0.029109	0.010451	-0.002088
1763707569.053437	-0.143400	-0.080739	0.001795	-0.002437	0.008654	-0.008964	0.040624	0.013550	0.014988
1763707569.063213	-0.142888	-0.080580	0.001874	-0.002854	0.008629	-0.008071	0.032457	0.005357	0.007216
1763707569.073285	-0.142888	-0.080580	0.001874	-0.002854	0.008629	-0.008071	0.013717	0.002795	-0.014705
1763707569.084889	-0.142453	-0.080407	0.001939	-0.003375	0.008439	-0.007368	0.026727	0.008308	-0.009965
1763707569.093289	-0.142453	-0.080407	0.001939	-0.003375	0.008439	-0.007368	0.040980	0.014284	0.011551
1763707569.103139	-0.142090	-0.080214	0.002014	-0.004249	0.008738	-0.006983	0.032909	0.011132	0.000327
1763707569.113202	-0.142090	-0.080214	0.002014	-0.004249	0.008738	-0.006983	0.018798	0.003974	-0.019759
1763707569.124724	-0.141700	-0.080089	0.001994	-0.002818	0.008208	-0.007353	0.025218	0.002982	-0.015401
1763707569.133970	-0.141334	-0.079992	0.001953	-0.002866	0.008111	-0.007513	0.035764	0.016886	-0.000157
1763707569.143637	-0.141334	-0.079992	0.001953	-0.002866	0.008111	-0.007513	0.034692	0.016340	-0.008267
1763707569.153286	-0.140935	-0.079803	0.001856	-0.002353	0.008258	-0.007536	0.021255	0.000717	-0.024445
1763707569.164310	-0.140935	-0.079803	0.001856	-0.002353	0.008258	-0.007536	0.019103	0.000652	-0.023849
1763707569.173431	-0.140566	-0.079654	0.001710	-0.002273	0.007676	-0.007074	0.032696	0.016626	-0.007840
1763707569.183604	-0.140164	-0.079486	0.001576	-0.003526	0.008284	-0.006564	0.046370	0.017738	0.000105
1763707569.194205	-0.140164	-0.079486	0.001576	-0.003526	0.008284	-0.006564	0.030241	0.001508	-0.007515
1763707569.203471	-0.139736	-0.079323	0.001455	-0.004154	0.008112	-0.006291	0.013375	0.003591	-0.018257
1763707569.213231	-0.139416	-0.079212	0.001350	-0.004733	0.007398	-0.006213	0.031686	0.008433	-0.013179
1763707569.224263	-0.139416	-0.079212	0.001350	-0.004733	0.007398	-0.006213	0.040054	0.014506	0.005050
1763707569.233191	-0.139049	-0.079086	0.001238	-0.004576	0.007305	-0.006169	0.040054	0.014506	0.005050
1763707569.243616	-0.139049	-0.079086	0.001238	-0.004576	0.007305	-0.006169	0.030319	0.014903	0.004175
1763707569.254560	-0.138730	-0.079030	0.001120	-0.004956	0.006776	-0.005997	0.019535	0.001241	-0.022484
1763707569.263857	-0.138417	-0.078899	0.001015	-0.005942	0.006346	-0.005996	0.025834	0.014640	-0.004525
1763707569.274042	-0.138417	-0.078899	0.001015	-0.005942	0.006346	-0.005996	0.036721	0.021342	0.002002
1763707569.283433	-0.138046	-0.078751	0.000827	-0.002936	0.004574	-0.005455	0.029228	0.004865	-0.015162
1763707569.293420	-0.138046	-0.078751	0.000827	-0.002936	0.004574	-0.005455	0.013565	-0.001167	-0.024538
1763707569.304351	-0.137719	-0.078574	0.000687	-0.002922	0.004001	-0.005261	0.021432	0.013170	-0.014524
1763707569.313869	-0.137404	-0.078362	0.000578	-0.003449	0.003786	-0.005455	0.043814	0.019137	-0.001318
1763707569.324984	-0.137404	-0.078362	0.000578	-0.003449	0.003786	-0.005455	0.031282	0.007521	-0.006797
1763707569.333641	-0.137043	-0.078168	0.000410	-0.002571	0.002665	-0.005662	0.007780	0.000219	-0.026363
1763707569.343616	-0.137043	-0.078168	0.000410	-0.002571	0.002665	-0.005662	0.020096	0.005415	-0.025264
1763707569.354280	-0.136720	-0.077967	0.000263	-0.002596	0.002049	-0.005300	0.030448	0.016787	-0.007080
1763707569.363393	-0.136486	-0.077745	0.000063	-0.002650	0.002163	-0.005047	0.025353	0.016699	0.002884
1763707569.373338	-0.136486	-0.077745	0.000063	-0.002650	0.002163	-0.005047	0.015946	0.001746	-0.014052
1763707569.383441	-0.136255	-0.077481	-0.000092	-0.002728	0.002578	-0.005309	0.014677	0.001959	-0.026870
1763707569.393328	-0.136255	-0.077481	-0.000092	-0.002728	0.002578	-0.005309	0.022022	0.012596	-0.010615
1763707569.403711	-0.136029	-0.077287	-0.000145	-0.004509	0.003736	-0.005639	0.032264	0.017383	0.007825
1763707569.413986	-0.135774	-0.077129	-0.000246	-0.004790	0.004439	-0.005682	0.021807	0.012785	0.001059
1763707569.423164	-0.135774	-0.077129	-0.000246	-0.004790	0.004439	-0.005682	0.010192	0.002705	-0.019571
1763707569.433194	-0.135526	-0.076893	-0.000288	-0.005379	0.004860	-0.005848	0.016197	0.002021	-0.014766
1763707569.443298	-0.135526	-0.076893	-0.000288	-0.005379	0.004860	-0.005848	0.016988	0.018456	0.002194
1763707569.453211	-0.135289	-0.076697	-0.000378	-0.005578	0.004640	-0.005599	0.016988	0.018456	0.002194
1763707569.464781	-0.135289	-0.076697	-0.000378	-0.005578	0.004640	-0.005599	0.019852	0.005367	-0.008134
1763707569.473849	-0.135100	-0.076507	-0.000406	-0.005473	0.004570	-0.005315	0.004180	0.001468	-0.017839
1763707569.483982	-0.135100	-0.076507	-0.000406	-0.005473	0.004570	-0.005315	0.012551	0.016181	-0.003426
1763707569.493665	-0.135100	-0.076507	-0.000406	-0.005473	0.004570	-0.005315	0.034218	0.021610	0.012627
1763707569.503585	-0.135100	-0.076507	-0.000406	-0.005473	0.004570	-0.005315	0.022602	0.013413	0.010798
1763707569.513856	-0.135100	-0.076507	-0.000406	-0.005473	0.004570	-0.005315	0.006312	0.004041	-0.004567
1763707569.524049	-0.134418	-0.075672	-0.000383	-0.007318	0.003977	-0.005822	0.008106	0.009691	-0.008391
1763707569.533476	-0.134164	-0.075275	-0.000150	-0.009260	0.004986	-0.005808	0.021634	0.022578	0.008755
1763707569.543227	-0.134164	-0.075275	-0.000150	-0.009260	0.004986	-0.005808	0.026343	0.021446	0.016612
1763707569.553333	-0.134005	-0.074990	-0.000051	-0.009286	0.005374	-0.005951	0.012533	0.010776	0.000520
1763707569.563258	-0.134005	-0.074990	-0.000051	-0.009286	0.005374	-0.005951	-0.001840	0.015488	-0.009605
1763707569.573926	-0.134005	-0.074990	-0.000051	-0.009286	0.005374	-0.005951	0.012978	0.019337	0.001235
1763707569.583367	-0.134005	-0.074990	-0.000051	-0.009286	0.005374	-0.005951	0.012978	0.019337	0.001235
1763707569.593824	-0.133655	-0.074364	0.000228	-0.009064	0.006354	-0.005886	0.015446	0.017486	0.006420
1763707569.604563	-0.133410	-0.073951	0.000468	-0.007379	0.006615	-0.005864	0.000896	0.014313	-0.009872
1763707569.613261	-0.133267	-0.073619	0.000671	-0.006818	0.006935	-0.006253	0.005170	0.017141	0.002387
1763707569.623841	-0.133267	-0.073619	0.000671	-0.006818	0.006935	-0.006253	0.025122	0.027714	0.019748
1763707569.633904	-0.133267	-0.073619	0.000671	-0.006818	0.006935	-0.006253	0.024278	0.022180	0.010196
1763707569.643731	-0.133267	-0.073619	0.000671	-0.006818	0.006935	-0.006253	0.000940	0.013460	-0.005776
1763707569.653740	-0.133267	-0.073619	0.000671	-0.006818	0.006935	-0.006253	-0.003395	0.025236	0.000188
1763707569.663632	-0.132759	-0.072562	0.001116	-0.004916	0.007516	-0.006252	0.020616	0.026667	0.012536
1763707569.674531	-0.132759	-0.072562	0.001116	-0.004916	0.007516	-0.006252	0.020616	0.026667	0.012536
1763707569.684770	-0.132562	-0.072155	0.001283	-0.003190	0.007897	-0.007064	0.015418	0.013776	0.004461
1763707569.693228	-0.132562	-0.072155	0.001283	-0.003190	0.007897	-0.007064	-0.007129	0.014262	-0.010198
1763707569.704302	-0.132562	-0.072155	0.001283	-0.003190	0.007897	-0.007064	-0.002219	0.023134	-0.006613
1763707569.713416	-0.132562	-0.072155	0.001283	-0.003190	0.007897	-0.007064	0.023546	0.023067	0.012773
1763707569.723165	-0.132562	-0.072155	0.001283	-0.003190	0.007897	-0.007064	0.018291	0.017698	0.012829
1763707569.734347	-0.131887	-0.071015	0.001808	0.000289	0.006877	-0.007416	-0.003301	0.016935	-0.005848
1763707569.743250	-0.131887	-0.071015	0.001808	0.000289	0.006877	-0.007416	0.000155	0.016857	-0.009196
1763707569.753555	-0.131751	-0.070586	0.002005	0.000731	0.007190	-0.008392	0.007781	0.022066	0.006645
1763707569.763724	-0.131751	-0.070586	0.002005	0.000731	0.007190	-0.008392	0.014261	0.024042	0.009030
1763707569.773456	-0.131751	-0.070586	0.002005	0.000731	0.007190	-0.008392	0.006599	0.015401	-0.013950
1763707569.784155	-0.131751	-0.070586	0.002005	0.000731	0.007190	-0.008392	0.000441	0.012708	-0.018797
1763707569.793617	-0.131751	-0.070586	0.002005	0.000731	0.007190	-0.008392	0.004000	0.022161	0.000952
1763707569.803246	-0.131186	-0.069448	0.002461	0.001006	0.008669	-0.010476	0.016729	0.010319	-0.013413
1763707569.814465	-0.130907	-0.069095	0.002523	0.001486	0.008985	-0.011139	-0.004607	0.009839	-0.014726
1763707569.823834	-0.130907	-0.069095	0.002523	0.001486	0.008985	-0.011139	-0.004607	0.009839	-0.014726
1763707569.834129	-0.130907	-0.069095	0.002523	0.001486	0.008985	-0.011139	0.002190	0.022387	-0.004142
1763707569.845356	-0.130907	-0.069095	0.002523	0.001486	0.008985	-0.011139	0.027136	0.019704	0.000721
1763707569.853792	-0.130907	-0.069095	0.002523	0.001486	0.008985	-0.011139	0.014049	0.008632	-0.008057
1763707569.864324	-0.130907	-0.069095	0.002523	0.001486	0.008985	-0.011139	-0.005520	0.010774	-0.020225
1763707569.873606	-0.130146	-0.068011	0.002649	0.001793	0.009490	-0.012650	0.006255	0.017659	-0.015710
1763707569.883591	-0.129940	-0.067672	0.002717	0.002797	0.009811	-0.013768	0.019027	0.016567	0.001996
1763707569.893765	-0.129940	-0.067672	0.002717	0.002797	0.009811	-0.013768	0.020706	0.009162	0.000382
1763707569.903351	-0.129940	-0.067672	0.002717	0.002797	0.009811	-0.013768	0.011077	0.007256	-0.016969
1763707569.913402	-0.129940	-0.067672	0.002717	0.002797	0.009811	-0.013768	0.004657	0.008693	-0.016914
1763707569.923737	-0.129940	-0.067672	0.002717	0.002797	0.009811	-0.013768	0.009092	0.012785	-0.001896
1763707569.933600	-0.129940	-0.067672	0.002717	0.002797	0.009811	-0.013768	0.022418	0.012002	-0.004139
1763707569.944160	-0.129317	-0.066816	0.002855	0.002813	0.010816	-0.017799	0.022418	0.012002	-0.004139
1763707569.953601	-0.129046	-0.066545	0.002813	0.003286	0.010332	-0.019202	0.003851	0.003867	-0.026340
1763707569.964576	-0.128797	-0.066274	0.002750	0.004223	0.009785	-0.020706	0.011358	0.011289	-0.011325
1763707569.973665	-0.128797	-0.066274	0.002750	0.004223	0.009785	-0.020706	0.020338	-0.001058	-0.028154
1763707569.983617	-0.128797	-0.066274	0.002750	0.004223	0.009785	-0.020706	0.020338	-0.001058	-0.028154
1763707569.994371	-0.128797	-0.066274	0.002750	0.004223	0.009785	-0.020706	0.010361	0.010056	-0.021580
1763707570.004694	-0.128275	-0.065840	0.002480	0.003551	0.009526	-0.023174	0.027301	0.007670	-0.017275
1763707570.013777	-0.128008	-0.065662	0.002261	0.003720	0.008809	-0.024428	0.016984	-0.004954	-0.025530
1763707570.023860	-0.128008	-0.065662	0.002261	0.003720	0.008809	-0.024428	0.006183	-0.002835	-0.035602
1763707570.033418	-0.128008	-0.065662	0.002261	0.003720	0.008809	-0.024428	0.009092	0.005140	-0.028301
1763707570.043728	-0.128008	-0.065662	0.002261	0.003720	0.008809	-0.024428	0.017741	0.007053	-0.009539
1763707570.054233	-0.127475	-0.065324	0.001849	0.003117	0.007873	-0.027152	0.024505	0.001190	-0.006644
1763707570.063873	-0.127181	-0.065156	0.001663	0.002559	0.008007	-0.028802	0.019948	-0.006041	-0.017884
1763707570.073797	-0.127181	-0.065156	0.001663	0.002559	0.008007	-0.028802	0.008728	-0.001399	-0.023143
1763707570.083964	-0.126828	-0.065067	0.001544	0.002518	0.008007	-0.030048	0.011191	0.001504	-0.013190
1763707570.094490	-0.126828	-0.065067	0.001544	0.002518	0.008007	-0.030048	0.020000	0.000362	0.000016
1763707570.104955	-0.126828	-0.065067	0.001544	0.002518	0.008007	-0.030048	0.020811	-0.002545	-0.010956
1763707570.114044	-0.126507	-0.064916	0.001433	0.002869	0.007443	-0.031680	0.014830	-0.009033	-0.025390
1763707570.123406	-0.126219	-0.064824	0.001374	0.002406	0.006968	-0.033124	0.002826	-0.005228	-0.018826
1763707570.133384	-0.125892	-0.064752	0.001352	0.003601	0.006384	-0.034366	0.002826	-0.005228	-0.018826
1763707570.143709	-0.125892	-0.064752	0.001352	0.003601	0.006384	-0.034366	0.028055	-0.003055	-0.005158
1763707570.158884	-0.125892	-0.064752	0.001352	0.003674	0.005997	-0.035604	0.018079	-0.013755	-0.014804
1763707570.164333	-0.125283	-0.064547	0.001251	0.003605	0.005730	-0.036560	0.003001	-0.007282	-0.016607
1763707570.173342	-0.125283	-0.064547	0.001251	0.003605	0.005730	-0.036560	0.012048	0.001429	-0.008202
1763707570.183265	-0.124984	-0.064533	0.001230	0.003242	0.005881	-0.038146	0.022134	-0.002037	0.003684
1763707570.193507	-0.124984	-0.064533	0.001230	0.003242	0.005881	-0.038146	0.022134	-0.002037	0.003684
1763707570.204726	-0.124984	-0.064533	0.001230	0.003242	0.005881	-0.038146	0.008262	-0.010602	-0.018032
1763707570.213767	-0.124984	-0.064533	0.001230	0.003242	0.005881	-0.038146	0.008262	-0.010602	-0.018032
1763707570.223450	-0.124984	-0.064533	0.001230	0.003242	0.005881	-0.038146	0.015212	-0.001838	0.006569
1763707570.233081	-0.124117	-0.064472	0.001386	0.003507	0.004184	-0.042882	0.015212	-0.001838	0.006569
1763707570.243184	-0.124117	-0.064472	0.001386	0.003507	0.004184	-0.042882	0.016291	-0.013712	-0.012696
1763707570.253570	-0.123824	-0.064527	0.001497	0.002380	0.003719	-0.045026	0.007847	-0.011128	-0.013208
1763707570.264031	-0.123824	-0.064527	0.001497	0.002380	0.003719	-0.045026	0.007580	-0.002262	-0.001910
1763707570.274669	-0.123824	-0.064527	0.001497	0.002380	0.003719	-0.045026	0.015198	-0.003260	-0.004420
1763707570.283518	-0.123363	-0.064565	0.001765	0.001498	0.003259	-0.048613	0.013499	-0.017983	-0.022576
1763707570.293756	-0.123363	-0.064565	0.001765	0.001498	0.003259	-0.048613	0.004682	-0.013548	-0.025642
1763707570.303853	-0.123132	-0.064544	0.001781	-0.000149	0.003672	-0.050128	0.005728	0.004232	-0.009827
1763707570.313811	-0.123132	-0.064544	0.001781	-0.000149	0.003672	-0.050128	0.022194	-0.001636	-0.002151
1763707570.323280	-0.123132	-0.064544	0.001781	-0.000149	0.003672	-0.050128	0.019031	-0.019325	-0.017215
1763707570.333248	-0.122577	-0.064493	0.001739	-0.002978	0.004440	-0.053277	0.000761	-0.011481	-0.026990
1763707570.343313	-0.122577	-0.064493	0.001739	-0.002978	0.004440	-0.053277	0.010056	0.002608	-0.011949
1763707570.353203	-0.122280	-0.064514	0.001728	-0.003372	0.004106	-0.054682	0.018055	-0.000117	0.002499
1763707570.363760	-0.122280	-0.064514	0.001728	-0.003372	0.004106	-0.054682	0.008039	-0.007068	-0.009225
1763707570.374259	-0.122280	-0.064514	0.001728	-0.003372	0.004106	-0.054682	0.005900	-0.011461	-0.029892
1763707570.383198	-0.121724	-0.064415	0.001522	-0.003811	0.003138	-0.058512	0.007959	-0.004200	-0.018761
1763707570.393321	-0.121724	-0.064415	0.001522	-0.003811	0.003138	-0.058512	0.015114	0.007492	0.001701
1763707570.403234	-0.121455	-0.064320	0.001430	-0.004677	0.003556	-0.059973	0.016406	-0.000909	-0.009370
1763707570.414755	-0.121455	-0.064320	0.001430	-0.004677	0.003556	-0.059973	0.003450	-0.011581	-0.024720
1763707570.426460	-0.121455	-0.064320	0.001430	-0.004677	0.003556	-0.059973	0.003450	-0.011581	-0.024720
1763707570.434068	-0.120953	-0.064326	0.001271	-0.006648	0.004716	-0.061917	0.007966	-0.007469	-0.017052
1763707570.444309	-0.120953	-0.064326	0.001271	-0.006648	0.004716	-0.061917	0.026311	0.007073	0.003430
1763707570.453246	-0.120705	-0.064271	0.001212	-0.005846	0.004629	-0.062780	0.026311	0.007073	0.003430
1763707570.463162	-0.120705	-0.064271	0.001212	-0.005846	0.004629	-0.062780	0.004532	-0.005321	-0.008617
1763707570.474422	-0.120478	-0.064286	0.001155	-0.005502	0.004475	-0.063219	-0.001978	-0.002129	-0.009343
1763707570.482988	-0.120259	-0.064199	0.001182	-0.006443	0.004559	-0.063708	0.023134	0.004742	0.019649
1763707570.492882	-0.120259	-0.064199	0.001182	-0.006443	0.004559	-0.063708	0.023134	0.004742	0.019649
1763707570.503129	-0.120259	-0.064199	0.001182	-0.006443	0.004559	-0.063708	0.000210	0.001328	-0.001246
1763707570.512983	-0.120259	-0.064199	0.001182	-0.006443	0.004559	-0.063708	0.000210	0.001328	-0.001246
1763707570.523340	-0.120259	-0.064199	0.001182	-0.006443	0.004559	-0.063708	0.003625	0.004408	0.003319
1763707570.540406	-0.120259	-0.064199	0.001182	-0.006443	0.004559	-0.063708	0.008585	0.009168	0.024180
1763707570.545162	-0.119509	-0.063885	0.001781	-0.007677	0.004627	-0.065245	0.011109	0.000285	0.000782
1763707570.553160	-0.119304	-0.063738	0.002043	-0.007452	0.004226	-0.065367	-0.000814	0.004864	0.007999
1763707570.563704	-0.119304	-0.063738	0.002043	-0.007452	0.004226	-0.065367	0.012152	0.013549	0.016035
1763707570.574392	-0.119304	-0.063738	0.002043	-0.007452	0.004226	-0.065367	0.012516	0.009755	0.010493
1763707570.584244	-0.118988	-0.063532	0.002530	-0.006545	0.004212	-0.066786	0.003770	-0.002565	-0.006727
1763707570.594625	-0.118988	-0.063532	0.002530	-0.006545	0.004212	-0.066786	0.003770	-0.002565	-0.006727
1763707570.605541	-0.118776	-0.063412	0.002776	-0.006202	0.004837	-0.067795	0.012794	0.017703	0.010101
1763707570.613652	-0.118776	-0.063412	0.002776	-0.006202	0.004837	-0.067795	0.012794	0.017703	0.010101
1763707570.623800	-0.118776	-0.063412	0.002776	-0.006202	0.004837	-0.067795	0.013194	0.004712	0.004813
1763707570.634355	-0.118403	-0.063089	0.003063	-0.004600	0.004097	-0.069123	0.003448	0.000749	-0.018764
1763707570.644417	-0.118403	-0.063089	0.003063	-0.004600	0.004097	-0.069123	0.013260	0.015034	0.002434
1763707570.653292	-0.118177	-0.062915	0.003040	-0.005004	0.004357	-0.069683	0.013260	0.015034	0.002434
1763707570.663131	-0.117968	-0.062712	0.003033	-0.004788	0.004093	-0.070001	-0.003554	-0.000382	-0.036797
1763707570.673232	-0.117968	-0.062712	0.003033	-0.004788	0.004093	-0.070001	0.002946	0.009953	-0.019533
1763707570.683805	-0.117762	-0.062528	0.002849	-0.004565	0.004238	-0.070593	0.014921	0.018577	-0.004629
1763707570.693991	-0.117762	-0.062528	0.002849	-0.004565	0.004238	-0.070593	0.014921	0.018577	-0.004629
1763707570.703637	-0.117762	-0.062528	0.002849	-0.004565	0.004238	-0.070593	-0.008291	-0.001012	-0.034217
1763707570.713898	-0.117762	-0.062528	0.002849	-0.004565	0.004238	-0.070593	0.003848	0.011508	-0.018833
1763707570.724007	-0.117762	-0.062528	0.002849	-0.004565	0.004238	-0.070593	0.019395	0.015160	-0.009636
1763707570.733232	-0.117138	-0.062109	0.002163	-0.002968	0.004184	-0.071049	0.014530	0.003983	-0.018680
1763707570.743568	-0.117138	-0.062109	0.002163	-0.002968	0.004184	-0.071049	0.014530	0.003983	-0.018680
1763707570.753445	-0.117012	-0.061923	0.001854	-0.002116	0.003215	-0.071028	-0.010639	0.000711	-0.031277
1763707570.763188	-0.117012	-0.061923	0.001854	-0.002116	0.003215	-0.071028	0.016293	0.012530	-0.005237
1763707570.773182	-0.117012	-0.061923	0.001854	-0.002116	0.003215	-0.071028	0.013191	0.010198	-0.000120
1763707570.783139	-0.117012	-0.061923	0.001854	-0.002116	0.003215	-0.071028	0.005160	0.003448	-0.012951
1763707570.796631	-0.116720	-0.061579	0.001463	-0.002229	0.003333	-0.070726	-0.005179	0.008019	-0.013737
1763707570.802909	-0.116591	-0.061408	0.001371	-0.002229	0.003333	-0.070726	0.000047	0.014368	0.002719
1763707570.813046	-0.116591	-0.061408	0.001371	-0.002229	0.003333	-0.070726	0.014847	0.010618	0.016670
1763707570.822927	-0.116591	-0.061408	0.001371	-0.002229	0.003333	-0.070726	0.013117	0.005742	0.003756
1763707570.833172	-0.116591	-0.061408	0.001371	-0.002229	0.003333	-0.070726	0.002809	0.006643	-0.008030
1763707570.844485	-0.116591	-0.061408	0.001371	-0.002229	0.003333	-0.070726	-0.004394	0.010997	0.001710
1763707570.853410	-0.116121	-0.060875	0.001384	-0.001930	0.003748	-0.070221	0.008734	0.015654	0.009059
1763707570.863726	-0.116027	-0.060643	0.001451	-0.001716	0.003112	-0.070472	0.010948	0.005741	-0.005046
1763707570.874050	-0.116027	-0.060643	0.001451	-0.001716	0.003112	-0.070472	-0.001884	0.000092	-0.017766
1763707570.883752	-0.115927	-0.060387	0.001455	-0.002294	0.003184	-0.071045	-0.006410	0.015742	-0.009138
1763707570.894024	-0.115927	-0.060387	0.001455	-0.002294	0.003184	-0.071045	0.011586	0.016989	0.004155
1763707570.903753	-0.115927	-0.060387	0.001455	-0.002294	0.003184	-0.071045	0.014531	0.000307	-0.005360
1763707570.913954	-0.115927	-0.060387	0.001455	-0.002294	0.003184	-0.071045	-0.005803	0.002327	-0.020709
1763707570.924574	-0.115927	-0.060387	0.001455	-0.002294	0.003184	-0.071045	-0.005803	0.002327	-0.020709
1763707570.933724	-0.115658	-0.059829	0.001238	-0.000214	0.001721	-0.072321	0.000186	0.008664	-0.016102
1763707570.943881	-0.115658	-0.059829	0.001238	-0.000214	0.001721	-0.072321	0.010065	0.012231	-0.002658
1763707570.956062	-0.115637	-0.059675	0.001145	0.000684	0.001925	-0.072415	0.001152	0.006377	-0.004512
1763707570.963520	-0.115637	-0.059675	0.001145	0.000684	0.001925	-0.072415	-0.003580	-0.001233	-0.027081
1763707570.973783	-0.115647	-0.059575	0.000971	0.001091	0.001563	-0.072457	-0.002338	0.012805	-0.004088
1763707570.983523	-0.115594	-0.059458	0.000811	0.000721	0.001947	-0.072736	0.006376	0.011236	-0.000943
1763707570.993330	-0.115594	-0.059458	0.000811	0.000721	0.001947	-0.072736	0.006376	0.011236	-0.000943
1763707571.003919	-0.115594	-0.059458	0.000811	0.000721	0.001947	-0.072736	0.014835	-0.006065	-0.021769
1763707571.013430	-0.115594	-0.059458	0.000811	0.000721	0.001947	-0.072736	0.001072	-0.004023	-0.022501
1763707571.024198	-0.115594	-0.059458	0.000811	0.000721	0.001947	-0.072736	-0.003021	0.010148	-0.006078
1763707571.034167	-0.115553	-0.058945	0.000243	0.000637	0.002770	-0.074248	0.006809	-0.004739	-0.016762
1763707571.043520	-0.115553	-0.058945	0.000243	0.000637	0.002770	-0.074248	-0.002760	-0.001459	-0.016588
1763707571.056036	-0.115569	-0.058675	0.000062	-0.000426	0.003201	-0.074888	0.007451	0.015751	-0.000579
1763707571.063401	-0.115569	-0.058675	0.000062	-0.000426	0.003201	-0.074888	0.012052	0.012944	0.008284
1763707571.073670	-0.115569	-0.058675	0.000062	-0.000426	0.003201	-0.074888	0.000008	-0.002914	0.000029
1763707571.083831	-0.115569	-0.058675	0.000062	-0.000426	0.003201	-0.074888	0.000008	-0.002914	0.000029
1763707571.093718	-0.115569	-0.058675	0.000062	-0.000426	0.003201	-0.074888	0.007191	0.008198	-0.001136
1763707571.103981	-0.115537	-0.058012	-0.000304	-0.003878	0.003413	-0.075178	0.013034	0.013268	0.020228
1763707571.113685	-0.115581	-0.057809	-0.000293	-0.003630	0.003430	-0.075177	0.013034	0.013268	0.020228
1763707571.123269	-0.115581	-0.057809	-0.000293	-0.003630	0.003430	-0.075177	0.007093	0.003594	0.011007
1763707571.134222	-0.115581	-0.057809	-0.000293	-0.003630	0.003430	-0.075177	-0.003289	-0.003808	-0.013507
1763707571.143146	-0.115581	-0.057809	-0.000293	-0.003630	0.003430	-0.075177	0.000753	0.000844	-0.007037
1763707571.153521	-0.115581	-0.057809	-0.000293	-0.003630	0.003430	-0.075177	0.012387	0.009912	0.012895
1763707571.165605	-0.115760	-0.057380	-0.000284	-0.003537	0.003944	-0.073689	0.012387	0.009912	0.012895
1763707571.173454	-0.115760	-0.057380	-0.000284	-0.003537	0.003944	-0.073689	-0.008772	-0.001746	-0.012178
1763707571.183438	-0.115812	-0.057270	-0.000291	-0.003037	0.003659	-0.072902	0.013137	0.012415	0.014346
1763707571.193278	-0.115812	-0.057270	-0.000291	-0.003037	0.003659	-0.072902	0.013219	0.014139	0.013318
1763707571.203192	-0.115812	-0.057270	-0.000291	-0.003037	0.003659	-0.072902	-0.006180	-0.002526	-0.000851
1763707571.214463	-0.115812	-0.057270	-0.000291	-0.003037	0.003659	-0.072902	-0.010216	-0.001214	-0.000674
1763707571.223873	-0.115812	-0.057270	-0.000291	-0.003037	0.003659	-0.072902	-0.010216	-0.001214	-0.000674
1763707571.234853	-0.116148	-0.056970	-0.000316	-0.002305	0.003804	-0.070141	0.008884	0.008986	0.011360
1763707571.245810	-0.116148	-0.056970	-0.000316	-0.002305	0.003804	-0.070141	0.014979	0.009505	0.024655
1763707571.253742	-0.116246	-0.056956	-0.000181	-0.002689	0.003878	-0.069350	0.002046	0.000013	0.016186
1763707571.264099	-0.116246	-0.056956	-0.000181	-0.002689	0.003878	-0.069350	-0.012190	0.000146	0.003281
1763707571.274060	-0.116246	-0.056956	-0.000181	-0.002689	0.003878	-0.069350	-0.003327	0.004764	0.013571
1763707571.284261	-0.116246	-0.056956	-0.000181	-0.002689	0.003878	-0.069350	0.015056	0.006735	0.034773
1763707571.293470	-0.116246	-0.056956	-0.000181	-0.002689	0.003878	-0.069350	0.012149	0.003908	0.030632
1763707571.303197	-0.116507	-0.056584	0.000482	-0.003977	0.004781	-0.066385	-0.001059	0.000561	0.013216
1763707571.313233	-0.116507	-0.056584	0.000482	-0.003977	0.004781	-0.066385	-0.005683	0.000411	0.015285
1763707571.324215	-0.116633	-0.056480	0.000780	-0.003490	0.005493	-0.065448	0.005948	0.006953	0.029885
1763707571.335560	-0.116633	-0.056480	0.000780	-0.003490	0.005493	-0.065448	0.013964	0.005629	0.020935
1763707571.344712	-0.116633	-0.056480	0.000780	-0.003490	0.005493	-0.065448	-0.003491	0.000867	0.002328
1763707571.353497	-0.116633	-0.056480	0.000780	-0.003490	0.005493	-0.065448	-0.005423	0.005319	0.007136
1763707571.364341	-0.116633	-0.056480	0.000780	-0.003490	0.005493	-0.065448	0.011249	0.009603	0.017353
1763707571.373253	-0.116961	-0.056163	0.001462	-0.000736	0.005476	-0.062907	0.011612	-0.001377	0.009337
1763707571.384645	-0.117093	-0.056073	0.001547	-0.000362	0.005853	-0.061663	-0.003701	-0.000683	-0.006482
1763707571.393552	-0.117093	-0.056073	0.001547	-0.000362	0.005853	-0.061663	-0.001872	0.010404	-0.001216
1763707571.403588	-0.117093	-0.056073	0.001547	-0.000362	0.005853	-0.061663	0.012334	0.003273	0.007121
1763707571.413391	-0.117093	-0.056073	0.001547	-0.000362	0.005853	-0.061663	0.002709	-0.003063	-0.007525
1763707571.423653	-0.117093	-0.056073	0.001547	-0.000362	0.005853	-0.061663	-0.004297	-0.000501	-0.025401
1763707571.434595	-0.117436	-0.055730	0.001218	0.000299	0.004779	-0.060643	-0.000188	0.007727	-0.012078
1763707571.445680	-0.117436	-0.055730	0.001218	0.000299	0.004779	-0.060643	0.009184	0.003079	-0.003048
1763707571.453749	-0.117558	-0.055610	0.000962	-0.000433	0.004362	-0.061056	0.007909	-0.004148	-0.024642
1763707571.463604	-0.117558	-0.055610	0.000962	-0.000433	0.004362	-0.061056	-0.004591	-0.002047	-0.029595
1763707571.474818	-0.117558	-0.055610	0.000962	-0.000433	0.004362	-0.061056	-0.001425	0.005592	-0.018705
1763707571.485301	-0.117558	-0.055610	0.000962	-0.000433	0.004362	-0.061056	0.008848	0.006437	-0.017959
1763707571.494065	-0.117558	-0.055610	0.000962	-0.000433	0.004362	-0.061056	0.004373	-0.008834	-0.030766
1763707571.504240	-0.118069	-0.055457	-0.000485	-0.000472	0.003850	-0.060647	-0.005205	0.009711	-0.019513
1763707571.513654	-0.118069	-0.055457	-0.000485	-0.000472	0.003850	-0.060647	-0.005205	0.009711	-0.019513
1763707571.523366	-0.118209	-0.055366	-0.000986	-0.000304	0.003220	-0.060473	0.007388	0.006593	-0.006569
1763707571.535383	-0.118209	-0.055366	-0.000986	-0.000304	0.003220	-0.060473	0.012991	-0.005971	-0.013428
1763707571.544227	-0.118209	-0.055366	-0.000986	-0.000304	0.003220	-0.060473	-0.001156	-0.007343	-0.024735
1763707571.555115	-0.118209	-0.055366	-0.000986	-0.000304	0.003220	-0.060473	0.001941	0.003459	-0.003485
1763707571.563138	-0.118658	-0.055190	-0.002344	0.001115	0.003351	-0.061405	0.001941	0.003459	-0.003485
1763707571.573416	-0.118658	-0.055190	-0.002344	0.001115	0.003351	-0.061405	0.006483	-0.000778	0.004848
1763707571.583188	-0.118881	-0.055184	-0.002644	0.001283	0.002984	-0.061844	0.004440	-0.008606	-0.008605
1763707571.594465	-0.118881	-0.055184	-0.002644	0.001283	0.002984	-0.061844	-0.005876	-0.006777	-0.017731
