时间(s)	角速度roll(rad/s)	角速度pitch(rad/s)	角速度yaw(rad/s)	推力
1763707543.077892	0.000000	-0.114859	3.009356	-0.317936
1763707543.087392	0.000000	-0.112174	2.984586	-0.317936
1763707543.097387	0.000000	-0.091891	2.959140	-0.317966
1763707543.107328	0.000000	-0.082358	2.962666	-0.317966
1763707543.118704	0.000000	-0.097603	3.003786	-0.318123
1763707543.128206	0.000000	-0.088920	2.950357	-0.318036
1763707543.137520	0.000000	-0.096362	2.896972	-0.318036
1763707543.148216	0.000000	-0.123024	2.753622	-0.317535
1763707543.157535	0.000000	-0.134239	2.747428	-0.317535
1763707543.167688	0.000000	-0.105624	2.538920	-0.316651
1763707543.179120	0.000000	-0.131590	2.314510	-0.315892
1763707543.187802	0.000000	-0.133093	2.300829	-0.315892
1763707543.198837	0.000000	-0.141454	2.081329	-0.315045
1763707543.207356	0.000000	-0.146436	1.898445	-0.314279
1763707543.219166	0.000000	-0.139131	1.872720	-0.314279
1763707543.229158	0.000000	-0.148559	1.666240	-0.313287
1763707543.238007	0.000000	-0.138620	1.630265	-0.313287
1763707543.247788	0.000000	-0.113270	1.439352	-0.312276
1763707543.259024	0.000000	-0.122122	1.397907	-0.312276
1763707543.267755	0.000000	-0.107338	1.214747	-0.311113
1763707543.278462	0.000000	-0.118845	1.060557	-0.309889
1763707543.287787	0.000000	-0.114065	1.008600	-0.309889
1763707543.298934	0.000000	-0.096993	0.855570	-0.308458
1763707543.308557	0.000000	-0.081825	0.773663	-0.308458
1763707543.318874	0.000000	-0.071997	0.629667	-0.307369
1763707543.329691	0.000000	-0.050774	0.557504	-0.306081
1763707543.338297	0.000000	-0.042455	0.447893	-0.306081
1763707543.347765	0.027708	-0.007285	0.333830	-0.304851
1763707543.357710	0.051745	-0.001636	0.283418	-0.304851
1763707543.367741	0.091318	0.021796	0.174760	-0.303635
1763707543.377968	0.135098	0.047657	0.087871	-0.302586
1763707543.390533	0.184015	0.066471	-0.019216	-0.302586
1763707543.398374	0.205623	0.091117	-0.035427	-0.301261
1763707543.408439	0.256182	0.101189	-0.134655	-0.301261
1763707543.418520	0.280626	0.098052	-0.136804	-0.299835
1763707543.427673	0.334186	0.126147	-0.179632	-0.298577
1763707543.439014	0.381422	0.129569	-0.261210	-0.298577
1763707543.448436	0.410943	0.131615	-0.241996	-0.297468
1763707543.458094	0.424914	0.138470	-0.295342	-0.297468
1763707543.467981	0.475926	0.169274	-0.286299	-0.296311
1763707543.479371	0.511711	0.168336	-0.316875	-0.294896
1763707543.488431	0.522393	0.171010	-0.330307	-0.294896
1763707543.499634	0.529740	0.183320	-0.327638	-0.293361
1763707543.509140	0.517598	0.172981	-0.374584	-0.293361
1763707543.518027	0.529740	0.185351	-0.331948	-0.292003
1763707543.528097	0.529740	0.192004	-0.333666	-0.290666
1763707543.538193	0.507162	0.207382	-0.348042	-0.290666
1763707543.547605	0.529740	0.227483	-0.296481	-0.288977
1763707543.559216	0.497521	0.240414	-0.384879	-0.288977
1763707543.568042	0.457504	0.250661	-0.347179	-0.287388
1763707543.578358	0.454214	0.242004	-0.323644	-0.285805
1763707543.590635	0.412732	0.284621	-0.318886	-0.285805
1763707543.600186	0.411372	0.262248	-0.284863	-0.284393
1763707543.609054	0.400426	0.292809	-0.258475	-0.282878
1763707543.617881	0.400426	0.292809	-0.258475	-0.282878
1763707543.627930	0.372536	0.312091	-0.202413	-0.281245
1763707543.639043	0.372536	0.312091	-0.202413	-0.281245
1763707543.647632	0.368652	0.309203	-0.206681	-0.279253
1763707543.660017	0.339490	0.334104	-0.251013	-0.279253
1763707543.667835	0.328619	0.335087	-0.167196	-0.277468
1763707543.677842	0.340435	0.346907	-0.113338	-0.275724
1763707543.687849	0.317534	0.340546	-0.197181	-0.275724
1763707543.698513	0.319314	0.338947	-0.161048	-0.273985
1763707543.711738	0.308213	0.332832	-0.176539	-0.273985
1763707543.719118	0.316321	0.344674	-0.131837	-0.272336
1763707543.730132	0.321163	0.350350	-0.083369	-0.270630
1763707543.738490	0.320275	0.360279	-0.123193	-0.270630
1763707543.748025	0.322913	0.366278	-0.083192	-0.268490
1763707543.758980	0.327234	0.354368	-0.094834	-0.268490
1763707543.768221	0.332486	0.377250	-0.059156	-0.266645
1763707543.780731	0.338144	0.352445	-0.037731	-0.264806
1763707543.788548	0.341303	0.354974	-0.037290	-0.264806
1763707543.798598	0.348391	0.349717	-0.004984	-0.262930
1763707543.808415	0.344166	0.343478	-0.022165	-0.262930
1763707543.817967	0.346796	0.368913	-0.005467	-0.261016
1763707543.828271	0.350458	0.354850	0.027032	-0.258894
1763707543.838216	0.343252	0.350827	0.025306	-0.258894
1763707543.847792	0.347336	0.358298	0.041013	-0.257389
1763707543.859119	0.340498	0.348663	0.014162	-0.257389
1763707543.867867	0.343143	0.343978	0.041627	-0.255345
1763707543.877942	0.338229	0.318279	0.058101	-0.253455
1763707543.888244	0.334860	0.321080	0.073564	-0.253455
1763707543.898600	0.330161	0.303660	0.086111	-0.251742
1763707543.908596	0.331635	0.305534	0.088793	-0.251742
1763707543.918669	0.323838	0.280749	0.085196	-0.249883
1763707543.929739	0.315353	0.254592	0.107932	-0.248001
1763707543.939134	0.312742	0.248957	0.123690	-0.248001
1763707543.948305	0.312387	0.255756	0.130611	-0.246232
1763707543.958566	0.308429	0.218831	0.122081	-0.246232
1763707543.968182	0.307460	0.200380	0.130898	-0.244152
1763707543.978469	0.299243	0.176600	0.151664	-0.242148
1763707543.988184	0.300503	0.172876	0.153827	-0.242148
1763707544.000171	0.297435	0.128097	0.180745	-0.240358
1763707544.008744	0.299740	0.108189	0.189107	-0.240358
1763707544.018091	0.293083	0.098500	0.191475	-0.238700
1763707544.029025	0.291622	0.107897	0.197248	-0.236813
1763707544.038188	0.287599	0.085284	0.202304	-0.236813
1763707544.048116	0.284105	0.092693	0.188113	-0.234900
1763707544.058947	0.285028	0.076369	0.193782	-0.234900
1763707544.067656	0.288704	0.053185	0.209694	-0.233281
1763707544.077612	0.290359	0.029481	0.219678	-0.231516
1763707544.087749	0.293661	0.023282	0.218117	-0.231516
1763707544.098039	0.290575	0.034874	0.208160	-0.229795
1763707544.107928	0.285141	0.012608	0.213553	-0.229795
1763707544.118138	0.282091	0.016532	0.202598	-0.227942
1763707544.129302	0.279096	-0.000801	0.196784	-0.226404
1763707544.138451	0.284984	-0.033667	0.225559	-0.226404
1763707544.148376	0.289893	-0.052939	0.243338	-0.224667
1763707544.158307	0.288646	-0.073081	0.240174	-0.224667
1763707544.169151	0.280519	-0.069307	0.255400	-0.222964
1763707544.178704	0.283811	-0.118696	0.244738	-0.221494
1763707544.187747	0.290985	-0.142987	0.284894	-0.221494
1763707544.199010	0.288656	-0.127421	0.271631	-0.219901
1763707544.208338	0.292078	-0.132737	0.263987	-0.218338
1763707544.218085	0.285597	-0.142983	0.267371	-0.218338
1763707544.227680	0.277567	-0.147155	0.259989	-0.216680
1763707544.238175	0.283944	-0.172952	0.259821	-0.216680
1763707544.247915	0.286731	-0.181172	0.256371	-0.215087
1763707544.258383	0.290993	-0.204753	0.297595	-0.215087
1763707544.268057	0.283226	-0.222166	0.298704	-0.213434
1763707544.278511	0.278919	-0.218013	0.284819	-0.212207
1763707544.287971	0.281107	-0.263044	0.304720	-0.212207
1763707544.299154	0.284789	-0.266840	0.294869	-0.210624
1763707544.308477	0.286738	-0.273926	0.313247	-0.209399
1763707544.320423	0.286738	-0.273926	0.313247	-0.209399
1763707544.328726	0.279581	-0.300791	0.323978	-0.207969
1763707544.338090	0.279581	-0.300791	0.323978	-0.207969
1763707544.347888	0.283958	-0.323726	0.336140	-0.206456
1763707544.359430	0.289963	-0.352371	0.354812	-0.206456
1763707544.368105	0.290533	-0.347452	0.356708	-0.205044
1763707544.378575	0.284826	-0.323924	0.360349	-0.203627
1763707544.387854	0.282883	-0.329906	0.336692	-0.203627
1763707544.397789	0.282451	-0.324082	0.338106	-0.202273
1763707544.407994	0.282451	-0.324082	0.338106	-0.202273
1763707544.418505	0.290674	-0.371199	0.365854	-0.200921
1763707544.429766	0.290185	-0.361812	0.372088	-0.200015
1763707544.438588	0.283830	-0.379992	0.398881	-0.200015
1763707544.447751	0.283546	-0.369931	0.373662	-0.198650
1763707544.459162	0.276861	-0.372546	0.360229	-0.197315
1763707544.468992	0.280153	-0.380667	0.388328	-0.197315
1763707544.479640	0.287352	-0.409433	0.408932	-0.196115
1763707544.488397	0.285408	-0.415547	0.438548	-0.196115
1763707544.499168	0.283810	-0.402676	0.431076	-0.194834
1763707544.508626	0.279367	-0.421268	0.438724	-0.194834
1763707544.518422	0.279223	-0.398247	0.416929	-0.193531
1763707544.528487	0.278901	-0.366913	0.393880	-0.192387
1763707544.538667	0.279833	-0.400633	0.419255	-0.192387
1763707544.548733	0.287951	-0.424822	0.454913	-0.191067
1763707544.558396	0.287741	-0.402650	0.424641	-0.190064
1763707544.567948	0.280032	-0.412995	0.467117	-0.190064
1763707544.580953	0.279627	-0.396858	0.444544	-0.188944
1763707544.589093	0.276338	-0.421489	0.457208	-0.188944
1763707544.598809	0.281771	-0.416518	0.461253	-0.187739
1763707544.608052	0.286690	-0.440787	0.509949	-0.187739
1763707544.618645	0.286620	-0.414996	0.482176	-0.186399
1763707544.627790	0.287590	-0.413808	0.468671	-0.185586
1763707544.639938	0.280567	-0.406851	0.501422	-0.185586
1763707544.648421	0.275875	-0.397143	0.499218	-0.184666
1763707544.658453	0.277294	-0.408862	0.492148	-0.184666
1763707544.668037	0.277937	-0.400656	0.479951	-0.183531
1763707544.679155	0.281693	-0.399964	0.500126	-0.182480
1763707544.688047	0.284804	-0.417718	0.531636	-0.182480
1763707544.697846	0.284912	-0.409427	0.505567	-0.181560
1763707544.707660	0.285917	-0.408240	0.504149	-0.181560
1763707544.718496	0.279150	-0.364349	0.497929	-0.180219
1763707544.727732	0.277086	-0.361650	0.494433	-0.179131
1763707544.738297	0.277086	-0.361650	0.494433	-0.179131
1763707544.748725	0.280137	-0.373137	0.486579	-0.178128
1763707544.758063	0.280137	-0.373137	0.486579	-0.178128
1763707544.769216	0.284452	-0.370007	0.512717	-0.177105
1763707544.778066	0.284520	-0.372271	0.482946	-0.175921
1763707544.788291	0.280602	-0.363991	0.508759	-0.175921
1763707544.798672	0.276664	-0.329202	0.470944	-0.174993
1763707544.808321	0.279656	-0.344374	0.501983	-0.174037
1763707544.817634	0.279656	-0.344374	0.501983	-0.174037
1763707544.827897	0.286235	-0.350806	0.498407	-0.173073
1763707544.837762	0.278554	-0.336348	0.571280	-0.173073
1763707544.849876	0.272466	-0.333883	0.559164	-0.172107
1763707544.858058	0.272466	-0.333883	0.559164	-0.172107
1763707544.868118	0.272820	-0.308571	0.527725	-0.171272
1763707544.879189	0.279258	-0.326105	0.584049	-0.169972
1763707544.888581	0.280395	-0.328872	0.606864	-0.169972
1763707544.900228	0.280175	-0.319642	0.572449	-0.168877
1763707544.908201	0.278335	-0.300865	0.537902	-0.167657
1763707544.917765	0.270170	-0.285812	0.568262	-0.167657
1763707544.928487	0.271950	-0.262080	0.564237	-0.166812
1763707544.937776	0.275674	-0.285113	0.568498	-0.166812
1763707544.949415	0.279167	-0.279395	0.564728	-0.165751
1763707544.958247	0.279329	-0.266247	0.607545	-0.165751
1763707544.967673	0.273045	-0.260017	0.595834	-0.164785
1763707544.979001	0.272780	-0.238434	0.578725	-0.163674
1763707544.987648	0.272780	-0.238434	0.578725	-0.163674
1763707544.997829	0.275718	-0.260035	0.571229	-0.162563
1763707545.008255	0.281322	-0.262820	0.623337	-0.162563
1763707545.018520	0.282383	-0.238866	0.607556	-0.161826
1763707545.028656	0.270152	-0.214367	0.589380	-0.160848
1763707545.039186	0.270152	-0.214367	0.589380	-0.160848
1763707545.048444	0.271530	-0.217402	0.589288	-0.159745
1763707545.058309	0.272178	-0.224651	0.569789	-0.158893
1763707545.069431	0.277394	-0.206924	0.628042	-0.158893
1763707545.078793	0.277146	-0.222121	0.595660	-0.157853
1763707545.089164	0.271436	-0.201496	0.614281	-0.157853
1763707545.098387	0.271212	-0.209217	0.587172	-0.156568
1763707545.107617	0.271392	-0.206272	0.574982	-0.155666
1763707545.118831	0.271349	-0.220045	0.590434	-0.155666
1763707545.128459	0.278197	-0.227787	0.605534	-0.154728
1763707545.139716	0.278933	-0.216779	0.624497	-0.154728
1763707545.149028	0.267084	-0.182447	0.603339	-0.153681
1763707545.159824	0.269238	-0.181852	0.603719	-0.152915
1763707545.169681	0.273423	-0.202400	0.620303	-0.152915
1763707545.179293	0.273191	-0.203647	0.586364	-0.151920
1763707545.188304	0.276620	-0.168458	0.637203	-0.151920
1763707545.198471	0.276530	-0.171375	0.607489	-0.150867
1763707545.207878	0.272032	-0.157245	0.591335	-0.149828
1763707545.219373	0.269687	-0.127815	0.589867	-0.149828
1763707545.228118	0.269507	-0.133868	0.559841	-0.148792
1763707545.238847	0.276296	-0.129831	0.624537	-0.148792
1763707545.248523	0.275112	-0.131860	0.606981	-0.147934
1763707545.259574	0.275112	-0.131860	0.606981	-0.147934
1763707545.267765	0.270812	-0.130319	0.568576	-0.146894
1763707545.281962	0.265817	-0.105995	0.566950	-0.145850
1763707545.288399	0.274571	-0.123865	0.603945	-0.145850
1763707545.298542	0.275094	-0.111154	0.598078	-0.145048
1763707545.308681	0.269702	-0.077808	0.601897	-0.145048
1763707545.317745	0.269547	-0.094341	0.582678	-0.144255
1763707545.327746	0.263529	-0.097232	0.566845	-0.143325
1763707545.339864	0.268377	-0.082560	0.588740	-0.143325
1763707545.347835	0.268284	-0.083581	0.567277	-0.142389
1763707545.358137	0.272031	-0.099283	0.575349	-0.141476
1763707545.367767	0.272210	-0.071377	0.603237	-0.141476
1763707545.377898	0.268751	-0.057349	0.581803	-0.140341
1763707545.388244	0.265997	-0.041325	0.571299	-0.140341
1763707545.400697	0.269451	-0.056705	0.580998	-0.139324
1763707545.408519	0.275648	-0.062108	0.599025	-0.139324
1763707545.420134	0.268723	-0.024903	0.581073	-0.138561
1763707545.428601	0.268693	-0.043453	0.566813	-0.137570
1763707545.438799	0.268693	-0.043453	0.566813	-0.137570
1763707545.448948	0.268327	-0.042126	0.585456	-0.136796
1763707545.457777	0.268325	-0.057701	0.569785	-0.135815
1763707545.467781	0.276740	-0.046706	0.580945	-0.135815
1763707545.478029	0.268126	-0.023767	0.574806	-0.135068
1763707545.487797	0.265061	-0.007850	0.565345	-0.135068
1763707545.498510	0.265135	-0.024525	0.551755	-0.134089
1763707545.507899	0.273645	-0.025968	0.578862	-0.134089
1763707545.517810	0.275517	-0.032775	0.578556	-0.133424
1763707545.527808	0.273712	-0.004959	0.564606	-0.132490
1763707545.538105	0.273712	-0.004959	0.564606	-0.132490
1763707545.549132	0.272413	-0.007963	0.535905	-0.131623
1763707545.559067	0.272413	-0.007963	0.535905	-0.131623
1763707545.567779	0.278187	-0.011703	0.558286	-0.130603
1763707545.577784	0.278395	-0.021755	0.543356	-0.129702
1763707545.587634	0.275702	0.010786	0.549464	-0.129702
1763707545.597621	0.269424	0.012310	0.501106	-0.128492
1763707545.608048	0.273921	0.015054	0.525115	-0.127642
1763707545.618995	0.276214	0.016703	0.542035	-0.127642
1763707545.627927	0.276539	-0.004688	0.530837	-0.126724
1763707545.638097	0.273423	0.001181	0.521878	-0.126724
1763707545.648017	0.261544	0.057446	0.483726	-0.126008
1763707545.658261	0.261661	0.034272	0.473246	-0.125195
1763707545.667779	0.264813	0.021341	0.498339	-0.125195
1763707545.677710	0.264834	0.010391	0.487693	-0.124514
1763707545.687637	0.268557	0.028760	0.496030	-0.124514
1763707545.697615	0.264389	0.040637	0.479982	-0.123663
1763707545.708074	0.258204	0.053817	0.467072	-0.123061
1763707545.719175	0.258204	0.053817	0.467072	-0.123061
1763707545.728572	0.264238	0.030153	0.462979	-0.122383
1763707545.738734	0.267672	0.036485	0.471355	-0.122383
1763707545.750368	0.265226	0.045688	0.475259	-0.121638
1763707545.761618	0.259624	0.046761	0.444301	-0.120881
1763707545.771012	0.267260	0.052619	0.449609	-0.120881
1763707545.779650	0.267278	0.036245	0.448138	-0.119945
1763707545.788913	0.272379	0.050069	0.461206	-0.119945
1763707545.805045	0.268612	0.062162	0.462975	-0.118992
1763707545.809183	0.267410	0.072591	0.411515	-0.118189
1763707545.818093	0.271212	0.068334	0.444745	-0.118189
1763707545.827916	0.271492	0.052517	0.437752	-0.117535
1763707545.837746	0.274540	0.066052	0.437366	-0.117535
1763707545.847283	0.263620	0.073594	0.395726	-0.116718
1763707545.858390	0.267546	0.081438	0.412609	-0.116718
1763707545.867480	0.268061	0.059048	0.408070	-0.116099
1763707545.878168	0.274683	0.028172	0.430167	-0.115264
1763707545.887631	0.268043	0.063737	0.406463	-0.115264
1763707545.897341	0.268535	0.063422	0.401618	-0.114664
1763707545.908431	0.264938	0.058328	0.393372	-0.114102
1763707545.918490	0.270227	0.047549	0.396908	-0.114102
1763707545.928075	0.270508	0.029132	0.398575	-0.113532
1763707545.937833	0.266349	0.077493	0.389501	-0.113532
1763707545.947625	0.260921	0.078858	0.369475	-0.112791
1763707545.957731	0.261291	0.057407	0.372628	-0.112407
1763707545.967736	0.273073	0.055056	0.378410	-0.112407
1763707545.978634	0.273335	0.041773	0.377880	-0.111716
1763707545.990081	0.272996	0.056559	0.380906	-0.111716
1763707545.997667	0.268596	0.074538	0.372200	-0.111102
1763707546.007967	0.265293	0.068615	0.337600	-0.111102
1763707546.018670	0.272741	0.069760	0.361366	-0.110238
1763707546.027734	0.273142	0.066385	0.361186	-0.109657
1763707546.039131	0.274656	0.069089	0.372901	-0.109657
1763707546.047730	0.264344	0.091616	0.329646	-0.109080
1763707546.058090	0.266628	0.095889	0.319582	-0.109080
1763707546.067764	0.266985	0.070245	0.328646	-0.108466
1763707546.077763	0.271441	0.040434	0.347308	-0.107835
1763707546.088305	0.273582	0.053197	0.371133	-0.107835
1763707546.097844	0.266668	0.055892	0.340900	-0.107293
1763707546.107807	0.264401	0.044292	0.335947	-0.106785
1763707546.117979	0.271205	0.035249	0.345831	-0.106785
1763707546.127870	0.271381	0.024845	0.345610	-0.106349
1763707546.138290	0.270531	0.027407	0.338891	-0.106349
1763707546.148211	0.261287	0.059938	0.320340	-0.105942
1763707546.158389	0.261287	0.059938	0.320340	-0.105942
1763707546.168113	0.268550	0.026148	0.318387	-0.105278
1763707546.178046	0.268730	0.009995	0.323092	-0.104628
1763707546.188348	0.270627	0.029775	0.333596	-0.104628
1763707546.198231	0.266018	0.026123	0.321808	-0.104111
1763707546.207654	0.262540	0.040278	0.296013	-0.104111
1763707546.218574	0.270211	0.019132	0.304572	-0.103706
1763707546.228024	0.270490	0.013524	0.308602	-0.102904
1763707546.237747	0.273037	0.017803	0.327675	-0.102904
1763707546.248847	0.263419	0.037210	0.272872	-0.102398
1763707546.257845	0.263218	0.029712	0.286161	-0.101736
1763707546.267757	0.268573	0.020151	0.303399	-0.101736
1763707546.278139	0.268791	0.008272	0.309250	-0.101193
1763707546.287645	0.271193	0.004376	0.308945	-0.101193
1763707546.298142	0.266804	-0.004989	0.292664	-0.100634
1763707546.307707	0.261426	0.001186	0.283864	-0.100130
1763707546.318359	0.267574	-0.025115	0.284368	-0.100130
1763707546.327616	0.267698	-0.028575	0.287300	-0.099639
1763707546.338595	0.270534	-0.022110	0.294218	-0.099639
1763707546.351180	0.261714	-0.005918	0.281157	-0.099080
1763707546.358177	0.261889	-0.007349	0.287895	-0.098550
1763707546.367723	0.268422	-0.019494	0.274753	-0.098550
1763707546.377747	0.268532	-0.024882	0.280207	-0.097895
1763707546.387623	0.269088	-0.017922	0.284235	-0.097895
1763707546.397692	0.269254	-0.022436	0.289268	-0.097268
1763707546.408086	0.266533	-0.019266	0.253530	-0.097268
1763707546.418624	0.273201	-0.043464	0.287632	-0.096732
1763707546.427582	0.277706	-0.044842	0.302053	-0.096138
1763707546.437684	0.277706	-0.044842	0.302053	-0.096138
1763707546.448186	0.264315	-0.034383	0.253857	-0.095391
1763707546.462239	0.264709	-0.037474	0.258716	-0.094742
1763707546.469383	0.267918	-0.047103	0.265477	-0.094742
1763707546.477809	0.268232	-0.048532	0.268056	-0.094177
1763707546.488145	0.267587	-0.057682	0.260185	-0.094177
1763707546.497954	0.267700	-0.071857	0.265382	-0.093587
1763707546.509786	0.255792	-0.046967	0.246136	-0.093587
1763707546.519087	0.255895	-0.053310	0.254604	-0.093032
1763707546.528545	0.259398	-0.066707	0.275331	-0.092562
1763707546.537705	0.266336	-0.083014	0.262775	-0.092562
1763707546.548544	0.258432	-0.062817	0.285926	-0.092199
1763707546.557781	0.258432	-0.062817	0.285926	-0.092199
1763707546.567839	0.262660	-0.086323	0.253573	-0.091685
1763707546.579045	0.262459	-0.088814	0.261855	-0.091265
1763707546.588163	0.266299	-0.091300	0.287637	-0.091265
1763707546.598213	0.267492	-0.091685	0.288152	-0.090653
1763707546.609049	0.261464	-0.087491	0.255281	-0.090653
1763707546.618951	0.261457	-0.081735	0.257194	-0.090054
1763707546.628156	0.271423	-0.093436	0.267282	-0.089251
1763707546.637933	0.275443	-0.100137	0.298795	-0.089251
1763707546.647641	0.266499	-0.075358	0.255695	-0.088475
1763707546.658536	0.266809	-0.073243	0.259240	-0.088031
1763707546.667751	0.266261	-0.079935	0.267380	-0.088031
1763707546.677903	0.272402	-0.109082	0.293088	-0.087317
1763707546.688274	0.276168	-0.107160	0.290892	-0.087317
1763707546.698199	0.270401	-0.093877	0.290194	-0.086973
1763707546.708022	0.264619	-0.095506	0.285622	-0.086482
1763707546.719106	0.271114	-0.124993	0.285393	-0.086482
1763707546.728014	0.271274	-0.123560	0.288682	-0.085990
1763707546.738332	0.272640	-0.117287	0.312228	-0.085990
1763707546.748389	0.264832	-0.104663	0.301542	-0.085618
1763707546.757656	0.264842	-0.093955	0.302913	-0.085067
1763707546.767655	0.264428	-0.101269	0.287045	-0.085067
1763707546.778022	0.264507	-0.095833	0.287629	-0.084392
1763707546.788710	0.269483	-0.112680	0.295337	-0.084392
1763707546.797990	0.269927	-0.125826	0.319787	-0.083787
1763707546.807757	0.260022	-0.108513	0.289127	-0.082978
1763707546.818750	0.260022	-0.108513	0.289127	-0.082978
1763707546.827662	0.261267	-0.122458	0.296431	-0.082549
1763707546.839833	0.268020	-0.133018	0.321066	-0.082549
1763707546.848203	0.264177	-0.134156	0.323012	-0.082055
1763707546.858570	0.258720	-0.122256	0.291468	-0.081544
1763707546.867598	0.258720	-0.122256	0.291468	-0.081544
1763707546.877830	0.260730	-0.119876	0.310542	-0.080927
1763707546.887755	0.265886	-0.146953	0.332730	-0.080927
1763707546.900095	0.268593	-0.148174	0.336029	-0.080523
1763707546.908704	0.257694	-0.125037	0.322287	-0.080523
1763707546.918277	0.264207	-0.151403	0.326866	-0.080124
1763707546.927750	0.264004	-0.143577	0.327327	-0.079666
1763707546.937877	0.272901	-0.156909	0.331148	-0.079666
1763707546.948189	0.265860	-0.123669	0.336265	-0.079401
1763707546.958384	0.265790	-0.127514	0.343149	-0.078726
1763707546.967987	0.270052	-0.152898	0.341981	-0.078726
1763707546.978231	0.270179	-0.152626	0.347942	-0.078168
1763707546.988081	0.275253	-0.151380	0.357836	-0.078168
1763707546.998149	0.274510	-0.140503	0.360499	-0.077787
1763707547.008168	0.269592	-0.137244	0.331426	-0.077171
1763707547.017820	0.269592	-0.137244	0.331426	-0.077171
1763707547.028470	0.277693	-0.137503	0.379898	-0.076665
1763707547.037719	0.277693	-0.137503	0.379898	-0.076665
1763707547.048403	0.268267	-0.120773	0.334548	-0.076201
1763707547.059150	0.262443	-0.117613	0.334881	-0.076201
1763707547.067796	0.262476	-0.133318	0.345623	-0.075364
1763707547.077866	0.264841	-0.137861	0.365187	-0.074839
1763707547.087783	0.269276	-0.156320	0.373951	-0.074839
1763707547.097734	0.268281	-0.163645	0.373119	-0.074474
1763707547.111000	0.262347	-0.152101	0.366195	-0.074247
1763707547.118494	0.256820	-0.153610	0.364075	-0.074247
1763707547.127637	0.256335	-0.153112	0.366961	-0.073754
1763707547.137678	0.266867	-0.172071	0.379065	-0.073754
1763707547.148529	0.260528	-0.130118	0.369889	-0.073261
1763707547.157659	0.259860	-0.130857	0.369634	-0.072908
1763707547.168868	0.259610	-0.133673	0.359751	-0.072908
1763707547.178143	0.259319	-0.137357	0.354190	-0.072244
1763707547.188338	0.261216	-0.122732	0.368317	-0.072244
1763707547.199826	0.260819	-0.111179	0.366487	-0.071800
1763707547.208977	0.267440	-0.134473	0.360316	-0.071800
1763707547.219628	0.267217	-0.130544	0.357786	-0.071345
1763707547.229137	0.269483	-0.123049	0.381571	-0.070908
1763707547.238754	0.269483	-0.123049	0.381571	-0.070908
1763707547.248467	0.268561	-0.133656	0.347354	-0.070369
1763707547.258570	0.273257	-0.141440	0.385815	-0.069637
1763707547.267606	0.273257	-0.141440	0.385815	-0.069637
1763707547.279099	0.273679	-0.127556	0.391492	-0.068965
1763707547.288142	0.269064	-0.120571	0.363064	-0.068965
1763707547.298734	0.262709	-0.101556	0.334246	-0.068611
1763707547.308305	0.264860	-0.111546	0.359656	-0.068207
1763707547.318297	0.271780	-0.126228	0.377135	-0.068207
1763707547.329018	0.265146	-0.118919	0.360821	-0.067814
1763707547.338396	0.258274	-0.099314	0.341582	-0.067814
1763707547.348549	0.258082	-0.108162	0.352885	-0.067260
1763707547.358527	0.262947	-0.133079	0.360593	-0.067260
1763707547.367785	0.267552	-0.133142	0.369262	-0.066715
1763707547.378311	0.267193	-0.122205	0.366661	-0.066290
1763707547.388654	0.261186	-0.106176	0.359049	-0.066290
1763707547.398251	0.253334	-0.105940	0.341548	-0.066019
1763707547.408360	0.267271	-0.127335	0.369763	-0.066019
1763707547.418246	0.266813	-0.119829	0.364572	-0.065719
1763707547.429171	0.263173	-0.120592	0.357229	-0.065534
1763707547.439603	0.255283	-0.092993	0.339236	-0.065534
1763707547.448146	0.254925	-0.107178	0.340092	-0.065275
1763707547.458080	0.259181	-0.131129	0.350327	-0.065275
1763707547.468109	0.265512	-0.122865	0.349018	-0.064832
1763707547.478556	0.257682	-0.094667	0.342971	-0.064417
1763707547.489005	0.257682	-0.094667	0.342971	-0.064417
1763707547.497818	0.265790	-0.108456	0.338825	-0.064331
1763707547.507745	0.269434	-0.111197	0.348503	-0.064331
1763707547.518772	0.265077	-0.075088	0.357378	-0.063904
1763707547.527878	0.261728	-0.073958	0.317830	-0.063462
1763707547.539659	0.261728	-0.073958	0.317830	-0.063462
1763707547.548024	0.271918	-0.091443	0.347737	-0.063065
1763707547.558296	0.273945	-0.084327	0.343307	-0.062754
1763707547.567993	0.266889	-0.071983	0.343741	-0.062754
1763707547.578143	0.265375	-0.074270	0.316793	-0.062246
1763707547.588598	0.265375	-0.074270	0.316793	-0.062246
1763707547.598530	0.274440	-0.091068	0.356214	-0.061820
1763707547.607794	0.271276	-0.084257	0.344371	-0.061820
1763707547.617758	0.265797	-0.064782	0.304238	-0.061450
1763707547.627673	0.266021	-0.073099	0.314050	-0.061079
1763707547.639066	0.261894	-0.073742	0.312389	-0.061079
1763707547.648629	0.271577	-0.084299	0.337329	-0.060686
1763707547.658218	0.271745	-0.098084	0.340447	-0.060569
1763707547.700437	0.261076	-0.073291	0.315965	-0.059898
1763707547.706487	0.263254	-0.087330	0.348403	-0.059689
1763707547.714816	0.263171	-0.090312	0.350161	-0.059689
1763707547.725759	0.257169	-0.069717	0.322567	-0.059689
1763707547.735423	0.249626	-0.069867	0.307761	-0.059488
1763707547.749436	0.260867	-0.087558	0.336708	-0.059105
1763707547.758786	0.261056	-0.088107	0.327822	-0.059057
1763707547.765759	0.253233	-0.064219	0.337496	-0.059057
1763707547.776654	0.252489	-0.058646	0.320415	-0.059057
1763707547.784760	0.252029	-0.062717	0.327806	-0.058815
1763707547.795097	0.258962	-0.084192	0.333552	-0.058815
1763707547.805368	0.262416	-0.086515	0.351324	-0.058767
1763707547.815353	0.261977	-0.077026	0.348314	-0.058242
1763707547.825960	0.257039	-0.074695	0.336874	-0.058242
1763707547.835549	0.262371	-0.088816	0.331009	-0.058176
1763707547.845471	0.272471	-0.085735	0.353462	-0.058176
1763707547.856902	0.271203	-0.071418	0.350617	-0.057296
1763707547.865408	0.264268	-0.063000	0.337593	-0.057296
1763707547.875978	0.264268	-0.063000	0.337593	-0.057296
1763707547.885042	0.275538	-0.070034	0.355523	-0.057190
1763707547.897609	0.277232	-0.067591	0.358882	-0.057190
1763707547.905015	0.273994	-0.054942	0.334306	-0.056908
1763707547.916002	0.267746	-0.055500	0.318977	-0.056908
1763707547.925225	0.271230	-0.061122	0.331765	-0.056501
1763707547.934548	0.278472	-0.075097	0.359466	-0.056342
1763707547.945750	0.276289	-0.073558	0.356613	-0.056342
1763707547.956373	0.268818	-0.059964	0.332773	-0.056036
1763707547.966077	0.264219	-0.054994	0.322237	-0.055725
1763707547.975779	0.264325	-0.061361	0.338503	-0.055725
1763707547.985605	0.269134	-0.078650	0.347238	-0.055709
1763707547.997433	0.267029	-0.065737	0.331603	-0.055709
1763707548.004960	0.258917	-0.046356	0.327864	-0.055581
1763707548.015400	0.258951	-0.050751	0.327425	-0.055548
1763707548.025693	0.255561	-0.052182	0.331771	-0.055548
1763707548.034456	0.261889	-0.071309	0.331143	-0.055216
1763707548.044954	0.266267	-0.069748	0.338108	-0.055216
1763707548.054938	0.261992	-0.063244	0.344172	-0.055112
1763707548.064798	0.255247	-0.050925	0.334363	-0.054788
1763707548.080228	0.261283	-0.073945	0.331458	-0.054788
1763707548.086012	0.266932	-0.067978	0.350559	-0.054703
1763707548.096823	0.266932	-0.059976	0.342276	-0.054618
1763707548.105318	0.259231	-0.053877	0.316577	-0.054618
1763707548.114965	0.259022	-0.056486	0.316618	-0.054491
1763707548.126338	0.259252	-0.050449	0.313450	-0.054491
1763707548.136174	0.269459	-0.071428	0.342386	-0.054062
1763707548.147274	0.263858	-0.056864	0.320798	-0.053663
1763707548.156807	0.263912	-0.058002	0.323145	-0.053663
1763707548.164883	0.263489	-0.061562	0.316968	-0.053663
1763707548.176464	0.270640	-0.075963	0.339157	-0.053266
1763707548.185110	0.270944	-0.076035	0.339260	-0.052933
1763707548.194905	0.271209	-0.071599	0.315984	-0.052933
1763707548.205153	0.261552	-0.049259	0.313363	-0.052988
1763707548.215042	0.264571	-0.063651	0.312169	-0.052749
1763707548.225190	0.270110	-0.075656	0.325936	-0.052749
1763707548.234949	0.265539	-0.068887	0.316511	-0.052707
1763707548.245418	0.260660	-0.038048	0.311492	-0.052707
1763707548.255368	0.260791	-0.041374	0.311896	-0.052483
1763707548.265409	0.258620	-0.043668	0.307366	-0.052483
1763707548.275382	0.263528	-0.070638	0.309881	-0.052127
1763707548.285101	0.268274	-0.060866	0.323365	-0.051981
1763707548.295080	0.265814	-0.048700	0.317663	-0.051981
1763707548.304954	0.258926	-0.052043	0.310111	-0.051815
1763707548.314735	0.258875	-0.056781	0.310854	-0.051830
1763707548.324997	0.267330	-0.073300	0.305584	-0.051830
1763707548.337970	0.271213	-0.064527	0.332878	-0.051797
1763707548.346974	0.267979	-0.053519	0.333159	-0.051797
1763707548.355385	0.265073	-0.056151	0.294251	-0.051553
1763707548.364902	0.270404	-0.075160	0.328322	-0.051225
1763707548.375313	0.274870	-0.067990	0.335270	-0.051225
1763707548.385071	0.269437	-0.064078	0.320573	-0.050769
1763707548.397510	0.262901	-0.057751	0.294840	-0.050769
1763707548.407081	0.263149	-0.058028	0.295955	-0.050635
1763707548.414661	0.273082	-0.088209	0.335869	-0.050408
1763707548.424912	0.273082	-0.088209	0.335869	-0.050408
1763707548.436304	0.273405	-0.095908	0.331186	-0.050326
1763707548.446901	0.267101	-0.065315	0.327601	-0.050081
1763707548.455596	0.264455	-0.084729	0.307354	-0.050081
1763707548.466050	0.269748	-0.096147	0.321277	-0.050045
1763707548.475648	0.270656	-0.082647	0.328310	-0.050045
1763707548.484770	0.265409	-0.065529	0.311758	-0.050136
1763707548.496124	0.258515	-0.056336	0.308137	-0.050136
1763707548.505581	0.261914	-0.058267	0.320829	-0.049810
1763707548.514711	0.267973	-0.079949	0.302793	-0.049596
1763707548.525389	0.269181	-0.075320	0.323022	-0.049596
1763707548.534309	0.264155	-0.054276	0.333261	-0.049386
1763707548.544540	0.259947	-0.054099	0.294039	-0.049386
1763707548.555017	0.260608	-0.054444	0.293905	-0.049238
1763707548.564828	0.266725	-0.065650	0.298446	-0.049238
1763707548.576543	0.271823	-0.056654	0.320674	-0.049092
1763707548.585584	0.266563	-0.051466	0.322412	-0.048714
1763707548.596045	0.260760	-0.046833	0.282098	-0.048714
1763707548.607858	0.266056	-0.070345	0.303218	-0.048052
1763707548.615057	0.266005	-0.070221	0.305242	-0.048052
1763707548.625024	0.268886	-0.079879	0.323613	-0.048052
1763707548.634582	0.265886	-0.066263	0.314132	-0.047947
1763707548.645400	0.258478	-0.059171	0.278268	-0.047947
1763707548.655363	0.258935	-0.069794	0.293173	-0.047870
1763707548.665857	0.265574	-0.081816	0.320768	-0.047912
1763707548.674971	0.269116	-0.087143	0.311561	-0.047912
1763707548.684548	0.263478	-0.061624	0.292294	-0.047719
1763707548.696049	0.255332	-0.043266	0.299162	-0.047719
1763707548.704833	0.258448	-0.067767	0.293371	-0.047621
1763707548.715339	0.265304	-0.091834	0.288757	-0.047582
1763707548.725152	0.265047	-0.086845	0.312560	-0.047582
1763707548.736092	0.263640	-0.062465	0.309801	-0.047420
1763707548.745072	0.258915	-0.062366	0.292576	-0.047420
1763707548.754947	0.263144	-0.083804	0.282874	-0.047471
1763707548.769828	0.269285	-0.091033	0.321759	-0.047372
1763707548.777014	0.271007	-0.096126	0.310074	-0.047372
1763707548.784567	0.264042	-0.086080	0.307939	-0.047184
1763707548.794991	0.261585	-0.083680	0.279886	-0.047184
1763707548.805042	0.270628	-0.089845	0.291557	-0.046825
1763707548.814837	0.273765	-0.100387	0.321283	-0.046516
1763707548.826828	0.273765	-0.100387	0.321283	-0.046516
1763707548.834603	0.272010	-0.093380	0.295289	-0.046247
1763707548.845419	0.261073	-0.073485	0.271862	-0.046247
1763707548.855308	0.266146	-0.109736	0.281476	-0.045971
1763707548.865262	0.266309	-0.119787	0.286368	-0.045989
1763707548.876414	0.271567	-0.116946	0.296811	-0.045989
1763707548.885427	0.265230	-0.114504	0.284533	-0.046024
1763707548.895183	0.257846	-0.096004	0.272761	-0.046024
1763707548.906441	0.257876	-0.103588	0.275265	-0.045833
1763707548.915052	0.268162	-0.133387	0.284966	-0.045833
1763707548.925241	0.267867	-0.123410	0.293525	-0.045577
1763707548.935530	0.261703	-0.088911	0.290035	-0.045503
1763707548.945219	0.258154	-0.093999	0.260022	-0.045503
1763707548.954494	0.259311	-0.104909	0.271263	-0.045625
1763707548.965065	0.270304	-0.109630	0.285867	-0.045625
1763707548.975186	0.270090	-0.100082	0.284796	-0.045565
1763707548.985880	0.264932	-0.092793	0.289508	-0.045219
1763707548.995034	0.260368	-0.094818	0.262321	-0.045219
1763707549.006725	0.267738	-0.100655	0.282797	-0.044475
1763707549.014644	0.267708	-0.100379	0.283938	-0.044475
1763707549.024932	0.270445	-0.100077	0.299188	-0.044475
1763707549.036308	0.265745	-0.083288	0.292383	-0.044342
1763707549.048055	0.261554	-0.087146	0.283494	-0.044300
1763707549.056611	0.261623	-0.102179	0.289450	-0.044094
1763707549.064771	0.268233	-0.119497	0.304893	-0.044094
1763707549.074952	0.270991	-0.127367	0.312110	-0.044094
1763707549.085061	0.266387	-0.115494	0.298148	-0.044094
1763707549.095571	0.258294	-0.103465	0.276716	-0.043915
1763707549.105056	0.259417	-0.100517	0.274180	-0.043883
1763707549.114586	0.265315	-0.104528	0.287689	-0.043732
1763707549.124963	0.267285	-0.111532	0.291910	-0.043732
1763707549.135776	0.263956	-0.092173	0.275206	-0.043632
1763707549.147426	0.257647	-0.070970	0.276804	-0.043582
1763707549.156223	0.258386	-0.078068	0.276283	-0.043305
1763707549.165829	0.267179	-0.091047	0.287086	-0.043305
1763707549.175637	0.267179	-0.091047	0.287086	-0.043305
1763707549.184587	0.261676	-0.073766	0.290942	-0.043114
1763707549.194901	0.259229	-0.062670	0.275347	-0.043114
1763707549.205515	0.265625	-0.087772	0.261415	-0.043039
1763707549.214702	0.271556	-0.096252	0.289824	-0.042970
1763707549.225334	0.270731	-0.088387	0.304298	-0.042970
1763707549.235855	0.267827	-0.078383	0.288258	-0.042814
1763707549.245280	0.262699	-0.084436	0.263851	-0.042814
1763707549.256088	0.266626	-0.099518	0.262020	-0.042518
1763707549.266042	0.273092	-0.088048	0.309782	-0.042325
1763707549.276598	0.267390	-0.073760	0.285619	-0.042034
1763707549.284797	0.263321	-0.059724	0.276832	-0.042034
1763707549.294906	0.266053	-0.075647	0.287844	-0.042034
1763707549.305121	0.266111	-0.081699	0.289746	-0.041845
1763707549.316651	0.272504	-0.091019	0.311582	-0.041595
1763707549.326209	0.272504	-0.091019	0.311582	-0.041595
1763707549.334556	0.265346	-0.085809	0.296062	-0.041385
1763707549.344865	0.258965	-0.083740	0.271897	-0.041385
1763707549.354880	0.263247	-0.100353	0.295266	-0.041239
1763707549.368121	0.270517	-0.112535	0.304899	-0.041125
1763707549.376853	0.263609	-0.085450	0.308171	-0.041125
1763707549.384616	0.259835	-0.082608	0.297011	-0.040931
1763707549.395043	0.259835	-0.082608	0.297011	-0.040931
1763707549.404725	0.267345	-0.106356	0.312479	-0.040857
1763707549.418499	0.267345	-0.098245	0.314534	-0.040636
1763707549.426759	0.268057	-0.093888	0.314921	-0.040636
1763707549.435761	0.264897	-0.075881	0.320886	-0.040390
1763707549.447183	0.264449	-0.090156	0.301995	-0.040246
1763707549.460016	0.271629	-0.096830	0.324180	-0.040068
1763707549.466429	0.271718	-0.109408	0.332574	-0.040068
1763707549.475684	0.271718	-0.109408	0.332574	-0.040068
1763707549.484653	0.266328	-0.082902	0.325609	-0.039886
1763707549.494931	0.260095	-0.078638	0.291821	-0.039886
1763707549.506159	0.268454	-0.101984	0.321688	-0.039443
1763707549.514847	0.268464	-0.101649	0.322341	-0.039443
1763707549.525356	0.269386	-0.099388	0.334129	-0.039443
1763707549.534997	0.258271	-0.090239	0.295564	-0.039122
1763707549.545059	0.258271	-0.090239	0.295564	-0.039122
1763707549.554638	0.258516	-0.082887	0.317509	-0.038823
1763707549.565051	0.264295	-0.108163	0.317257	-0.038823
1763707549.575548	0.266270	-0.114698	0.328068	-0.038540
1763707549.588189	0.253133	-0.073073	0.291134	-0.038404
1763707549.594987	0.253133	-0.073073	0.291134	-0.038404
1763707549.604556	0.253794	-0.074073	0.297451	-0.038351
1763707549.615040	0.260821	-0.091079	0.321238	-0.038351
1763707549.625122	0.262977	-0.088575	0.318228	-0.038156
1763707549.635394	0.254912	-0.056069	0.310232	-0.038010
1763707549.646104	0.262183	-0.074053	0.301313	-0.037909
1763707549.654677	0.261988	-0.073593	0.301964	-0.037909
1763707549.665064	0.267154	-0.081593	0.327006	-0.037909
1763707549.675755	0.267094	-0.073658	0.329679	-0.037733
1763707549.686391	0.264751	-0.075010	0.298986	-0.037614
1763707549.696090	0.264751	-0.075010	0.298986	-0.037614
1763707549.704802	0.276784	-0.090282	0.336080	-0.037421
1763707549.714605	0.272319	-0.073302	0.337272	-0.037181
1763707549.726458	0.272319	-0.082739	0.333961	-0.036828
1763707549.736636	0.274241	-0.098479	0.325973	-0.036828
1763707549.746902	0.274241	-0.098479	0.325973	-0.036828
1763707549.755114	0.275307	-0.106052	0.341182	-0.036488
1763707549.764582	0.273781	-0.101066	0.308645	-0.036051
1763707549.775362	0.265853	-0.083543	0.300396	-0.036051
1763707549.784915	0.262202	-0.078179	0.311441	-0.035755
1763707549.795145	0.267134	-0.102047	0.307496	-0.035755
1763707549.805397	0.272045	-0.096025	0.315871	-0.035470
1763707549.814498	0.268812	-0.083594	0.307113	-0.035275
1763707549.824994	0.259461	-0.064707	0.294338	-0.035275
1763707549.834701	0.256496	-0.059418	0.280166	-0.035130
1763707549.845829	0.261371	-0.072513	0.291435	-0.035130
1763707549.857733	0.265205	-0.084618	0.308789	-0.035048
1763707549.865317	0.265104	-0.076556	0.300619	-0.035048
1763707549.874955	0.259108	-0.049447	0.292763	-0.034961
1763707549.884876	0.255113	-0.062302	0.298838	-0.034982
1763707549.895172	0.262312	-0.082094	0.293254	-0.034982
1763707549.906903	0.268206	-0.081059	0.313906	-0.034895
1763707549.916651	0.263367	-0.064008	0.306636	-0.034701
1763707549.925328	0.259982	-0.048649	0.297759	-0.034701
1763707549.934922	0.263748	-0.063699	0.287649	-0.034491
1763707549.945402	0.271179	-0.076425	0.305573	-0.034491
1763707549.955113	0.271901	-0.067724	0.330487	-0.034304
1763707549.965381	0.271901	-0.067724	0.330487	-0.034304
1763707549.974539	0.263941	-0.072155	0.292464	-0.034157
1763707549.984456	0.266771	-0.099707	0.290115	-0.033855
1763707549.994618	0.273615	-0.097461	0.314546	-0.033855
1763707550.004213	0.272400	-0.111985	0.329623	-0.033584
1763707550.014810	0.268474	-0.102439	0.307252	-0.033347
1763707550.025130	0.264466	-0.089128	0.284468	-0.033347
1763707550.034850	0.267067	-0.091155	0.305095	-0.032979
1763707550.045257	0.270952	-0.111045	0.321762	-0.032979
1763707550.055028	0.272421	-0.103445	0.323783	-0.032730
1763707550.065298	0.265795	-0.080392	0.309248	-0.032730
1763707550.075230	0.258244	-0.074799	0.279614	-0.032369
1763707550.084536	0.260295	-0.074812	0.285193	-0.032217
1763707550.097006	0.267320	-0.089243	0.303938	-0.032217
1763707550.104718	0.268247	-0.086799	0.300824	-0.031864
1763707550.115742	0.263371	-0.068546	0.290222	-0.031864
1763707550.125261	0.258125	-0.051205	0.272286	-0.031518
1763707550.134707	0.261114	-0.067152	0.285529	-0.031441
1763707550.145045	0.267193	-0.090088	0.298520	-0.031441
1763707550.154782	0.267583	-0.071971	0.300453	-0.031267
1763707550.165064	0.267583	-0.071971	0.300453	-0.031267
1763707550.177873	0.253742	-0.058672	0.270610	-0.030921
1763707550.184904	0.258492	-0.063487	0.287803	-0.030921
1763707550.194800	0.266604	-0.081650	0.289681	-0.030921
1763707550.204709	0.265046	-0.079363	0.294458	-0.030794
1763707550.215117	0.257998	-0.053976	0.304531	-0.030572
1763707550.226293	0.258966	-0.065852	0.276765	-0.030572
1763707550.234835	0.264503	-0.084259	0.286937	-0.030423
1763707550.245693	0.267120	-0.080573	0.308824	-0.030423
1763707550.254880	0.264266	-0.057564	0.298899	-0.030445
1763707550.264305	0.261005	-0.057588	0.286148	-0.030199
1763707550.277796	0.271306	-0.058660	0.274738	-0.029788
1763707550.285060	0.274952	-0.052252	0.297478	-0.029788
1763707550.296379	0.271315	-0.041630	0.295953	-0.029788
1763707550.304659	0.266986	-0.020304	0.276127	-0.029415
1763707550.315254	0.269857	-0.037423	0.254518	-0.029415
1763707550.324802	0.270119	-0.035783	0.255755	-0.029228
1763707550.335258	0.275831	-0.041437	0.303654	-0.028876
1763707550.346218	0.272659	-0.030555	0.289095	-0.028876
1763707550.355160	0.266793	-0.039515	0.266640	-0.028576
1763707550.364530	0.267860	-0.051767	0.271936	-0.028379
1763707550.375388	0.273912	-0.060168	0.284776	-0.028379
1763707550.385098	0.274876	-0.074254	0.306084	-0.028105
1763707550.394983	0.267314	-0.066267	0.306740	-0.028105
1763707550.404725	0.261405	-0.061013	0.266050	-0.027602
1763707550.414613	0.261433	-0.057568	0.259561	-0.027153
1763707550.424986	0.262195	-0.071898	0.289704	-0.027153
1763707550.434958	0.265861	-0.076687	0.303577	-0.026749
1763707550.445587	0.266281	-0.073231	0.285717	-0.026749
1763707550.454956	0.259539	-0.055675	0.272223	-0.026495
1763707550.464914	0.254429	-0.048473	0.271198	-0.026495
1763707550.476341	0.260047	-0.065402	0.281556	-0.026275
1763707550.485793	0.266338	-0.081569	0.308478	-0.026079
1763707550.497715	0.262440	-0.078936	0.303451	-0.026079
1763707550.504948	0.255254	-0.068799	0.270681	-0.025839
1763707550.515060	0.256222	-0.065790	0.278680	-0.025839
1763707550.524806	0.261776	-0.096789	0.305967	-0.025660
1763707550.534572	0.266716	-0.098342	0.306734	-0.025436
1763707550.545152	0.262108	-0.073824	0.295210	-0.025436
1763707550.555599	0.261753	-0.077093	0.296128	-0.025308
1763707550.564569	0.259987	-0.103397	0.285882	-0.025141
1763707550.574815	0.268436	-0.111462	0.310037	-0.025141
1763707550.585185	0.263972	-0.109070	0.296185	-0.025215
1763707550.595319	0.257611	-0.086495	0.278454	-0.025215
1763707550.605321	0.258899	-0.092896	0.283731	-0.025087
1763707550.614965	0.268041	-0.124566	0.296547	-0.025087
1763707550.624857	0.269466	-0.119409	0.308174	-0.025197
1763707550.634566	0.264969	-0.090215	0.283767	-0.025262
1763707550.644728	0.259296	-0.091223	0.273130	-0.025262
1763707550.655047	0.263519	-0.103421	0.301401	-0.025321
1763707550.664675	0.270676	-0.110698	0.297580	-0.025239
1763707550.674673	0.268312	-0.098367	0.294278	-0.025239
1763707550.684330	0.268352	-0.092680	0.293995	-0.025018
1763707550.694838	0.263806	-0.087061	0.282408	-0.025018
1763707550.706042	0.270920	-0.099061	0.289737	-0.024886
1763707550.715286	0.270862	-0.098147	0.301827	-0.024886
1763707550.725290	0.266754	-0.067566	0.303539	-0.024906
1763707550.734735	0.260951	-0.062217	0.288408	-0.024877
1763707550.744726	0.260951	-0.062217	0.288408	-0.024877
1763707550.756164	0.268207	-0.081779	0.291305	-0.024694
1763707550.766264	0.270191	-0.076569	0.301277	-0.024694
1763707550.775053	0.265532	-0.068375	0.303113	-0.024694
1763707550.785180	0.261365	-0.071469	0.292100	-0.024410
1763707550.796292	0.264750	-0.083748	0.273211	-0.024410
1763707550.804837	0.269839	-0.093563	0.298181	-0.024178
1763707550.817755	0.270486	-0.089309	0.313650	-0.023749
1763707550.825450	0.266428	-0.075117	0.291000	-0.023749
1763707550.834908	0.260039	-0.067090	0.263629	-0.023610
1763707550.845505	0.263115	-0.082275	0.271934	-0.023610
1763707550.855053	0.271531	-0.081084	0.297040	-0.023368
1763707550.865393	0.270186	-0.079675	0.310325	-0.023368
1763707550.876293	0.261327	-0.063757	0.283286	-0.022847
1763707550.884692	0.257095	-0.054485	0.254932	-0.022847
1763707550.896572	0.259347	-0.055551	0.270798	-0.022847
1763707550.904718	0.262726	-0.085559	0.290003	-0.022728
1763707550.916639	0.265018	-0.083228	0.298912	-0.022728
1763707550.926400	0.259383	-0.069246	0.283087	-0.022501
1763707550.935397	0.253658	-0.076519	0.258660	-0.022447
1763707550.945473	0.258030	-0.088274	0.284430	-0.022447
1763707550.955845	0.265954	-0.101098	0.315280	-0.022398
1763707550.965635	0.264906	-0.102512	0.292746	-0.022398
1763707550.976647	0.255749	-0.081069	0.282743	-0.022363
1763707550.984644	0.254503	-0.070405	0.277877	-0.022248
1763707550.995087	0.263535	-0.101235	0.287349	-0.022248
1763707551.004711	0.265177	-0.095355	0.304823	-0.022427
1763707551.015683	0.262676	-0.071217	0.279481	-0.022417
1763707551.025460	0.257616	-0.059290	0.269229	-0.022417
1763707551.034650	0.261736	-0.084436	0.289847	-0.022472
1763707551.044924	0.261736	-0.084436	0.289847	-0.022472
1763707551.055075	0.266802	-0.069595	0.286687	-0.022458
1763707551.065177	0.258506	-0.049909	0.263993	-0.022415
1763707551.078523	0.261767	-0.052396	0.275184	-0.022415
1763707551.085500	0.271546	-0.069240	0.288163	-0.022462
1763707551.095159	0.271546	-0.069240	0.288163	-0.022462
1763707551.105985	0.265584	-0.054544	0.265843	-0.022419
1763707551.115643	0.268909	-0.076562	0.277670	-0.022419
1763707551.125125	0.268909	-0.076562	0.277670	-0.022419
1763707551.135221	0.273855	-0.080606	0.285811	-0.022420
1763707551.144981	0.265078	-0.063273	0.271020	-0.022420
1763707551.155099	0.265535	-0.056222	0.272230	-0.022384
1763707551.164943	0.267266	-0.059142	0.264771	-0.022384
1763707551.174819	0.273746	-0.073592	0.274527	-0.022247
1763707551.185072	0.272993	-0.062163	0.299638	-0.022044
1763707551.198924	0.272993	-0.062163	0.299638	-0.022044
1763707551.206453	0.266979	-0.061408	0.254909	-0.021951
1763707551.216216	0.269781	-0.071503	0.277596	-0.021974
1763707551.225495	0.269781	-0.071503	0.277596	-0.021974
1763707551.235303	0.273854	-0.070551	0.291491	-0.021836
1763707551.246699	0.265159	-0.056156	0.271516	-0.021836
1763707551.256076	0.260057	-0.053151	0.253168	-0.021500
1763707551.265446	0.264022	-0.059238	0.255253	-0.021104
1763707551.276267	0.267907	-0.068930	0.284064	-0.021104
1763707551.285286	0.265837	-0.076102	0.294521	-0.020945
1763707551.297079	0.261290	-0.055738	0.264748	-0.020945
1763707551.304677	0.255076	-0.043592	0.244177	-0.020943
1763707551.315021	0.255076	-0.043592	0.244177	-0.020943
1763707551.326102	0.255600	-0.054240	0.268346	-0.020940
1763707551.334768	0.267269	-0.072050	0.285844	-0.020784
1763707551.347832	0.259959	-0.069676	0.263461	-0.020607
1763707551.355606	0.259703	-0.069231	0.263176	-0.020607
1763707551.366423	0.255879	-0.063703	0.259894	-0.020749
1763707551.375645	0.262469	-0.083298	0.272614	-0.020749
1763707551.385311	0.269887	-0.095050	0.284267	-0.020920
1763707551.399055	0.264074	-0.076796	0.287258	-0.020998
1763707551.405389	0.260751	-0.060829	0.257737	-0.020998
1763707551.414460	0.263928	-0.076760	0.283531	-0.021082
1763707551.425356	0.271473	-0.099587	0.293293	-0.021082
1763707551.434438	0.272127	-0.081170	0.295529	-0.021039
1763707551.444558	0.263589	-0.064710	0.288057	-0.021039
1763707551.456723	0.262608	-0.067818	0.268198	-0.021003
1763707551.465257	0.268233	-0.077149	0.285211	-0.021062
1763707551.475518	0.274376	-0.087548	0.290276	-0.021062
1763707551.484822	0.269937	-0.066864	0.308869	-0.021160
1763707551.495564	0.266429	-0.063727	0.286107	-0.021160
1763707551.507078	0.269050	-0.075684	0.275069	-0.020954
1763707551.515159	0.271510	-0.092865	0.290033	-0.020954
1763707551.525360	0.271510	-0.092865	0.290033	-0.020954
1763707551.534596	0.272943	-0.066090	0.306030	-0.020817
1763707551.545470	0.266867	-0.071835	0.264995	-0.020817
1763707551.556612	0.265547	-0.064349	0.270390	-0.020206
1763707551.564887	0.271746	-0.070695	0.301432	-0.020206
1763707551.574956	0.273199	-0.084859	0.303377	-0.020206
1763707551.584269	0.273271	-0.083853	0.304718	-0.019923
1763707551.594539	0.259324	-0.053360	0.274003	-0.019923
1763707551.604493	0.258294	-0.065625	0.275870	-0.019909
1763707551.614836	0.261543	-0.083661	0.296347	-0.019909
1763707551.624444	0.261447	-0.087081	0.296368	-0.019898
1763707551.635177	0.262481	-0.089412	0.289786	-0.019847
1763707551.645821	0.255102	-0.071978	0.269817	-0.019847
1763707551.656892	0.252065	-0.064583	0.289911	-0.019870
1763707551.665015	0.260642	-0.090135	0.289268	-0.019870
1763707551.675740	0.265746	-0.097126	0.300069	-0.019870
1763707551.684708	0.257533	-0.077042	0.291462	-0.019783
1763707551.695092	0.253960	-0.060006	0.269503	-0.019783
1763707551.704694	0.257462	-0.082281	0.289223	-0.019774
1763707551.715162	0.266160	-0.100076	0.289641	-0.019774
1763707551.724882	0.265831	-0.092730	0.288604	-0.019840
1763707551.735401	0.259696	-0.060120	0.284148	-0.019903
1763707551.748439	0.259671	-0.067224	0.292758	-0.019782
1763707551.756323	0.267617	-0.086642	0.283590	-0.019782
1763707551.765652	0.271075	-0.082187	0.301749	-0.019726
1763707551.775555	0.267053	-0.072388	0.306954	-0.019726
1763707551.785442	0.266945	-0.075457	0.308414	-0.019489
1763707551.796027	0.269506	-0.091320	0.283272	-0.019489
1763707551.805089	0.269527	-0.091407	0.284249	-0.019197
1763707551.815979	0.274671	-0.081442	0.320105	-0.019197
1763707551.827914	0.270125	-0.070129	0.291895	-0.019015
1763707551.835514	0.264160	-0.055350	0.283907	-0.018956
1763707551.845190	0.268721	-0.070360	0.285814	-0.018956
1763707551.855018	0.275187	-0.072976	0.299057	-0.018711
1763707551.864986	0.272527	-0.070217	0.319437	-0.018711
1763707551.874845	0.267913	-0.047497	0.290548	-0.018463
1763707551.885381	0.268014	-0.045969	0.289069	-0.018263
1763707551.895597	0.261540	-0.037474	0.281691	-0.018263
1763707551.905130	0.265501	-0.064069	0.302063	-0.018101
1763707551.914575	0.269235	-0.069488	0.306456	-0.018107
1763707551.925006	0.269235	-0.069488	0.306456	-0.018107
1763707551.937039	0.255526	-0.050108	0.285689	-0.018047
1763707551.944609	0.255526	-0.050108	0.285689	-0.018047
1763707551.954933	0.262469	-0.070812	0.286580	-0.018047
1763707551.965690	0.263486	-0.079460	0.312839	-0.017910
1763707551.975841	0.259657	-0.069668	0.298445	-0.017910
1763707551.985142	0.253550	-0.046746	0.264170	-0.018006
1763707551.995139	0.252524	-0.053136	0.285011	-0.018006
1763707552.004892	0.251978	-0.051627	0.280179	-0.018069
1763707552.014660	0.263898	-0.055415	0.287070	-0.018149
1763707552.024950	0.257123	-0.039292	0.279273	-0.018149
1763707552.034520	0.254121	-0.034688	0.266667	-0.018209
1763707552.044703	0.263376	-0.050058	0.282496	-0.018209
1763707552.055145	0.269109	-0.066949	0.286763	-0.018255
1763707552.064227	0.263884	-0.032502	0.297875	-0.018213
1763707552.074543	0.261872	-0.032635	0.262788	-0.018213
1763707552.084664	0.266404	-0.053048	0.281384	-0.018288
1763707552.098388	0.274603	-0.057572	0.292482	-0.018288
1763707552.104398	0.274230	-0.031208	0.304171	-0.018309
1763707552.115033	0.268625	-0.034022	0.286778	-0.018309
1763707552.124961	0.270227	-0.015946	0.282082	-0.018066
1763707552.134796	0.276331	-0.031114	0.277318	-0.017867
1763707552.145593	0.278405	-0.026895	0.308773	-0.017867
1763707552.155315	0.274220	-0.023347	0.307768	-0.017586
1763707552.165088	0.272015	-0.023498	0.263454	-0.017586
1763707552.175041	0.271570	-0.028764	0.283035	-0.017378
1763707552.184660	0.277063	-0.053098	0.317255	-0.017107
1763707552.196027	0.280429	-0.056255	0.319229	-0.017107
1763707552.204955	0.275558	-0.042692	0.320812	-0.016806
1763707552.214543	0.265323	-0.027994	0.307408	-0.016806
1763707552.224695	0.265651	-0.026204	0.308444	-0.016468
1763707552.235488	0.265225	-0.049078	0.295408	-0.016200
1763707552.248734	0.267532	-0.066046	0.321175	-0.016200
1763707552.257258	0.267036	-0.053314	0.327736	-0.015991
1763707552.264878	0.262522	-0.037585	0.305192	-0.015991
1763707552.274911	0.252418	-0.029341	0.283696	-0.015986
1763707552.284621	0.252348	-0.033325	0.286026	-0.015970
1763707552.294949	0.264829	-0.058310	0.321628	-0.015970
1763707552.305628	0.264520	-0.065150	0.319460	-0.015949
1763707552.314838	0.253904	-0.046568	0.298253	-0.015859
1763707552.324889	0.253817	-0.055917	0.286228	-0.015859
1763707552.334743	0.253282	-0.046422	0.281840	-0.015842
1763707552.345030	0.264251	-0.068464	0.313971	-0.015842
1763707552.355328	0.261893	-0.045862	0.286716	-0.015915
1763707552.364983	0.255734	-0.040189	0.289393	-0.015915
1763707552.375178	0.262836	-0.063750	0.292199	-0.015951
1763707552.384619	0.271157	-0.062599	0.301694	-0.015737
1763707552.394984	0.263989	-0.047783	0.287777	-0.015737
1763707552.406557	0.258445	-0.026758	0.280176	-0.015569
1763707552.415033	0.265121	-0.048651	0.286955	-0.015488
1763707552.424972	0.265121	-0.048651	0.286955	-0.015488
1763707552.435382	0.270121	-0.039172	0.293729	-0.015413
1763707552.445245	0.265169	-0.023009	0.280130	-0.015413
1763707552.454735	0.266082	-0.027752	0.275349	-0.015535
1763707552.469485	0.271450	-0.041675	0.285822	-0.015535
1763707552.476998	0.275433	-0.042745	0.287010	-0.015316
1763707552.484507	0.275692	-0.042098	0.286879	-0.015316
1763707552.494535	0.266469	-0.020524	0.276688	-0.015316
1763707552.505069	0.266807	-0.019810	0.277095	-0.015135
1763707552.514873	0.278967	-0.042105	0.300125	-0.015021
1763707552.526713	0.278967	-0.042105	0.300125	-0.015021
1763707552.536361	0.272610	-0.016657	0.290472	-0.014882
1763707552.545290	0.272610	-0.016657	0.290472	-0.014882
1763707552.555157	0.267950	-0.032420	0.281140	-0.014554
1763707552.567025	0.272268	-0.056006	0.271835	-0.014331
1763707552.577312	0.277111	-0.042963	0.284953	-0.013963
1763707552.584903	0.268908	-0.031867	0.291804	-0.013963
1763707552.594745	0.268908	-0.031867	0.291804	-0.013963
1763707552.604576	0.267750	-0.042504	0.270391	-0.013527
1763707552.614868	0.271054	-0.058505	0.277079	-0.013527
1763707552.627287	0.271635	-0.048542	0.293944	-0.012482
1763707552.634421	0.271635	-0.048542	0.293944	-0.012482
1763707552.644866	0.259203	-0.032947	0.261364	-0.012482
1763707552.654530	0.259293	-0.033114	0.261357	-0.012171
1763707552.664313	0.263763	-0.049175	0.277572	-0.011769
1763707552.676386	0.263763	-0.049175	0.277572	-0.011769
1763707552.685402	0.261737	-0.063331	0.295415	-0.011394
1763707552.694914	0.257114	-0.055730	0.267651	-0.011394
1763707552.731669	0.260389	-0.065525	0.294719	-0.010323
1763707552.738526	0.256103	-0.070497	0.258031	-0.010323
1763707552.749510	0.259676	-0.086433	0.279637	-0.009910
1763707552.757334	0.259388	-0.089414	0.279444	-0.009443
1763707552.767302	0.266801	-0.091000	0.310237	-0.009443
1763707552.777154	0.265812	-0.094578	0.299487	-0.009267
1763707552.787475	0.258044	-0.083959	0.288296	-0.009267
1763707552.798851	0.258337	-0.087471	0.273893	-0.008995
1763707552.806803	0.264932	-0.106629	0.281398	-0.008995
1763707552.817951	0.264572	-0.103174	0.274574	-0.008702
1763707552.827356	0.260738	-0.093541	0.280039	-0.008435
1763707552.839183	0.255785	-0.092274	0.244441	-0.008435
1763707552.848053	0.258574	-0.112121	0.269663	-0.008215
1763707552.858135	0.258574	-0.112121	0.269663	-0.008215
1763707552.866781	0.265859	-0.113138	0.288031	-0.007960
1763707552.878531	0.256941	-0.106031	0.285520	-0.007430
1763707552.887236	0.256941	-0.106031	0.285520	-0.007430
1763707552.900290	0.265213	-0.116412	0.267473	-0.006982
1763707552.907393	0.265588	-0.123825	0.298429	-0.006678
1763707552.917890	0.261933	-0.111032	0.283816	-0.006678
1763707552.927165	0.261829	-0.109159	0.283837	-0.006394
1763707552.940289	0.264981	-0.132074	0.263803	-0.006394
1763707552.948214	0.270902	-0.126687	0.297073	-0.006232
1763707552.956853	0.270902	-0.126687	0.297073	-0.006232
1763707552.967484	0.260722	-0.125180	0.244831	-0.006084
1763707552.977513	0.260761	-0.126032	0.243593	-0.005871
1763707552.987725	0.270475	-0.133123	0.286041	-0.005871
1763707552.998764	0.270594	-0.129903	0.280988	-0.005767
1763707553.007520	0.262432	-0.115820	0.263104	-0.005553
1763707553.018035	0.262432	-0.115820	0.263104	-0.005553
1763707553.027558	0.272076	-0.135708	0.257633	-0.005248
1763707553.036760	0.272537	-0.127490	0.295417	-0.005248
1763707553.047873	0.268917	-0.115303	0.281583	-0.004893
1763707553.061279	0.264561	-0.122641	0.246477	-0.004547
1763707553.066839	0.264295	-0.128167	0.267270	-0.004547
1763707553.076802	0.264518	-0.127420	0.270547	-0.004383
1763707553.086880	0.271925	-0.137860	0.283332	-0.004383
1763707553.098597	0.272029	-0.142936	0.285632	-0.004002
1763707553.107333	0.260814	-0.132716	0.262430	-0.004002
1763707553.118068	0.266887	-0.154446	0.256044	-0.003638
1763707553.126721	0.271985	-0.149602	0.300183	-0.003409
1763707553.138565	0.269544	-0.147105	0.302233	-0.003409
1763707553.148111	0.264731	-0.130291	0.270829	-0.003180
1763707553.158106	0.260907	-0.134012	0.258090	-0.003180
1763707553.167797	0.264566	-0.144571	0.279713	-0.002876
1763707553.177481	0.268702	-0.139421	0.294261	-0.002661
1763707553.187148	0.267410	-0.132057	0.287621	-0.002661
1763707553.198298	0.258720	-0.123317	0.273142	-0.002611
1763707553.206974	0.256996	-0.124359	0.257010	-0.002611
1763707553.218883	0.264685	-0.139590	0.261401	-0.002457
1763707553.228069	0.264548	-0.149217	0.264587	-0.002149
1763707553.236748	0.262409	-0.142533	0.296558	-0.002149
1763707553.247647	0.257063	-0.141303	0.251388	-0.002070
1763707553.256760	0.257063	-0.141303	0.251388	-0.002070
1763707553.270415	0.261167	-0.161175	0.295956	-0.001995
1763707553.280072	0.263650	-0.148995	0.296458	-0.001915
1763707553.286872	0.257722	-0.132083	0.292892	-0.001915
1763707553.297494	0.252609	-0.134886	0.269368	-0.001751
1763707553.306722	0.260630	-0.148749	0.274748	-0.001683
1763707553.316824	0.266146	-0.146712	0.316529	-0.001683
1763707553.328198	0.262146	-0.140450	0.308223	-0.001652
1763707553.336812	0.257691	-0.130025	0.269160	-0.001652
1763707553.348380	0.259234	-0.151203	0.277785	-0.001534
1763707553.357117	0.265345	-0.160150	0.315396	-0.001367
1763707553.366756	0.265659	-0.143769	0.317824	-0.001367
1763707553.377624	0.260136	-0.149121	0.280843	-0.001350
1763707553.386976	0.259540	-0.151315	0.287560	-0.001350
1763707553.398022	0.269591	-0.163079	0.315291	-0.001172
1763707553.408141	0.269566	-0.147999	0.311504	-0.001065
1763707553.417279	0.261593	-0.131813	0.305485	-0.001065
1763707553.429691	0.258426	-0.120691	0.274604	-0.001076
1763707553.438021	0.267797	-0.139280	0.316965	-0.001076
1763707553.447141	0.264565	-0.121723	0.310402	-0.001122
1763707553.458428	0.264582	-0.115863	0.307447	-0.000997
1763707553.466909	0.261034	-0.111028	0.263762	-0.000997
1763707553.476903	0.258910	-0.112499	0.276722	-0.001053
1763707553.487411	0.266025	-0.124881	0.304958	-0.001053
1763707553.497861	0.269928	-0.125449	0.300655	-0.000914
1763707553.506783	0.261095	-0.113139	0.291342	-0.000901
1763707553.518358	0.261814	-0.120342	0.264943	-0.000901
1763707553.526746	0.261546	-0.124116	0.268431	-0.000800
1763707553.537384	0.266200	-0.129845	0.304400	-0.000800
1763707553.547870	0.263154	-0.133436	0.306684	-0.000748
1763707553.558313	0.259366	-0.118047	0.267133	-0.000733
1763707553.567713	0.257216	-0.116866	0.266121	-0.000733
1763707553.577959	0.262254	-0.137116	0.300713	-0.000756
1763707553.589148	0.261719	-0.124128	0.282189	-0.000756
1763707553.598360	0.261507	-0.115863	0.278143	-0.000650
1763707553.607670	0.256006	-0.107573	0.252612	-0.000654
1763707553.617382	0.256006	-0.107573	0.252612	-0.000654
1763707553.626793	0.263618	-0.110881	0.280624	-0.000940
1763707553.638128	0.261154	-0.119508	0.287124	-0.000940
1763707553.648062	0.257352	-0.104372	0.254088	-0.001235
1763707553.656899	0.256323	-0.101827	0.244485	-0.001235
1763707553.666863	0.265344	-0.135008	0.283411	-0.001550
1763707553.677004	0.264469	-0.112919	0.268259	-0.001768
1763707553.686760	0.256560	-0.103367	0.235145	-0.001768
1763707553.697899	0.256406	-0.092708	0.226740	-0.001980
1763707553.707249	0.258071	-0.090834	0.237896	-0.002000
1763707553.717393	0.268587	-0.112055	0.262009	-0.002000
1763707553.727411	0.261510	-0.083572	0.238337	-0.002053
1763707553.737207	0.265409	-0.074885	0.219469	-0.002053
1763707553.749096	0.271990	-0.107298	0.252014	-0.002164
1763707553.757045	0.272360	-0.120458	0.255030	-0.002303
1763707553.766998	0.267610	-0.090688	0.233792	-0.002303
1763707553.777036	0.265760	-0.089652	0.216135	-0.002463
1763707553.786967	0.271666	-0.114262	0.243463	-0.002463
1763707553.799130	0.276917	-0.119501	0.275091	-0.002813
1763707553.807117	0.272132	-0.100166	0.246083	-0.003052
1763707553.816861	0.264826	-0.092269	0.223091	-0.003052
1763707553.826660	0.264589	-0.090652	0.248968	-0.003233
1763707553.836938	0.271587	-0.120718	0.258013	-0.003233
1763707553.848741	0.266165	-0.087380	0.256991	-0.003421
1763707553.861501	0.266165	-0.090044	0.258997	-0.003711
1763707553.866879	0.262648	-0.086349	0.223519	-0.003711
1763707553.877134	0.267005	-0.095144	0.238595	-0.003904
1763707553.886854	0.273777	-0.101505	0.278802	-0.003904
1763707553.898901	0.273903	-0.081904	0.252240	-0.004252
1763707553.908751	0.260479	-0.049077	0.246516	-0.004567
1763707553.917145	0.260479	-0.049077	0.246516	-0.004567
1763707553.926861	0.267259	-0.069222	0.252819	-0.004798
1763707553.938436	0.273391	-0.081359	0.251685	-0.004798
1763707553.948090	0.268580	-0.057769	0.257342	-0.005124
1763707553.959063	0.263175	-0.037584	0.237504	-0.005369
1763707553.967248	0.265274	-0.042027	0.236583	-0.005369
1763707553.976839	0.271808	-0.059080	0.255883	-0.005907
1763707553.987853	0.274072	-0.052485	0.258015	-0.005907
1763707553.997144	0.268535	-0.015329	0.241619	-0.006170
1763707554.006963	0.260546	-0.018252	0.235616	-0.006599
1763707554.018697	0.264392	-0.030310	0.238328	-0.006599
1763707554.026825	0.264498	-0.030340	0.240224	-0.006751
1763707554.036805	0.272279	-0.032180	0.246392	-0.006751
1763707554.047326	0.266213	-0.011937	0.266247	-0.006936
1763707554.057117	0.263991	-0.010819	0.250768	-0.006936
1763707554.068107	0.270503	-0.033589	0.235718	-0.006985
1763707554.076895	0.273153	-0.032724	0.272785	-0.007074
1763707554.086736	0.273153	-0.032724	0.272785	-0.007074
1763707554.096997	0.267221	-0.013851	0.265137	-0.007152
1763707554.106736	0.262840	-0.018805	0.239447	-0.007152
1763707554.117354	0.262945	-0.029940	0.244684	-0.007226
1763707554.127755	0.268576	-0.053532	0.245881	-0.007247
1763707554.137856	0.271807	-0.055840	0.280439	-0.007247
1763707554.148303	0.264961	-0.047378	0.261930	-0.007103
1763707554.157243	0.260535	-0.043614	0.257566	-0.006990
1763707554.167244	0.264513	-0.063886	0.265051	-0.006990
1763707554.177086	0.267979	-0.073177	0.292831	-0.007033
1763707554.186826	0.267979	-0.073177	0.292831	-0.007033
1763707554.197545	0.260384	-0.061236	0.274881	-0.007210
1763707554.206807	0.257650	-0.060008	0.261249	-0.007210
1763707554.217164	0.262190	-0.077561	0.286560	-0.007214
1763707554.227357	0.269320	-0.090069	0.301442	-0.007281
1763707554.236784	0.269320	-0.090069	0.301442	-0.007281
1763707554.247390	0.255426	-0.055520	0.267098	-0.007364
1763707554.256918	0.255426	-0.055520	0.267098	-0.007364
1763707554.266954	0.258024	-0.054914	0.264540	-0.007569
1763707554.279782	0.264885	-0.068415	0.283634	-0.007804
1763707554.287604	0.265205	-0.064783	0.290978	-0.007804
1763707554.299048	0.261520	-0.042383	0.270726	-0.007987
1763707554.307266	0.255915	-0.048970	0.278458	-0.008173
1763707554.316844	0.262976	-0.082283	0.292324	-0.008173
1763707554.327602	0.269898	-0.072288	0.304439	-0.008384
1763707554.337687	0.257799	-0.053542	0.279539	-0.008384
1763707554.348933	0.261577	-0.063826	0.296237	-0.008498
1763707554.357314	0.261560	-0.062118	0.296182	-0.008561
1763707554.367100	0.272467	-0.085028	0.295831	-0.008561
1763707554.377542	0.266181	-0.055320	0.284912	-0.008526
1763707554.387277	0.266181	-0.055320	0.284912	-0.008526
1763707554.397103	0.271888	-0.086870	0.291966	-0.008592
1763707554.407032	0.272170	-0.083545	0.288195	-0.008608
1763707554.417154	0.271245	-0.057837	0.295059	-0.008608
1763707554.427434	0.271571	-0.059011	0.296403	-0.008637
1763707554.439001	0.268710	-0.068933	0.263198	-0.008637
1763707554.448063	0.271679	-0.071683	0.278390	-0.008302
1763707554.458641	0.278411	-0.082645	0.300323	-0.008130
1763707554.466932	0.269662	-0.068691	0.289357	-0.008130
1763707554.477616	0.265967	-0.074626	0.256560	-0.008150
1763707554.490438	0.267769	-0.084228	0.280816	-0.008150
1763707554.498034	0.271619	-0.098154	0.307204	-0.008102
1763707554.506982	0.271849	-0.105344	0.307279	-0.008184
1763707554.517114	0.266314	-0.092872	0.280124	-0.008184
1763707554.526492	0.266308	-0.088290	0.276075	-0.008173
1763707554.536369	0.257002	-0.079434	0.292182	-0.008173
1763707554.547148	0.263581	-0.105867	0.296111	-0.008331
1763707554.556392	0.267049	-0.116214	0.291479	-0.008520
1763707554.566601	0.257468	-0.096452	0.291725	-0.008520
1763707554.578066	0.250645	-0.092627	0.260480	-0.008557
1763707554.588331	0.250645	-0.092627	0.260480	-0.008557
1763707554.599488	0.255703	-0.098405	0.261721	-0.008727
1763707554.606982	0.261714	-0.118009	0.282555	-0.008727
1763707554.617021	0.256327	-0.082314	0.275718	-0.009010
1763707554.628411	0.255866	-0.094857	0.265666	-0.009219
1763707554.637903	0.263869	-0.115873	0.279449	-0.009219
1763707554.647746	0.265367	-0.096327	0.281765	-0.009400
1763707554.660981	0.261656	-0.073774	0.280309	-0.009400
1763707554.667118	0.259218	-0.075369	0.268407	-0.009570
1763707554.678155	0.273614	-0.086722	0.278602	-0.009672
1763707554.687154	0.269375	-0.065520	0.280262	-0.009672
1763707554.698289	0.267100	-0.079701	0.251145	-0.009665
1763707554.707322	0.273034	-0.096870	0.256984	-0.009665
1763707554.716880	0.276912	-0.097888	0.297072	-0.009679
1763707554.727708	0.277256	-0.103954	0.298280	-0.009557
1763707554.736748	0.270489	-0.087138	0.261758	-0.009557
1763707554.747274	0.268056	-0.084227	0.255764	-0.009457
1763707554.758503	0.268056	-0.084227	0.255764	-0.009457
1763707554.767063	0.277792	-0.080066	0.277135	-0.011551
1763707554.777801	0.272976	-0.085058	0.262188	-0.010129
1763707554.787602	0.266173	-0.065263	0.240929	-0.010129
1763707554.797717	0.266638	-0.068020	0.243815	-0.009550
1763707554.807306	0.265508	-0.084454	0.263204	-0.009278
1763707554.819690	0.265508	-0.084454	0.263204	-0.009278
1763707554.827695	0.270091	-0.103546	0.272986	-0.009303
1763707554.837095	0.269572	-0.102777	0.277808	-0.009303
1763707554.848682	0.263382	-0.080571	0.270506	-0.009339
1763707554.859123	0.259847	-0.090347	0.255601	-0.009339
1763707554.868222	0.265937	-0.103691	0.286131	-0.009418
1763707554.877712	0.266304	-0.108379	0.269091	-0.009654
1763707554.888118	0.258601	-0.084244	0.266606	-0.009654
1763707554.898997	0.258356	-0.086133	0.268694	-0.009882
1763707554.907594	0.262609	-0.103972	0.265881	-0.009882
1763707554.919060	0.267506	-0.106787	0.285276	-0.010039
1763707554.927492	0.266839	-0.104557	0.285085	-0.010024
1763707554.937259	0.263850	-0.097975	0.276978	-0.010024
1763707554.948062	0.256742	-0.091765	0.273782	-0.010171
1763707554.957160	0.263893	-0.123648	0.262400	-0.010177
1763707554.967425	0.268393	-0.110564	0.288068	-0.010177
1763707554.977105	0.268095	-0.103721	0.283387	-0.010164
1763707554.986924	0.261233	-0.093573	0.273323	-0.010164
1763707554.997989	0.267081	-0.102803	0.252873	-0.010098
1763707555.006800	0.272981	-0.094487	0.276025	-0.010188
1763707555.018143	0.270773	-0.097142	0.282829	-0.010188
1763707555.027644	0.267758	-0.068862	0.276360	-0.010158
1763707555.037458	0.266161	-0.076646	0.249494	-0.010158
1763707555.047405	0.266465	-0.080506	0.247132	-0.010069
1763707555.057283	0.275486	-0.087043	0.294306	-0.009795
1763707555.066601	0.278759	-0.091730	0.288180	-0.009795
1763707555.076993	0.272707	-0.080619	0.273030	-0.009612
1763707555.086611	0.264239	-0.070906	0.261220	-0.009612
1763707555.099057	0.266009	-0.063723	0.251117	-0.009662
1763707555.107778	0.270101	-0.080606	0.257410	-0.009662
1763707555.118168	0.271434	-0.090725	0.290193	-0.009741
1763707555.129510	0.269336	-0.091740	0.264547	-0.009655
1763707555.137780	0.263869	-0.064033	0.255524	-0.009655
1763707555.147720	0.259805	-0.062618	0.259837	-0.009648
1763707555.157342	0.263485	-0.095609	0.267596	-0.009642
1763707555.167118	0.268730	-0.100811	0.287553	-0.009642
1763707555.177592	0.267275	-0.091593	0.276759	-0.009776
1763707555.187042	0.258917	-0.084431	0.255167	-0.009776
1763707555.198329	0.255654	-0.082764	0.256652	-0.009874
1763707555.207337	0.255418	-0.081324	0.255506	-0.009948
1763707555.217719	0.270916	-0.115245	0.273840	-0.009948
1763707555.227316	0.266192	-0.094271	0.283171	-0.010036
1763707555.237483	0.261085	-0.077257	0.262264	-0.010036
1763707555.247836	0.264085	-0.089100	0.270512	-0.009998
1763707555.256803	0.269103	-0.112500	0.280645	-0.010052
1763707555.266671	0.272920	-0.101462	0.288357	-0.010052
1763707555.277188	0.272853	-0.091147	0.288425	-0.010273
1763707555.288152	0.265447	-0.078226	0.267891	-0.010273
1763707555.297861	0.271210	-0.084460	0.274626	-0.010138
1763707555.306933	0.278890	-0.078937	0.279560	-0.010133
1763707555.316842	0.274967	-0.068180	0.294125	-0.010133
1763707555.327003	0.275220	-0.061089	0.291403	-0.010189
1763707555.336922	0.269850	-0.051367	0.269805	-0.010189
1763707555.347558	0.272880	-0.067826	0.260777	-0.010137
1763707555.356831	0.277363	-0.067405	0.286582	-0.010137
1763707555.367378	0.277793	-0.059595	0.300079	-0.009941
1763707555.377765	0.271871	-0.047817	0.293217	-0.009838
1763707555.388035	0.266280	-0.052937	0.245629	-0.009838
1763707555.398374	0.263079	-0.046084	0.272188	-0.009765
1763707555.406914	0.265409	-0.053318	0.276223	-0.009613
1763707555.416897	0.265409	-0.053318	0.276223	-0.009613
1763707555.427219	0.268917	-0.062237	0.273796	-0.009511
1763707555.437248	0.261528	-0.049297	0.275333	-0.009511
1763707555.449925	0.261200	-0.051101	0.276716	-0.009385
1763707555.458347	0.258405	-0.038491	0.273813	-0.009385
1763707555.466763	0.262029	-0.071162	0.284640	-0.009362
1763707555.477108	0.266484	-0.078814	0.299788	-0.009382
1763707555.487135	0.261911	-0.056870	0.283130	-0.009382
1763707555.499087	0.252712	-0.052986	0.254857	-0.009439
1763707555.508753	0.254546	-0.053653	0.263671	-0.009459
1763707555.517110	0.262778	-0.073066	0.281997	-0.009459
1763707555.527291	0.262153	-0.075421	0.282612	-0.009518
1763707555.537101	0.259179	-0.054275	0.277216	-0.009518
1763707555.547238	0.255421	-0.049858	0.260942	-0.009518
1763707555.557617	0.261809	-0.057319	0.267981	-0.009511
1763707555.567198	0.261809	-0.057319	0.267981	-0.009511
1763707555.576936	0.265662	-0.049759	0.266153	-0.009625
1763707555.586998	0.265662	-0.049759	0.266153	-0.009625
1763707555.597164	0.263216	-0.044226	0.265415	-0.009786
1763707555.609727	0.272832	-0.063482	0.270385	-0.009919
1763707555.619217	0.275285	-0.058666	0.264768	-0.009919
1763707555.626844	0.265937	-0.036580	0.279453	-0.009870
1763707555.636861	0.268100	-0.039386	0.254826	-0.009870
1763707555.647647	0.273832	-0.060015	0.247092	-0.009777
1763707555.656961	0.279024	-0.068027	0.268246	-0.009739
1763707555.667897	0.276757	-0.048529	0.283574	-0.009739
1763707555.678298	0.277028	-0.048616	0.280000	-0.009744
1763707555.687283	0.270503	-0.047994	0.232804	-0.009744
1763707555.698033	0.271281	-0.073085	0.243002	-0.009545
1763707555.707141	0.275869	-0.076031	0.268223	-0.009263
1763707555.717186	0.276962	-0.073495	0.272096	-0.009263
1763707555.726804	0.277212	-0.075933	0.268821	-0.009140
1763707555.736951	0.269034	-0.075049	0.269208	-0.009140
1763707555.747368	0.265147	-0.058127	0.239690	-0.009024
1763707555.756709	0.265147	-0.058127	0.239690	-0.009024
1763707555.767356	0.268193	-0.088397	0.272559	-0.008871
1763707555.779961	0.266193	-0.079007	0.254451	-0.009005
1763707555.787535	0.258303	-0.050758	0.251010	-0.009005
1763707555.797873	0.252088	-0.044166	0.207726	-0.008927
1763707555.806798	0.252764	-0.046676	0.236877	-0.008890
1763707555.817576	0.258929	-0.063421	0.255701	-0.008890
1763707555.827522	0.262270	-0.071765	0.252248	-0.008908
1763707555.837843	0.257090	-0.054916	0.248687	-0.008908
1763707555.847169	0.250856	-0.039873	0.228988	-0.008950
1763707555.856822	0.255737	-0.050700	0.225029	-0.008950
1763707555.867632	0.255306	-0.043798	0.221946	-0.009009
1763707555.877222	0.261306	-0.056760	0.245085	-0.009045
1763707555.888348	0.256983	-0.026065	0.236133	-0.009045
1763707555.898218	0.256653	-0.027451	0.238658	-0.008879
1763707555.907168	0.264515	-0.062208	0.255115	-0.008889
1763707555.917130	0.269231	-0.057860	0.256994	-0.008889
1763707555.927476	0.269137	-0.066744	0.261975	-0.009023
1763707555.937428	0.259596	-0.048617	0.243743	-0.009023
1763707555.947168	0.267431	-0.061574	0.237242	-0.009065
1763707555.957088	0.273160	-0.078187	0.258719	-0.009093
1763707555.967025	0.273160	-0.078187	0.258719	-0.009093
1763707555.976949	0.269020	-0.049317	0.260483	-0.009037
1763707555.987204	0.268594	-0.057175	0.237208	-0.009037
1763707555.997092	0.270346	-0.068693	0.254002	-0.009049
1763707556.006887	0.276023	-0.057412	0.274409	-0.008817
1763707556.016856	0.275949	-0.056254	0.271204	-0.008817
1763707556.026904	0.269896	-0.043270	0.261255	-0.008595
1763707556.037445	0.269896	-0.043270	0.261255	-0.008595
1763707556.047546	0.269967	-0.025685	0.256521	-0.008502
1763707556.057310	0.274574	-0.042510	0.269690	-0.008494
1763707556.066673	0.273824	-0.047059	0.283985	-0.008494
1763707556.078555	0.261202	-0.019318	0.250079	-0.008494
1763707556.089920	0.256451	-0.026252	0.236714	-0.008446
1763707556.097250	0.256521	-0.029706	0.238726	-0.008536
1763707556.106890	0.259232	-0.046291	0.261730	-0.008693
1763707556.116864	0.259232	-0.046291	0.261730	-0.008693
1763707556.128524	0.258283	-0.050425	0.269841	-0.008583
1763707556.137586	0.252492	-0.038524	0.259512	-0.008583
1763707556.148168	0.257612	-0.053196	0.261179	-0.008699
1763707556.157028	0.263377	-0.082266	0.279014	-0.008740
1763707556.167154	0.263160	-0.081117	0.283708	-0.008740
1763707556.178728	0.258591	-0.062512	0.273132	-0.008786
1763707556.187644	0.254910	-0.069051	0.264615	-0.008786
1763707556.197699	0.254468	-0.058491	0.262145	-0.008919
1763707556.207524	0.267436	-0.064984	0.287397	-0.009051
1763707556.216842	0.266220	-0.065395	0.275782	-0.009051
1763707556.228939	0.259458	-0.045383	0.279745	-0.009187
1763707556.238033	0.258711	-0.051629	0.256234	-0.009187
1763707556.248244	0.265096	-0.065749	0.260935	-0.009125
1763707556.257704	0.269636	-0.070590	0.286407	-0.009133
1763707556.267007	0.269619	-0.061552	0.289736	-0.009133
1763707556.278261	0.265943	-0.058113	0.251477	-0.009091
1763707556.286914	0.263081	-0.056507	0.251839	-0.009091
1763707556.297285	0.263256	-0.056968	0.252423	-0.009036
1763707556.307798	0.274252	-0.068763	0.282940	-0.008998
1763707556.316847	0.270958	-0.071118	0.273387	-0.008998
1763707556.328400	0.271151	-0.073034	0.273781	-0.008946
1763707556.337718	0.264708	-0.045521	0.264080	-0.008946
1763707556.347275	0.270231	-0.075184	0.251252	-0.008966
1763707556.358745	0.273981	-0.086463	0.278312	-0.008966
1763707556.369912	0.271884	-0.074374	0.272743	-0.009082
1763707556.377311	0.272175	-0.074846	0.273928	-0.009178
1763707556.387547	0.259885	-0.050266	0.248025	-0.009178
1763707556.396880	0.260074	-0.051157	0.246486	-0.009305
1763707556.407747	0.263462	-0.068182	0.271376	-0.009305
1763707556.419671	0.271122	-0.074129	0.275218	-0.009461
1763707556.429020	0.271172	-0.073310	0.275959	-0.009701
1763707556.438808	0.258763	-0.049978	0.263623	-0.009701
1763707556.448089	0.258737	-0.054141	0.265306	-0.009844
1763707556.460607	0.263252	-0.051713	0.257770	-0.010012
1763707556.471378	0.266144	-0.066404	0.267465	-0.010012
1763707556.480044	0.264299	-0.036599	0.272898	-0.010100
1763707556.487606	0.260686	-0.040939	0.258190	-0.010100
1763707556.498385	0.264329	-0.056997	0.257890	-0.010030
1763707556.506928	0.264329	-0.060140	0.258371	-0.009843
1763707556.516723	0.270407	-0.051683	0.291103	-0.009843
1763707556.528319	0.273024	-0.063297	0.283010	-0.009843
1763707556.538120	0.266618	-0.058962	0.289021	-0.009693
1763707556.547648	0.263431	-0.063723	0.264470	-0.009542
1763707556.557257	0.263632	-0.059925	0.262608	-0.009675
1763707556.567130	0.273835	-0.083667	0.299891	-0.009675
1763707556.577563	0.275499	-0.092827	0.293773	-0.009759
1763707556.588474	0.275499	-0.092827	0.293773	-0.009759
1763707556.597839	0.269933	-0.063220	0.287641	-0.009730
1763707556.606872	0.263294	-0.056891	0.262186	-0.009794
1763707556.617447	0.263557	-0.065569	0.274636	-0.009794
1763707556.627451	0.268077	-0.075235	0.290966	-0.009794
1763707556.638695	0.271629	-0.086367	0.287014	-0.009794
1763707556.647517	0.267766	-0.084128	0.273124	-0.009745
1763707556.656835	0.259209	-0.058646	0.271789	-0.009771
1763707556.666785	0.263586	-0.075601	0.267597	-0.009771
1763707556.676965	0.263414	-0.076374	0.266983	-0.009731
1763707556.687254	0.264941	-0.085345	0.291309	-0.009731
1763707556.697366	0.266001	-0.082728	0.287549	-0.009612
1763707556.706851	0.258238	-0.071123	0.270339	-0.009612
1763707556.716864	0.259356	-0.067327	0.271767	-0.009482
1763707556.728341	0.259234	-0.064040	0.273080	-0.009325
1763707556.738904	0.264769	-0.072368	0.277900	-0.009325
1763707556.748271	0.269720	-0.085531	0.297608	-0.009269
1763707556.756767	0.258930	-0.057056	0.261130	-0.009131
1763707556.766710	0.258635	-0.047590	0.262768	-0.009131
1763707556.776810	0.258610	-0.050914	0.267401	-0.009037
1763707556.787097	0.263054	-0.080768	0.287708	-0.009037
1763707556.798466	0.266405	-0.072018	0.293216	-0.008943
1763707556.806890	0.266249	-0.065894	0.289447	-0.008939
1763707556.816777	0.259934	-0.054931	0.269307	-0.008939
1763707556.826800	0.255996	-0.048420	0.279552	-0.009140
1763707556.836822	0.269323	-0.082986	0.284402	-0.009140
1763707556.849324	0.269226	-0.084513	0.285241	-0.009145
1763707556.857701	0.261126	-0.050809	0.284155	-0.009145
1763707556.866832	0.262128	-0.049644	0.286221	-0.009107
1763707556.876880	0.262159	-0.054857	0.288293	-0.009175
1763707556.886941	0.266451	-0.087053	0.275003	-0.009175
1763707556.898031	0.270634	-0.078831	0.299694	-0.009158
1763707556.910567	0.267601	-0.068006	0.300892	-0.009158
1763707556.918707	0.261527	-0.061423	0.274717	-0.009144
1763707556.927050	0.269352	-0.086854	0.264005	-0.009071
1763707556.938607	0.273284	-0.081261	0.306862	-0.009071
1763707556.947926	0.273428	-0.082430	0.303188	-0.009047
1763707556.957418	0.271680	-0.086544	0.294265	-0.008861
1763707556.967935	0.260952	-0.062857	0.260687	-0.008861
1763707556.977111	0.261098	-0.064820	0.257965	-0.008746
1763707556.987074	0.263049	-0.087946	0.257406	-0.008746
1763707556.997373	0.267681	-0.086846	0.272212	-0.008733
1763707557.006836	0.268304	-0.088146	0.283575	-0.008743
1763707557.017544	0.264163	-0.082473	0.255587	-0.008743
1763707557.028501	0.258579	-0.064385	0.270032	-0.008673
1763707557.037261	0.268031	-0.094331	0.278747	-0.008673
1763707557.047869	0.260239	-0.079932	0.278937	-0.008752
1763707557.058089	0.255809	-0.062518	0.240692	-0.008752
1763707557.067419	0.256464	-0.069443	0.262200	-0.008844
1763707557.078153	0.261976	-0.087314	0.283022	-0.009004
1763707557.087024	0.266649	-0.082406	0.281247	-0.009004
1763707557.097916	0.261287	-0.052562	0.273948	-0.009113
1763707557.106982	0.254807	-0.048534	0.263765	-0.009327
1763707557.118318	0.259364	-0.049086	0.269383	-0.009327
1763707557.128094	0.259114	-0.045106	0.266410	-0.009510
1763707557.137284	0.268235	-0.061754	0.262464	-0.009510
1763707557.147381	0.263581	-0.043927	0.277755	-0.009628
1763707557.156948	0.263065	-0.037908	0.246896	-0.009628
1763707557.166836	0.266347	-0.052480	0.250167	-0.009553
1763707557.177408	0.272229	-0.064638	0.263297	-0.009465
1763707557.187734	0.274057	-0.051136	0.286562	-0.009465
1763707557.198379	0.269865	-0.029621	0.265740	-0.009498
1763707557.207995	0.264945	-0.028262	0.244699	-0.009484
1763707557.217641	0.267346	-0.035858	0.247148	-0.009484
1763707557.228359	0.267638	-0.047079	0.253440	-0.009377
1763707557.237413	0.275630	-0.058206	0.288758	-0.009377
1763707557.247175	0.270944	-0.054745	0.275042	-0.009310
1763707557.257018	0.266106	-0.043029	0.251265	-0.009222
1763707557.266525	0.263433	-0.033518	0.267242	-0.009222
1763707557.276585	0.265326	-0.054521	0.268390	-0.009061
1763707557.286930	0.270116	-0.058190	0.286546	-0.009061
1763707557.296951	0.269967	-0.055672	0.273388	-0.009035
1763707557.306507	0.263969	-0.042734	0.260664	-0.009035
1763707557.316496	0.258693	-0.029675	0.257355	-0.009012
1763707557.328477	0.258659	-0.030796	0.261631	-0.009028
1763707557.337282	0.270670	-0.058865	0.261312	-0.009028
1763707557.347327	0.268996	-0.043560	0.285140	-0.009129
1763707557.356776	0.263453	-0.025865	0.285392	-0.009092
1763707557.367042	0.263453	-0.025865	0.285392	-0.009092
1763707557.376791	0.260722	-0.021401	0.260424	-0.009003
1763707557.387275	0.261946	-0.031983	0.265604	-0.009003
1763707557.397409	0.267466	-0.046744	0.265888	-0.008970
1763707557.406828	0.271494	-0.043200	0.297675	-0.009050
1763707557.417106	0.269548	-0.051498	0.286520	-0.009050
1763707557.427485	0.264060	-0.038121	0.275986	-0.008962
1763707557.438807	0.261201	-0.032698	0.263571	-0.008962
1763707557.448034	0.266398	-0.047548	0.263086	-0.008926
1763707557.457853	0.270303	-0.061931	0.294352	-0.008849
1763707557.466810	0.266417	-0.038571	0.278868	-0.008849
1763707557.477797	0.260453	-0.036955	0.256731	-0.008737
1763707557.489371	0.261949	-0.039420	0.269186	-0.008737
1763707557.498490	0.268797	-0.055599	0.290208	-0.008662
1763707557.506810	0.270796	-0.073656	0.285176	-0.008605
1763707557.516948	0.270796	-0.073656	0.285176	-0.008605
1763707557.526675	0.259102	-0.029776	0.266963	-0.008592
1763707557.537695	0.260800	-0.039251	0.261460	-0.008592
1763707557.548447	0.260772	-0.043164	0.262244	-0.008565
1763707557.557319	0.265218	-0.060289	0.275869	-0.008705
1763707557.567789	0.267256	-0.052775	0.263008	-0.008705
1763707557.577393	0.258692	-0.022485	0.274773	-0.008789
1763707557.587205	0.256364	-0.030556	0.261300	-0.008789
1763707557.599926	0.256249	-0.035265	0.263527	-0.008820
1763707557.607714	0.268926	-0.054711	0.272012	-0.008820
1763707557.618484	0.268832	-0.055060	0.270687	-0.008809
1763707557.627681	0.268130	-0.040354	0.280340	-0.008809
1763707557.637166	0.264788	-0.021485	0.279007	-0.008809
1763707557.648875	0.263921	-0.029466	0.245533	-0.008590
1763707557.656852	0.265634	-0.041541	0.254217	-0.008260
1763707557.667367	0.271971	-0.038950	0.280378	-0.008260
1763707557.677227	0.273768	-0.044215	0.279837	-0.008083
1763707557.686791	0.269839	-0.038281	0.267555	-0.008083
1763707557.698422	0.268270	-0.036118	0.249618	-0.007982
1763707557.707530	0.273923	-0.042877	0.269463	-0.008003
1763707557.716984	0.273923	-0.042877	0.269463	-0.008003
1763707557.726941	0.273178	-0.058032	0.287663	-0.008001
1763707557.768339	0.265390	-0.067631	0.259138	-0.007957
1763707557.772382	0.269613	-0.070696	0.283013	-0.007957
1763707557.783036	0.268227	-0.068747	0.277079	-0.008077
1763707557.792655	0.261378	-0.060951	0.263364	-0.008077
1763707557.803334	0.255299	-0.043858	0.257239	-0.008196
1763707557.812998	0.256074	-0.045577	0.259461	-0.008196
1763707557.822891	0.258838	-0.070839	0.240848	-0.008228
1763707557.833050	0.259681	-0.049798	0.258212	-0.008329
1763707557.842502	0.256604	-0.040985	0.247899	-0.008329
1763707557.853055	0.256256	-0.037666	0.246794	-0.008411
1763707557.864166	0.256234	-0.046208	0.239774	-0.008362
1763707557.872693	0.263447	-0.050154	0.250488	-0.008362
1763707557.884176	0.267510	-0.043316	0.253165	-0.008253
1763707557.893251	0.263622	-0.032977	0.260716	-0.008253
1763707557.902637	0.262804	-0.029059	0.224181	-0.008313
1763707557.913138	0.273132	-0.045691	0.261607	-0.008261
1763707557.924515	0.273651	-0.044058	0.265247	-0.008261
1763707557.933001	0.273699	-0.042999	0.265695	-0.007953
1763707557.944925	0.263542	-0.025879	0.220609	-0.007953
1763707557.952748	0.263788	-0.033931	0.223319	-0.007804
1763707557.962988	0.267098	-0.049278	0.239980	-0.007815
1763707557.973120	0.272736	-0.054308	0.253798	-0.007815
1763707557.982860	0.273181	-0.059865	0.267301	-0.007815
1763707557.993057	0.268960	-0.060513	0.236890	-0.007799
1763707558.003010	0.261969	-0.047241	0.224985	-0.007748
1763707558.012697	0.265016	-0.070489	0.234421	-0.007817
1763707558.023005	0.265016	-0.070489	0.234421	-0.007817
1763707558.033470	0.266591	-0.072847	0.253333	-0.007878
1763707558.042547	0.262148	-0.052202	0.229729	-0.007878
1763707558.052748	0.262169	-0.050779	0.230500	-0.007704
1763707558.062666	0.259976	-0.058123	0.252501	-0.007704
1763707558.073167	0.259991	-0.056437	0.251511	-0.007782
1763707558.083359	0.268057	-0.062474	0.237614	-0.007942
1763707558.092954	0.267933	-0.058673	0.250793	-0.007942
1763707558.102724	0.258435	-0.034580	0.234664	-0.007913
1763707558.112686	0.258435	-0.034580	0.234664	-0.007913
1763707558.124948	0.264900	-0.045768	0.213785	-0.007898
1763707558.133323	0.270888	-0.055318	0.235424	-0.007913
1763707558.143754	0.270081	-0.049290	0.245889	-0.007913
1763707558.152920	0.267262	-0.032801	0.234332	-0.007825
1763707558.163581	0.262195	-0.041303	0.209101	-0.007825
1763707558.173723	0.270870	-0.049136	0.236175	-0.007713
1763707558.185538	0.274275	-0.053945	0.237120	-0.007579
1763707558.193053	0.274275	-0.053945	0.237120	-0.007579
1763707558.203717	0.263076	-0.042339	0.208783	-0.007510
1763707558.212620	0.263244	-0.048526	0.209440	-0.007362
1763707558.223650	0.266715	-0.042887	0.205094	-0.007362
1763707558.233691	0.269201	-0.062094	0.236754	-0.007149
1763707558.245557	0.270275	-0.074194	0.246387	-0.007149
1763707558.252453	0.267493	-0.060867	0.236266	-0.006875
1763707558.262703	0.260335	-0.048626	0.210316	-0.006875
1763707558.272535	0.258547	-0.057865	0.202672	-0.006864
1763707558.282647	0.258543	-0.058455	0.204138	-0.006823
1763707558.294077	0.265948	-0.080106	0.229522	-0.006823
1763707558.303914	0.257352	-0.061211	0.220943	-0.006773
1763707558.313121	0.253747	-0.061816	0.225226	-0.006829
1763707558.322793	0.261027	-0.089478	0.219248	-0.006829
1763707558.332529	0.265997	-0.101817	0.250981	-0.006717
1763707558.342543	0.262520	-0.087028	0.245739	-0.006717
1763707558.352620	0.262302	-0.089497	0.250942	-0.006552
1763707558.362226	0.258346	-0.082436	0.226808	-0.006474
1763707558.373162	0.267212	-0.116819	0.254658	-0.006474
1763707558.383144	0.270341	-0.109316	0.261401	-0.006406
1763707558.392552	0.270341	-0.109316	0.261401	-0.006406
1763707558.406260	0.262327	-0.083855	0.259623	-0.006443
1763707558.412725	0.258413	-0.092738	0.241941	-0.006443
1763707558.422810	0.264120	-0.099172	0.251391	-0.006443
1763707558.432842	0.269513	-0.107496	0.263561	-0.006469
1763707558.443240	0.263493	-0.072587	0.276257	-0.006469
1763707558.453280	0.263536	-0.063705	0.277357	-0.006386
1763707558.464180	0.261926	-0.073546	0.254401	-0.006206
1763707558.472843	0.266150	-0.088757	0.259215	-0.006206
1763707558.482924	0.270647	-0.078907	0.287505	-0.006031
1763707558.493030	0.269978	-0.079336	0.272295	-0.006031
1763707558.503129	0.260828	-0.064589	0.251618	-0.005833
1763707558.513313	0.260828	-0.064589	0.251618	-0.005833
1763707558.522763	0.269629	-0.088462	0.253832	-0.005390
1763707558.532740	0.273702	-0.091462	0.303549	-0.005232
1763707558.542674	0.268492	-0.086782	0.294799	-0.005232
1763707558.552962	0.263276	-0.076926	0.259283	-0.004928
1763707558.564161	0.261159	-0.089968	0.288684	-0.004694
1763707558.572644	0.261159	-0.089968	0.288684	-0.004694
1763707558.582971	0.265330	-0.096681	0.297560	-0.004480
1763707558.593203	0.263633	-0.093347	0.297615	-0.004480
1763707558.603123	0.256034	-0.086691	0.282798	-0.004295
1763707558.613295	0.258147	-0.095113	0.276837	-0.004295
1763707558.623130	0.262998	-0.111235	0.308824	-0.003971
1763707558.632904	0.261024	-0.100828	0.298426	-0.003841
1763707558.642662	0.255267	-0.080282	0.266196	-0.003841
1763707558.652829	0.252574	-0.063384	0.262700	-0.003722
1763707558.663390	0.252574	-0.063384	0.262700	-0.003722
1763707558.673520	0.262687	-0.083796	0.301889	-0.003500
1763707558.682611	0.262289	-0.088761	0.302803	-0.003382
1763707558.692687	0.257727	-0.077263	0.284642	-0.003382
1763707558.702667	0.251283	-0.070861	0.263170	-0.003186
1763707558.712489	0.265851	-0.089360	0.314403	-0.003186
1763707558.723115	0.265477	-0.089908	0.312399	-0.003025
1763707558.734161	0.265128	-0.087777	0.310485	-0.002944
1763707558.744937	0.256199	-0.062546	0.260338	-0.002944
1763707558.752858	0.256801	-0.077048	0.270885	-0.002959
1763707558.763070	0.265798	-0.089253	0.297083	-0.002959
1763707558.773491	0.258318	-0.080300	0.276023	-0.002939
1763707558.782802	0.258198	-0.079865	0.271200	-0.002896
1763707558.793905	0.264137	-0.086916	0.285563	-0.002896
1763707558.802653	0.268067	-0.102257	0.297447	-0.002822
1763707558.812467	0.263040	-0.080659	0.280543	-0.002822
1763707558.823150	0.262925	-0.090494	0.282188	-0.002913
1763707558.833313	0.257354	-0.067645	0.247682	-0.003011
1763707558.842653	0.259997	-0.085043	0.258473	-0.003011
1763707558.852749	0.266305	-0.094738	0.289664	-0.003164
1763707558.862529	0.260853	-0.080170	0.265771	-0.003194
1763707558.873484	0.258367	-0.073356	0.266085	-0.003194
1763707558.884209	0.266086	-0.093690	0.281384	-0.003351
1763707558.892688	0.270248	-0.101341	0.300146	-0.003351
1763707558.902654	0.263151	-0.077079	0.283524	-0.003407
1763707558.912814	0.259186	-0.068985	0.246027	-0.003407
1763707558.922645	0.259236	-0.068098	0.244825	-0.003303
1763707558.933864	0.261316	-0.084077	0.272602	-0.003308
1763707558.942971	0.266657	-0.094877	0.307807	-0.003308
1763707558.954492	0.262013	-0.070974	0.277303	-0.003242
1763707558.963211	0.257664	-0.065620	0.271442	-0.003167
1763707558.973000	0.264018	-0.087245	0.279742	-0.003167
1763707558.984607	0.269715	-0.094568	0.309452	-0.003125
1763707558.993037	0.264240	-0.081559	0.295808	-0.003125
1763707559.002665	0.258769	-0.070746	0.257175	-0.003199
1763707559.012943	0.258869	-0.074381	0.272987	-0.003199
1763707559.022762	0.265459	-0.091950	0.300605	-0.003325
1763707559.032773	0.268088	-0.085196	0.297963	-0.003534
1763707559.043261	0.262140	-0.064080	0.282140	-0.003534
1763707559.052865	0.255976	-0.058287	0.266241	-0.003662
1763707559.063013	0.255976	-0.058287	0.266241	-0.003662
1763707559.073916	0.267608	-0.073832	0.296369	-0.003774
1763707559.083539	0.263567	-0.063361	0.278175	-0.003920
1763707559.093393	0.257314	-0.041437	0.250222	-0.003920
1763707559.102732	0.257898	-0.055237	0.260707	-0.004007
1763707559.112684	0.265063	-0.079090	0.284988	-0.004007
1763707559.123606	0.265104	-0.076504	0.288507	-0.004070
1763707559.132796	0.270497	-0.068045	0.292397	-0.004115
1763707559.144524	0.258824	-0.048692	0.262361	-0.004115
1763707559.153515	0.265999	-0.063393	0.282229	-0.004158
1763707559.162491	0.271106	-0.072345	0.294854	-0.004158
1763707559.173039	0.271160	-0.075971	0.295971	-0.004288
1763707559.184020	0.267022	-0.055646	0.285048	-0.004527
1763707559.193202	0.259643	-0.033473	0.270877	-0.004527
1763707559.202859	0.269860	-0.077005	0.298884	-0.004737
1763707559.213014	0.269860	-0.077005	0.298884	-0.004737
1763707559.223030	0.269864	-0.058188	0.302204	-0.004796
1763707559.233824	0.261212	-0.051026	0.268861	-0.004874
1763707559.243895	0.259062	-0.052038	0.284458	-0.004874
1763707559.253145	0.269658	-0.073643	0.285711	-0.004933
1763707559.262722	0.264170	-0.053725	0.288473	-0.005070
1763707559.272688	0.257906	-0.043579	0.279314	-0.005070
1763707559.282852	0.263845	-0.055661	0.274838	-0.005000
1763707559.292804	0.263845	-0.055661	0.274838	-0.005000
1763707559.306466	0.270292	-0.057364	0.285267	-0.005040
1763707559.315205	0.263939	-0.031950	0.292149	-0.005136
1763707559.323296	0.260983	-0.048964	0.270380	-0.005136
1763707559.332525	0.268350	-0.059004	0.270244	-0.005213
1763707559.344012	0.274362	-0.054546	0.287188	-0.005213
1763707559.352764	0.274596	-0.051398	0.288936	-0.005157
1763707559.364636	0.266580	-0.032378	0.287503	-0.004926
1763707559.373852	0.266580	-0.032378	0.287503	-0.004926
1763707559.383582	0.270733	-0.044740	0.266881	-0.004757
1763707559.393508	0.275768	-0.053644	0.282193	-0.004757
1763707559.405554	0.275445	-0.048056	0.301847	-0.004522
1763707559.414308	0.266768	-0.034100	0.266533	-0.004221
1763707559.423188	0.266768	-0.034100	0.266533	-0.004221
1763707559.432433	0.269409	-0.051391	0.266373	-0.003719
1763707559.443021	0.275325	-0.047698	0.304191	-0.003719
1763707559.452411	0.275616	-0.045983	0.302602	-0.003504
1763707559.463078	0.268785	-0.042994	0.287878	-0.003504
1763707559.473011	0.262874	-0.035098	0.265106	-0.003176
1763707559.483849	0.267594	-0.059521	0.293595	-0.002839
1763707559.493065	0.267594	-0.059521	0.293595	-0.002839
1763707559.505064	0.263715	-0.044016	0.291667	-0.002691
1763707559.512985	0.263609	-0.053922	0.290039	-0.002565
1763707559.527001	0.256207	-0.041037	0.265953	-0.002565
1763707559.532998	0.259985	-0.072545	0.287132	-0.002536
1763707559.542993	0.264084	-0.071754	0.311395	-0.002536
1763707559.552782	0.259273	-0.067318	0.289979	-0.002501
1763707559.562516	0.250558	-0.070799	0.265251	-0.002556
1763707559.572932	0.251726	-0.062243	0.277869	-0.002556
1763707559.583673	0.258384	-0.090304	0.293881	-0.002527
1763707559.592947	0.258384	-0.090304	0.293881	-0.002527
1763707559.603248	0.253472	-0.064796	0.282738	-0.002296
1763707559.613061	0.253472	-0.064796	0.282738	-0.002296
1763707559.625610	0.251736	-0.073453	0.268388	-0.002235
1763707559.633106	0.259985	-0.100216	0.298968	-0.002239
1763707559.643343	0.258192	-0.076426	0.275467	-0.002239
1763707559.652858	0.251877	-0.084225	0.273772	-0.002368
1763707559.664613	0.262552	-0.104627	0.288320	-0.002368
1763707559.672530	0.267962	-0.121218	0.297168	-0.002456
1763707559.683716	0.261927	-0.104409	0.287587	-0.002452
1763707559.692783	0.260383	-0.101859	0.289693	-0.002452
1763707559.703454	0.269952	-0.134847	0.289354	-0.002505
1763707559.712484	0.271922	-0.132851	0.314804	-0.002438
1763707559.723361	0.271922	-0.132851	0.314804	-0.002438
1763707559.734457	0.266916	-0.098311	0.303381	-0.004747
1763707559.743083	0.267279	-0.120919	0.290605	-0.004747
1763707559.753014	0.267554	-0.117964	0.294103	-0.003359
1763707559.763831	0.273971	-0.107432	0.321268	-0.003359
1763707559.772994	0.274210	-0.096392	0.321361	-0.002571
1763707559.783414	0.266931	-0.085432	0.279770	-0.002348
1763707559.793094	0.266931	-0.085432	0.279770	-0.002348
1763707559.802866	0.270728	-0.088437	0.279857	-0.002211
1763707559.813360	0.273762	-0.092576	0.314215	-0.002211
1763707559.823380	0.274206	-0.099958	0.318730	-0.002099
1763707559.833594	0.263984	-0.088423	0.267874	-0.001913
1763707559.843376	0.263984	-0.088423	0.267874	-0.001913
1763707559.852645	0.265954	-0.096332	0.305549	-0.001788
1763707559.862488	0.272497	-0.114453	0.323907	-0.001788
1763707559.872521	0.265275	-0.097754	0.314988	-0.001951
1763707559.883984	0.265396	-0.101457	0.316797	-0.001866
1763707559.893492	0.259258	-0.087540	0.306829	-0.001866
1763707559.903361	0.264545	-0.122797	0.315946	-0.001898
1763707559.912807	0.267574	-0.116584	0.333241	-0.001747
1763707559.923954	0.264008	-0.099877	0.326596	-0.001747
1763707559.932659	0.263692	-0.102931	0.328077	-0.001769
1763707559.943070	0.258421	-0.098853	0.317090	-0.001769
1763707559.953172	0.265672	-0.114841	0.321450	-0.001648
1763707559.962934	0.269181	-0.113180	0.336966	-0.001648
1763707559.973067	0.268844	-0.110882	0.339583	-0.001586
1763707559.983128	0.263589	-0.097881	0.352982	-0.001501
1763707559.992793	0.260865	-0.095980	0.318316	-0.001501
1763707560.007126	0.261627	-0.099087	0.318511	-0.001509
1763707560.015144	0.271999	-0.098153	0.355222	-0.001506
1763707560.024010	0.266728	-0.090690	0.343017	-0.001506
1763707560.032769	0.266629	-0.080581	0.343327	-0.001349
1763707560.043813	0.259861	-0.063162	0.325823	-0.001349
1763707560.052834	0.259711	-0.057754	0.322620	-0.001258
1763707560.063192	0.264695	-0.082924	0.330525	-0.001258
1763707560.072880	0.266769	-0.100856	0.338879	-0.001165
1763707560.082493	0.257957	-0.059533	0.319271	-0.001143
1763707560.092494	0.257777	-0.066235	0.323155	-0.001143
1763707560.103697	0.263665	-0.088716	0.338162	-0.001200
1763707560.114464	0.263526	-0.099130	0.337206	-0.001291
1763707560.128020	0.263772	-0.083842	0.346585	-0.001291
1763707560.132746	0.263728	-0.086639	0.347870	-0.001342
1763707560.145134	0.263616	-0.086858	0.315995	-0.001342
1763707560.153155	0.263439	-0.091251	0.315623	-0.001411
1763707560.163318	0.267600	-0.098152	0.325165	-0.001277
1763707560.173050	0.269345	-0.077242	0.340577	-0.001277
1763707560.183046	0.263849	-0.079736	0.305997	-0.001211
1763707560.192555	0.266212	-0.083151	0.316786	-0.001211
1763707560.203512	0.274196	-0.096594	0.330690	-0.001137
1763707560.212964	0.274462	-0.095100	0.330740	-0.001041
1763707560.223978	0.268394	-0.079057	0.327848	-0.001041
1763707560.232916	0.265803	-0.069245	0.304275	-0.000942
1763707560.242490	0.267913	-0.079192	0.322468	-0.000942
1763707560.253411	0.273279	-0.103459	0.339812	-0.000934
1763707560.262851	0.274655	-0.094588	0.333902	-0.000934
1763707560.273167	0.267688	-0.068419	0.328468	-0.000971
1763707560.283223	0.267975	-0.072327	0.329051	-0.000987
1763707560.293284	0.259765	-0.069487	0.319875	-0.000987
1763707560.304774	0.266177	-0.088283	0.309828	-0.001052
1763707560.313066	0.266203	-0.083628	0.305767	-0.001221
1763707560.322891	0.267477	-0.093976	0.318160	-0.001221
1763707560.333157	0.265805	-0.076033	0.325621	-0.001214
1763707560.344127	0.259506	-0.067723	0.296460	-0.001214
1763707560.352623	0.259432	-0.063263	0.295077	-0.001170
1763707560.363431	0.267126	-0.069444	0.321206	-0.001170
1763707560.372717	0.266954	-0.065397	0.320868	-0.001051
1763707560.384437	0.268324	-0.078601	0.330972	-0.000834
1763707560.394439	0.262699	-0.061704	0.323816	-0.000834
1763707560.405737	0.265457	-0.073513	0.313869	-0.000731
1763707560.413213	0.265475	-0.068817	0.315183	-0.000680
1763707560.423268	0.270462	-0.079889	0.347796	-0.000680
1763707560.435125	0.270996	-0.074274	0.325399	-0.000505
1763707560.444465	0.270996	-0.074274	0.325399	-0.000505
1763707560.457540	0.270927	-0.085570	0.329139	-0.000657
1763707560.466372	0.261864	-0.067692	0.315732	-0.000672
1763707560.473527	0.267780	-0.090063	0.333500	-0.000672
1763707560.483744	0.264785	-0.086823	0.322638	-0.000616
1763707560.498271	0.260411	-0.058274	0.325025	-0.000616
1763707560.508395	0.258604	-0.082113	0.307156	-0.000715
1763707560.512201	0.263526	-0.083344	0.317692	-0.000715
1763707560.522341	0.264466	-0.079330	0.325298	-0.000715
1763707560.532226	0.261280	-0.074845	0.330838	-0.000602
1763707560.542158	0.257038	-0.068031	0.316309	-0.000602
1763707560.552480	0.256933	-0.069351	0.314553	-0.000398
1763707560.562409	0.260652	-0.074691	0.293429	-0.000398
1763707560.572673	0.269205	-0.092956	0.340135	-0.000322
1763707560.582515	0.265150	-0.071162	0.322489	-0.000298
1763707560.592555	0.265150	-0.071162	0.322489	-0.000298
1763707560.604886	0.261343	-0.077586	0.307554	-0.000118
1763707560.613242	0.261343	-0.077586	0.307554	-0.000118
1763707560.622854	0.270723	-0.097990	0.339713	-0.000170
1763707560.633794	0.268583	-0.093501	0.322486	-0.000195
1763707560.644876	0.260095	-0.068333	0.304591	-0.000195
1763707560.654308	0.263886	-0.085244	0.309267	-0.000117
1763707560.663284	0.267823	-0.086517	0.320254	-0.000117
1763707560.673149	0.267418	-0.079458	0.305818	-0.000150
1763707560.682483	0.267593	-0.072364	0.304703	-0.000319
1763707560.692700	0.258695	-0.055871	0.300527	-0.000319
1763707560.702615	0.265362	-0.054991	0.285516	-0.000394
1763707560.713798	0.265420	-0.054490	0.284726	-0.000464
1763707560.723130	0.269004	-0.066675	0.304910	-0.000464
1763707560.733273	0.270758	-0.052759	0.320036	-0.000321
1763707560.743676	0.261612	-0.043371	0.279970	-0.000321
1763707560.752801	0.262655	-0.039042	0.292428	-0.000312
1763707560.763133	0.269557	-0.050483	0.310191	-0.000184
1763707560.773041	0.273222	-0.061590	0.326017	-0.000184
1763707560.782997	0.269792	-0.051918	0.327384	-0.000126
1763707560.792963	0.264883	-0.030869	0.301588	-0.000126
1763707560.802851	0.260697	-0.036173	0.301182	-0.000140
1763707560.816143	0.263354	-0.043074	0.322061	-0.000140
1763707560.823200	0.263607	-0.047880	0.329951	-0.000105
1763707560.833456	0.268412	-0.058398	0.321933	-0.000215
1763707560.842757	0.268721	-0.054667	0.323840	-0.000215
1763707560.852712	0.260831	-0.022394	0.320576	-0.000248
1763707560.862822	0.263521	-0.035359	0.316412	-0.000307
1763707560.873221	0.267302	-0.051640	0.326371	-0.000307
1763707560.882932	0.272503	-0.040313	0.348910	-0.000392
1763707560.892645	0.269974	-0.037146	0.349226	-0.000392
1763707560.902741	0.262599	-0.028699	0.316766	-0.000345
1763707560.913525	0.262374	-0.023211	0.319141	-0.000374
1763707560.924287	0.262374	-0.023211	0.319141	-0.000374
1763707560.934595	0.266943	-0.047458	0.337360	-0.000383
1763707560.942966	0.271091	-0.063017	0.357877	-0.000383
1763707560.952680	0.270598	-0.055810	0.353336	-0.000382
1763707560.964406	0.258307	-0.040134	0.327656	-0.000382
1763707560.972516	0.262322	-0.051227	0.345165	-0.000389
1763707560.983969	0.262370	-0.054085	0.348946	-0.000455
1763707560.993012	0.267426	-0.068490	0.343347	-0.000455
1763707561.002968	0.263190	-0.043871	0.365472	-0.000500
1763707561.012904	0.263100	-0.040394	0.364142	-0.000421
1763707561.023118	0.260728	-0.042525	0.331130	-0.000421
1763707561.033473	0.262290	-0.048348	0.334783	-0.000466
1763707561.042747	0.267313	-0.055972	0.354574	-0.000466
1763707561.052753	0.272884	-0.064072	0.365737	-0.000475
1763707561.062545	0.267939	-0.056129	0.362799	-0.000475
1763707561.072712	0.262693	-0.043776	0.338307	-0.000434
1763707561.083083	0.267426	-0.074460	0.355225	-0.000444
1763707561.092918	0.272545	-0.081495	0.359040	-0.000444
1763707561.103733	0.270745	-0.068444	0.354942	-0.000522
1763707561.112377	0.270785	-0.075867	0.354993	-0.000563
1763707561.122412	0.263656	-0.065237	0.353448	-0.000563
1763707561.134426	0.261851	-0.079735	0.341237	-0.000711
1763707561.144991	0.266382	-0.081653	0.340568	-0.000711
1763707561.152842	0.269333	-0.095633	0.341434	-0.000929
1763707561.163033	0.269327	-0.093377	0.362823	-0.001108
1763707561.172919	0.265699	-0.078152	0.357183	-0.001108
1763707561.183007	0.261463	-0.081953	0.314963	-0.001230
1763707561.194166	0.263037	-0.079497	0.337979	-0.001230
1763707561.202653	0.263049	-0.075654	0.336234	-0.001145
1763707561.212524	0.271350	-0.100413	0.345889	-0.001145
1763707561.223111	0.264874	-0.080544	0.339658	-0.001297
1763707561.233455	0.257101	-0.062722	0.325292	-0.001426
1763707561.242771	0.265039	-0.090756	0.326250	-0.001426
1763707561.253146	0.265486	-0.092957	0.345408	-0.001621
1763707561.262702	0.265350	-0.084370	0.349623	-0.001765
1763707561.272552	0.261958	-0.074646	0.351510	-0.001765
1763707561.282723	0.258255	-0.087000	0.319701	-0.001800
1763707561.292643	0.261498	-0.085263	0.325081	-0.001800
1763707561.303083	0.266522	-0.094107	0.339970	-0.001926
1763707561.313095	0.266251	-0.092806	0.349238	-0.001903
1763707561.323635	0.260925	-0.072066	0.330873	-0.001903
1763707561.333148	0.258224	-0.063505	0.304043	-0.001761
1763707561.343002	0.262194	-0.079370	0.331400	-0.001761
1763707561.353190	0.268511	-0.095777	0.333516	-0.001717
1763707561.362528	0.269077	-0.086588	0.331995	-0.001717
1763707561.372531	0.260489	-0.060905	0.335277	-0.001853
1763707561.383432	0.258509	-0.065391	0.315375	-0.002004
1763707561.392662	0.264093	-0.069366	0.313006	-0.002004
1763707561.407805	0.268279	-0.090842	0.323588	-0.002358
1763707561.414528	0.270722	-0.081923	0.355434	-0.002611
1763707561.423936	0.267379	-0.073081	0.338825	-0.002611
1763707561.432703	0.261469	-0.081432	0.309898	-0.002668
1763707561.442680	0.261834	-0.079486	0.331203	-0.002668
1763707561.452780	0.268848	-0.105383	0.337871	-0.002819
1763707561.462960	0.271297	-0.107567	0.350576	-0.002874
1763707561.473250	0.264472	-0.096398	0.346221	-0.002874
1763707561.483132	0.260437	-0.080950	0.335471	-0.003043
1763707561.493031	0.262474	-0.083283	0.346307	-0.003043
1763707561.503119	0.266556	-0.114711	0.343061	-0.003098
1763707561.513044	0.266608	-0.114007	0.343900	-0.003201
1763707561.523310	0.269440	-0.107389	0.359521	-0.003201
1763707561.532816	0.260867	-0.091260	0.351222	-0.003423
1763707561.542702	0.258894	-0.085634	0.336996	-0.003423
1763707561.552447	0.264268	-0.094278	0.332539	-0.003479
1763707561.562762	0.269937	-0.110377	0.362251	-0.003492
1763707561.573957	0.269457	-0.107171	0.375732	-0.003492
1763707561.583890	0.265362	-0.084135	0.343208	-0.003442
1763707561.592730	0.259243	-0.077084	0.329712	-0.003442
1763707561.602817	0.260009	-0.087308	0.360030	-0.003536
1763707561.613872	0.266183	-0.104063	0.349448	-0.003691
1763707561.624749	0.268293	-0.098025	0.365777	-0.003691
1763707561.633934	0.262551	-0.093751	0.366307	-0.003891
1763707561.642734	0.261425	-0.081989	0.354899	-0.003891
1763707561.652781	0.261625	-0.085359	0.346241	-0.004032
1763707561.662866	0.265469	-0.105071	0.345992	-0.003991
1763707561.673466	0.269695	-0.100107	0.386371	-0.003991
1763707561.683502	0.268544	-0.106799	0.367517	-0.004002
1763707561.693850	0.261546	-0.090060	0.351303	-0.004002
1763707561.702703	0.259209	-0.090407	0.354208	-0.004027
1763707561.713777	0.267470	-0.105640	0.358340	-0.004027
1763707561.723479	0.271992	-0.115702	0.376565	-0.004187
1763707561.733201	0.269801	-0.106278	0.361726	-0.004231
1763707561.743971	0.269801	-0.106278	0.361726	-0.004231
1763707561.752526	0.263865	-0.077256	0.362155	-0.004250
1763707561.762770	0.261045	-0.088423	0.345457	-0.004250
1763707561.772830	0.265262	-0.103832	0.340084	-0.004380
1763707561.784049	0.268818	-0.095686	0.357364	-0.004416
1763707561.792935	0.271067	-0.097150	0.365883	-0.004416
1763707561.802992	0.271126	-0.097692	0.365610	-0.004244
1763707561.812714	0.263322	-0.076619	0.334433	-0.004244
1763707561.822964	0.265101	-0.101896	0.352662	-0.004228
1763707561.832701	0.269023	-0.110706	0.371290	-0.004243
1763707561.842654	0.267454	-0.099795	0.353630	-0.004243
1763707561.852475	0.259567	-0.081834	0.336425	-0.004264
1763707561.862293	0.256086	-0.076834	0.340041	-0.004264
1763707561.873123	0.262001	-0.081095	0.355721	-0.004360
1763707561.884093	0.268196	-0.099001	0.344109	-0.004513
1763707561.893868	0.265913	-0.085414	0.358287	-0.004513
1763707561.902815	0.259910	-0.065509	0.354156	-0.004640
1763707561.912654	0.257688	-0.068901	0.335529	-0.004819
1763707561.922875	0.259962	-0.082319	0.337450	-0.004819
1763707561.932686	0.267668	-0.083246	0.356359	-0.004775
1763707561.943279	0.269645	-0.091575	0.358996	-0.004775
1763707561.953130	0.263962	-0.077182	0.349565	-0.004707
1763707561.962995	0.257082	-0.068850	0.318165	-0.004733
1763707561.973012	0.260334	-0.070960	0.317170	-0.004733
1763707561.983040	0.264688	-0.091850	0.340058	-0.004627
1763707561.993287	0.269587	-0.094239	0.339264	-0.004627
1763707562.002803	0.261704	-0.058168	0.323182	-0.004585
1763707562.012650	0.257972	-0.066372	0.313559	-0.004585
1763707562.023402	0.263181	-0.071916	0.322140	-0.004534
1763707562.032807	0.263145	-0.073891	0.324821	-0.004551
1763707562.044686	0.267214	-0.075701	0.343927	-0.004551
1763707562.054956	0.267163	-0.074984	0.345241	-0.004533
1763707562.062949	0.265086	-0.065821	0.340688	-0.004388
1763707562.072833	0.262911	-0.062436	0.307453	-0.004388
1763707562.083081	0.263840	-0.070618	0.316246	-0.004194
1763707562.092885	0.270133	-0.074581	0.342332	-0.004194
1763707562.105093	0.266936	-0.067776	0.324832	-0.004136
1763707562.112909	0.267049	-0.066150	0.324274	-0.004224
1763707562.123466	0.261101	-0.052757	0.312835	-0.004224
1763707562.134499	0.264905	-0.058745	0.318800	-0.004330
1763707562.144375	0.272103	-0.079214	0.346661	-0.004330
1763707562.153819	0.272236	-0.073296	0.343556	-0.004449
1763707562.162872	0.268200	-0.050404	0.320192	-0.004495
1763707562.173266	0.258950	-0.050657	0.325621	-0.004495
1763707562.183795	0.258983	-0.053218	0.326007	-0.004542
1763707562.192967	0.265002	-0.062406	0.316075	-0.004542
1763707562.205870	0.268038	-0.063772	0.330640	-0.004738
1763707562.212913	0.266968	-0.071097	0.337152	-0.004728
1763707562.223788	0.262515	-0.052463	0.343848	-0.004728
1763707562.235102	0.260343	-0.058264	0.307819	-0.004734
1763707562.244295	0.267143	-0.081763	0.341372	-0.004734
1763707562.253681	0.267077	-0.080292	0.341057	-0.004745
1763707562.263031	0.268251	-0.071961	0.335345	-0.004642
1763707562.272763	0.260669	-0.052840	0.322460	-0.004642
1763707562.283120	0.256020	-0.048020	0.301128	-0.004639
1763707562.293653	0.268061	-0.073762	0.323563	-0.004639
1763707562.302673	0.265166	-0.074036	0.329089	-0.004673
1763707562.313116	0.265085	-0.079612	0.329668	-0.004797
1763707562.323575	0.257500	-0.057240	0.322532	-0.004797
1763707562.334454	0.258690	-0.080640	0.308846	-0.004847
1763707562.343668	0.264236	-0.089618	0.320049	-0.004847
1763707562.352790	0.264081	-0.092842	0.319987	-0.005131
1763707562.363428	0.265508	-0.077415	0.336494	-0.005131
1763707562.373468	0.255457	-0.074178	0.298294	-0.005139
1763707562.383614	0.255208	-0.072082	0.296938	-0.005264
1763707562.392869	0.258180	-0.076047	0.288683	-0.005264
1763707562.402680	0.264457	-0.083599	0.321710	-0.005351
1763707562.413013	0.262263	-0.065104	0.316111	-0.005351
1763707562.424211	0.257591	-0.064661	0.286631	-0.005423
1763707562.433008	0.260934	-0.079528	0.308668	-0.005486
1763707562.443105	0.260934	-0.079528	0.308668	-0.005486
1763707562.453032	0.266613	-0.089066	0.329839	-0.005525
1763707562.462952	0.267364	-0.075121	0.316173	-0.005589
1763707562.475260	0.258276	-0.056731	0.318979	-0.005589
1763707562.483187	0.260067	-0.068400	0.310584	-0.005717
1763707562.493314	0.270711	-0.088483	0.326356	-0.005717
1763707562.502758	0.270817	-0.086194	0.327550	-0.005877
1763707562.512779	0.264908	-0.057009	0.317148	-0.005942
1763707562.522845	0.261805	-0.063133	0.302431	-0.005942
1763707562.533330	0.262017	-0.064441	0.301034	-0.005884
1763707562.542519	0.268048	-0.076258	0.300579	-0.005884
1763707562.552985	0.274657	-0.078148	0.334936	-0.005788
1763707562.562978	0.272522	-0.084851	0.327141	-0.005582
1763707562.573373	0.261650	-0.054595	0.290847	-0.005582
1763707562.585147	0.261873	-0.055955	0.289969	-0.005592
1763707562.593734	0.268505	-0.086458	0.331152	-0.005592
1763707562.602523	0.270803	-0.086721	0.324564	-0.005799
1763707562.612635	0.270803	-0.086721	0.324564	-0.005799
1763707562.622689	0.264206	-0.066608	0.322485	-0.005804
1763707562.632825	0.257819	-0.069270	0.314109	-0.005986
1763707562.646727	0.259411	-0.071210	0.314042	-0.005986
1763707562.652710	0.266226	-0.080598	0.315839	-0.005965
1763707562.662672	0.264747	-0.070995	0.329794	-0.005899
1763707562.673308	0.264747	-0.070995	0.329794	-0.005899
1763707562.682500	0.258781	-0.060698	0.297535	-0.005794
1763707562.693200	0.264150	-0.075026	0.314705	-0.005794
1763707562.702810	0.270269	-0.078910	0.341781	-0.005716
1763707562.712445	0.267982	-0.087593	0.321662	-0.005716
1763707562.722673	0.260706	-0.052543	0.315170	-0.005782
1763707562.733004	0.258272	-0.044218	0.304609	-0.005833
1763707562.743594	0.265111	-0.063679	0.308756	-0.005833
1763707562.753037	0.269641	-0.072084	0.325664	-0.005797
1763707562.763009	0.268395	-0.058778	0.314555	-0.005797
1763707562.798333	0.262277	-0.046758	0.291671	-0.005973
1763707562.802006	0.267224	-0.053859	0.300164	-0.005973
1763707562.806695	0.265693	-0.050708	0.322463	-0.005973
1763707562.810283	0.265693	-0.050708	0.322463	-0.005973
1763707562.812976	0.265693	-0.050708	0.322463	-0.005973
1763707562.822212	0.261548	-0.036406	0.319995	-0.006038
1763707562.832717	0.258282	-0.030884	0.267247	-0.006016
1763707562.842547	0.257376	-0.033629	0.279190	-0.006016
1763707562.853177	0.260630	-0.049565	0.298218	-0.006099
1763707562.863108	0.265995	-0.056156	0.312288	-0.005973
1763707562.872612	0.261932	-0.052049	0.290468	-0.005973
1763707562.882547	0.256277	-0.037369	0.270250	-0.005842
1763707562.892673	0.259023	-0.039445	0.283862	-0.005842
1763707562.902523	0.266119	-0.063202	0.298831	-0.005669
1763707562.913167	0.265611	-0.060719	0.300352	-0.005669
1763707562.922790	0.260427	-0.025013	0.285061	-0.005553
1763707562.933104	0.256845	-0.033229	0.277481	-0.005659
1763707562.942726	0.262503	-0.054414	0.280055	-0.005659
1763707562.952989	0.269291	-0.052860	0.299270	-0.005527
1763707562.963952	0.269291	-0.052860	0.299270	-0.005527
1763707562.973032	0.261787	-0.025092	0.295314	-0.005597
1763707562.983798	0.262025	-0.033533	0.261852	-0.005540
1763707562.993608	0.265477	-0.044834	0.270705	-0.005540
1763707563.002934	0.270514	-0.058150	0.303430	-0.005557
1763707563.013447	0.270313	-0.040833	0.302335	-0.005515
1763707563.022710	0.270313	-0.040833	0.302335	-0.005515
1763707563.033756	0.264330	-0.026490	0.265368	-0.005587
1763707563.042468	0.262790	-0.036573	0.271876	-0.005587
1763707563.052666	0.269006	-0.046419	0.284692	-0.005612
1763707563.063116	0.269168	-0.055363	0.289095	-0.005578
1763707563.073508	0.260187	-0.025700	0.279370	-0.005578
1763707563.082725	0.257012	-0.026929	0.270628	-0.005610
1763707563.093066	0.260137	-0.049537	0.272114	-0.005610
1763707563.102801	0.260107	-0.048083	0.274221	-0.005505
1763707563.112483	0.264995	-0.042744	0.290394	-0.005505
1763707563.123013	0.261534	-0.028130	0.290771	-0.005408
1763707563.133124	0.256693	-0.035629	0.266980	-0.005261
1763707563.143090	0.263341	-0.034964	0.267573	-0.005261
1763707563.153052	0.269178	-0.045097	0.299753	-0.004972
1763707563.162904	0.268547	-0.042080	0.308461	-0.004972
1763707563.173398	0.262837	-0.029527	0.277985	-0.004969
1763707563.183944	0.258663	-0.034496	0.276633	-0.005126
1763707563.192512	0.263523	-0.058786	0.294800	-0.005126
1763707563.202501	0.271189	-0.062067	0.304883	-0.005153
1763707563.212744	0.267443	-0.058591	0.296077	-0.005153
1763707563.222692	0.267605	-0.068595	0.298717	-0.005169
1763707563.234725	0.259342	-0.052531	0.297412	-0.005481
1763707563.242512	0.264827	-0.071153	0.280109	-0.005481
1763707563.252874	0.267496	-0.084330	0.310342	-0.005511
1763707563.262381	0.269209	-0.076612	0.321104	-0.005360
1763707563.272535	0.265752	-0.062218	0.323412	-0.005360
1763707563.283025	0.259520	-0.064117	0.280666	-0.005161
1763707563.292788	0.261503	-0.057258	0.296189	-0.005161
1763707563.302615	0.266945	-0.081891	0.302521	-0.005068
1763707563.312790	0.270712	-0.085383	0.320461	-0.005003
1763707563.322664	0.265309	-0.073479	0.314269	-0.005003
1763707563.337250	0.262014	-0.057070	0.303973	-0.004942
1763707563.344090	0.262014	-0.057070	0.303973	-0.004942
1763707563.352613	0.266601	-0.085451	0.301297	-0.005024
1763707563.362511	0.269060	-0.076437	0.323195	-0.005024
1763707563.372537	0.268171	-0.075373	0.323060	-0.005195
1763707563.382710	0.262890	-0.062568	0.329217	-0.005234
1763707563.393308	0.263155	-0.056012	0.300391	-0.005234
1763707563.403134	0.267613	-0.080541	0.315296	-0.005240
1763707563.412805	0.271335	-0.087090	0.342339	-0.005394
1763707563.422555	0.268429	-0.076085	0.324832	-0.005394
1763707563.432950	0.262438	-0.056092	0.309239	-0.005436
1763707563.443130	0.258756	-0.060970	0.321304	-0.005436
1763707563.453631	0.265749	-0.076640	0.311466	-0.005595
1763707563.463517	0.265892	-0.069909	0.311877	-0.005635
1763707563.475278	0.270473	-0.081621	0.347771	-0.005635
1763707563.485732	0.267368	-0.071245	0.355397	-0.005780
1763707563.495367	0.260985	-0.067247	0.309312	-0.005780
1763707563.503540	0.259342	-0.073159	0.315211	-0.005946
1763707563.512814	0.262936	-0.085210	0.339731	-0.006027
1763707563.522783	0.262936	-0.085210	0.339731	-0.006027
1763707563.534667	0.269119	-0.100820	0.334442	-0.006258
1763707563.542683	0.263065	-0.082110	0.356856	-0.006258
1763707563.553853	0.261693	-0.071845	0.335640	-0.006456
1763707563.562776	0.261103	-0.086181	0.319164	-0.006673
1763707563.572753	0.263139	-0.093360	0.325036	-0.006673
1763707563.583370	0.269188	-0.103718	0.358931	-0.006754
1763707563.593553	0.272146	-0.105163	0.351047	-0.006754
1763707563.603017	0.272130	-0.110099	0.351098	-0.006902
1763707563.614764	0.260881	-0.085453	0.334177	-0.007099
1763707563.623576	0.265188	-0.095892	0.340187	-0.007099
1763707563.635125	0.269898	-0.113218	0.328784	-0.007205
1763707563.643594	0.270715	-0.108258	0.359059	-0.007205
1763707563.658457	0.272095	-0.101156	0.358158	-0.007377
1763707563.663844	0.268015	-0.090197	0.358125	-0.007512
1763707563.673342	0.261117	-0.088980	0.328759	-0.007512
1763707563.682650	0.262612	-0.076745	0.354563	-0.007528
1763707563.693043	0.266554	-0.102820	0.344468	-0.007528
1763707563.702496	0.270487	-0.109246	0.352918	-0.007570
1763707563.713481	0.268337	-0.104181	0.354930	-0.007570
1763707563.722992	0.267217	-0.083695	0.365680	-0.007633
1763707563.733008	0.263338	-0.086542	0.344215	-0.007759
1763707563.742761	0.263338	-0.086542	0.344215	-0.007759
1763707563.752754	0.264870	-0.086545	0.353644	-0.007912
1763707563.765424	0.271057	-0.095406	0.367648	-0.007912
1763707563.773452	0.269308	-0.098503	0.360564	-0.007887
1763707563.782439	0.265170	-0.080203	0.355158	-0.008061
1763707563.792642	0.262795	-0.072365	0.348456	-0.008061
1763707563.802518	0.264988	-0.093111	0.340945	-0.008138
1763707563.812550	0.266867	-0.103131	0.359985	-0.008337
1763707563.823197	0.270848	-0.104422	0.375076	-0.008337
1763707563.833053	0.270530	-0.098047	0.382578	-0.008386
1763707563.842529	0.264414	-0.086848	0.366363	-0.008386
1763707563.852804	0.261390	-0.071253	0.358696	-0.008387
1763707563.863132	0.266394	-0.085992	0.367311	-0.008387
1763707563.872630	0.271118	-0.101988	0.365904	-0.008462
1763707563.883084	0.270972	-0.095756	0.375697	-0.008465
1763707563.892833	0.269107	-0.084607	0.374496	-0.008465
1763707563.902665	0.264644	-0.084206	0.365841	-0.008421
1763707563.912642	0.262596	-0.085595	0.348728	-0.008421
1763707563.922831	0.267886	-0.091343	0.369996	-0.008470
1763707563.934192	0.273514	-0.111910	0.378449	-0.008524
1763707563.942744	0.272905	-0.115849	0.384716	-0.008524
1763707563.952549	0.265399	-0.096608	0.370392	-0.008701
1763707563.962534	0.261526	-0.091986	0.352255	-0.008902
1763707563.973223	0.261206	-0.101127	0.364761	-0.008902
1763707563.983092	0.264207	-0.125817	0.357394	-0.009209
1763707563.993865	0.268949	-0.119313	0.375105	-0.009209
1763707564.002974	0.270059	-0.123393	0.384821	-0.009373
1763707564.012876	0.265304	-0.114238	0.378743	-0.009373
1763707564.022800	0.257463	-0.102443	0.353031	-0.009448
1763707564.032853	0.257823	-0.112323	0.346161	-0.009567
1763707564.043026	0.261758	-0.128662	0.360781	-0.009567
1763707564.052931	0.265759	-0.141695	0.369066	-0.009614
1763707564.062618	0.267473	-0.130222	0.374111	-0.009872
1763707564.072759	0.262710	-0.118666	0.383268	-0.009872
1763707564.082784	0.259027	-0.118967	0.347330	-0.009922
1763707564.093704	0.260937	-0.120480	0.338346	-0.009922
1763707564.102766	0.267823	-0.139623	0.368847	-0.009956
1763707564.112899	0.267429	-0.143230	0.366590	-0.009996
1763707564.122695	0.267429	-0.143230	0.366590	-0.009996
1763707564.133121	0.263737	-0.118378	0.356145	-0.010142
1763707564.143129	0.259298	-0.120702	0.345227	-0.010142
1763707564.153135	0.265781	-0.138266	0.348970	-0.010269
1763707564.164382	0.265743	-0.131921	0.347242	-0.010278
1763707564.173266	0.269243	-0.133476	0.362324	-0.010278
1763707564.183017	0.265163	-0.114622	0.337896	-0.010215
1763707564.193336	0.264714	-0.108534	0.336519	-0.010215
1763707564.203578	0.270568	-0.126708	0.344100	-0.010194
1763707564.212878	0.270794	-0.118306	0.342341	-0.010315
1763707564.223153	0.273179	-0.131539	0.354751	-0.010315
1763707564.233597	0.265758	-0.102137	0.352175	-0.010402
1763707564.243375	0.263617	-0.114971	0.325638	-0.010402
1763707564.252858	0.265062	-0.102518	0.335879	-0.010489
1763707564.263646	0.265286	-0.107750	0.340510	-0.010625
1763707564.272472	0.274619	-0.127441	0.367619	-0.010625
1763707564.282521	0.269487	-0.127702	0.354001	-0.010679
1763707564.292703	0.263283	-0.100926	0.338059	-0.010679
1763707564.303540	0.260445	-0.099110	0.332358	-0.010626
1763707564.313247	0.263421	-0.117895	0.327781	-0.010729
1763707564.323199	0.268139	-0.125976	0.339712	-0.010729
1763707564.333201	0.271475	-0.128432	0.348718	-0.010842
1763707564.343043	0.270412	-0.124858	0.354283	-0.010842
1763707564.353173	0.262104	-0.120409	0.337637	-0.011043
1763707564.363116	0.258754	-0.112258	0.318459	-0.011356
1763707564.372742	0.258754	-0.112258	0.318459	-0.011356
1763707564.382594	0.261972	-0.119754	0.336435	-0.011477
1763707564.392711	0.266795	-0.147752	0.340497	-0.011477
1763707564.402618	0.268821	-0.133296	0.350856	-0.011514
1763707564.415505	0.264214	-0.117152	0.338080	-0.011549
1763707564.423411	0.260344	-0.107679	0.334549	-0.011549
1763707564.432544	0.255859	-0.108847	0.326493	-0.011576
1763707564.442669	0.260235	-0.110420	0.317951	-0.011576
1763707564.452627	0.265163	-0.117680	0.346172	-0.011660
1763707564.462730	0.266943	-0.126353	0.346837	-0.011660
1763707564.473163	0.261615	-0.102086	0.340141	-0.011665
1763707564.483703	0.260690	-0.104911	0.329631	-0.011625
1763707564.492717	0.260690	-0.104911	0.329631	-0.011625
1763707564.503674	0.267542	-0.110938	0.338855	-0.011710
1763707564.512717	0.267542	-0.110938	0.338855	-0.011710
1763707564.523252	0.264634	-0.111720	0.340348	-0.011714
1763707564.533269	0.260497	-0.113875	0.324353	-0.011633
1763707564.544097	0.262779	-0.110690	0.312885	-0.011633
1763707564.553085	0.270230	-0.121174	0.339905	-0.011481
1763707564.562899	0.265014	-0.105354	0.333747	-0.011481
1763707564.573082	0.265247	-0.115618	0.336408	-0.011464
1763707564.583426	0.267460	-0.133764	0.327251	-0.011512
1763707564.592650	0.267460	-0.133764	0.327251	-0.011512
1763707564.602788	0.273543	-0.154584	0.346794	-0.011656
1763707564.613812	0.266702	-0.127578	0.352139	-0.011656
1763707564.622691	0.266897	-0.129138	0.352745	-0.011624
1763707564.633200	0.260624	-0.142697	0.325678	-0.011576
1763707564.642832	0.268323	-0.148477	0.337823	-0.011576
1763707564.652656	0.268408	-0.138616	0.339340	-0.011409
1763707564.662730	0.268408	-0.138616	0.339340	-0.011409
1763707564.672782	0.266334	-0.132773	0.353378	-0.011282
1763707564.684862	0.261435	-0.121057	0.314113	-0.011009
1763707564.693602	0.258949	-0.115482	0.325161	-0.011009
1763707564.703478	0.267261	-0.136273	0.334921	-0.010947
1763707564.712519	0.267246	-0.133831	0.334683	-0.010950
1763707564.722985	0.264276	-0.121327	0.326055	-0.010950
1763707564.733170	0.255389	-0.106532	0.343649	-0.010975
1763707564.743188	0.255855	-0.108221	0.320157	-0.010975
1763707564.755061	0.266023	-0.122152	0.328947	-0.010906
1763707564.762880	0.264984	-0.114854	0.349094	-0.010863
1763707564.772954	0.264984	-0.114854	0.349094	-0.010863
1763707564.783149	0.255635	-0.100530	0.317071	-0.010763
1763707564.793290	0.255635	-0.100530	0.317071	-0.010763
1763707564.803013	0.262144	-0.119352	0.324064	-0.010540
1763707564.812503	0.266897	-0.119629	0.325618	-0.010435
1763707564.823534	0.260519	-0.105242	0.320190	-0.010435
1763707564.833107	0.255276	-0.093076	0.296865	-0.010224
1763707564.842953	0.259047	-0.094730	0.309218	-0.010224
1763707564.853202	0.265850	-0.123509	0.300916	-0.010114
1763707564.862978	0.263207	-0.095631	0.320789	-0.009939
1763707564.872663	0.259767	-0.097842	0.304348	-0.009939
1763707564.882555	0.259722	-0.100061	0.305295	-0.010047
1763707564.892662	0.263808	-0.113234	0.300846	-0.010047
1763707564.904165	0.272383	-0.108602	0.342358	-0.010002
1763707564.912932	0.271727	-0.115976	0.328814	-0.010002
1763707564.922774	0.264847	-0.090772	0.311751	-0.009953
1763707564.933454	0.274150	-0.110592	0.319033	-0.009755
1763707564.943285	0.274150	-0.110592	0.319033	-0.009755
1763707564.952652	0.276390	-0.115729	0.339182	-0.009573
1763707564.963188	0.273548	-0.095490	0.314753	-0.009427
1763707564.974596	0.262229	-0.091993	0.308227	-0.009427
1763707564.983051	0.262373	-0.092475	0.310039	-0.009217
1763707564.993185	0.267091	-0.109489	0.292519	-0.009217
1763707565.003970	0.269122	-0.096894	0.322258	-0.009117
1763707565.013245	0.269122	-0.096894	0.322258	-0.009117
1763707565.022833	0.264932	-0.080527	0.332243	-0.008996
1763707565.032653	0.259888	-0.079653	0.301941	-0.008661
1763707565.042554	0.261283	-0.083057	0.287297	-0.008661
1763707565.052674	0.265209	-0.092261	0.320666	-0.008444
1763707565.064893	0.265135	-0.089904	0.303214	-0.008257
1763707565.073050	0.265135	-0.089904	0.303214	-0.008257
1763707565.082747	0.256520	-0.076129	0.286225	-0.008204
1763707565.093114	0.257449	-0.085950	0.300528	-0.008204
1763707565.102551	0.265997	-0.101164	0.315954	-0.008021
1763707565.113695	0.266612	-0.097131	0.327048	-0.008021
1763707565.125644	0.259997	-0.084099	0.327581	-0.007864
1763707565.133435	0.256991	-0.082332	0.319716	-0.007720
1763707565.143898	0.261154	-0.103107	0.301743	-0.007720
1763707565.153965	0.265257	-0.107876	0.332761	-0.007555
1763707565.162782	0.265876	-0.106757	0.346516	-0.007296
1763707565.173238	0.264155	-0.089640	0.336117	-0.007296
1763707565.183801	0.266123	-0.108167	0.332517	-0.007059
1763707565.192279	0.266123	-0.108167	0.332517	-0.007059
1763707565.202313	0.272007	-0.110735	0.363077	-0.006883
1763707565.212394	0.267354	-0.114330	0.336545	-0.006883
1763707565.222610	0.260806	-0.096218	0.317146	-0.006791
1763707565.232872	0.261321	-0.097787	0.331823	-0.006561
1763707565.242330	0.269518	-0.130114	0.334751	-0.006561
1763707565.253023	0.270835	-0.122356	0.356318	-0.006396
1763707565.263844	0.265515	-0.100829	0.349029	-0.006396
1763707565.276602	0.260737	-0.101033	0.322010	-0.006249
1763707565.283384	0.261001	-0.117142	0.343622	-0.006071
1763707565.294520	0.269318	-0.124167	0.350836	-0.006071
1763707565.302472	0.269328	-0.120113	0.347793	-0.005864
1763707565.312501	0.264209	-0.114447	0.356402	-0.005864
1763707565.322731	0.260830	-0.120537	0.315947	-0.005593
1763707565.334751	0.264366	-0.120836	0.320410	-0.005407
1763707565.342428	0.264366	-0.120836	0.320410	-0.005407
1763707565.352289	0.271145	-0.141581	0.354863	-0.005262
1763707565.363756	0.263434	-0.117184	0.334469	-0.005107
1763707565.372675	0.261102	-0.119157	0.307048	-0.005107
1763707565.382847	0.264529	-0.140302	0.333260	-0.004892
1763707565.393032	0.270373	-0.149978	0.356481	-0.004892
1763707565.402513	0.268484	-0.147778	0.332595	-0.004608
1763707565.412739	0.260650	-0.128610	0.333866	-0.004608
1763707565.422749	0.262209	-0.129021	0.330580	-0.004500
1763707565.433460	0.270548	-0.142606	0.320936	-0.004389
1763707565.443110	0.270548	-0.142606	0.320936	-0.004389
1763707565.452810	0.266333	-0.128003	0.343792	-0.004114
1763707565.464810	0.263055	-0.122947	0.322302	-0.004114
1763707565.473946	0.267732	-0.138477	0.303650	-0.003828
1763707565.483305	0.272944	-0.144045	0.347915	-0.003476
1763707565.493210	0.273361	-0.146255	0.335487	-0.003476
1763707565.503058	0.268938	-0.116846	0.316196	-0.003265
1763707565.512637	0.260744	-0.118668	0.298094	-0.003265
1763707565.522819	0.264071	-0.135266	0.303525	-0.003100
1763707565.532826	0.270578	-0.136073	0.333042	-0.002964
1763707565.544609	0.270578	-0.136073	0.333042	-0.002964
1763707565.556293	0.258558	-0.116452	0.306334	-0.002908
1763707565.562599	0.258558	-0.116452	0.306334	-0.002908
1763707565.572897	0.269484	-0.159177	0.306965	-0.002749
1763707565.582885	0.269158	-0.150220	0.320786	-0.002685
1763707565.592825	0.263085	-0.133460	0.322054	-0.002685
1763707565.603353	0.258897	-0.143958	0.284257	-0.002577
1763707565.612907	0.260227	-0.145556	0.298775	-0.002437
1763707565.623211	0.265951	-0.154338	0.318754	-0.002437
1763707565.632871	0.265902	-0.149900	0.316969	-0.002261
1763707565.642785	0.264186	-0.139090	0.315792	-0.002261
1763707565.653749	0.264100	-0.136233	0.315005	-0.002217
1763707565.663077	0.261450	-0.135320	0.305628	-0.002131
1763707565.673077	0.261450	-0.135320	0.305628	-0.002131
1763707565.683396	0.269388	-0.164232	0.317734	-0.002016
1763707565.693732	0.269388	-0.164232	0.317734	-0.002016
1763707565.703246	0.259782	-0.130778	0.297207	-0.001946
1763707565.713261	0.259735	-0.123777	0.296279	-0.001941
1763707565.723804	0.265351	-0.135850	0.293419	-0.001941
1763707565.732788	0.268911	-0.145672	0.321033	-0.001937
1763707565.743202	0.267047	-0.126234	0.333289	-0.001937
1763707565.752735	0.260065	-0.135973	0.292102	-0.001829
1763707565.764454	0.262520	-0.130250	0.301899	-0.001829
1763707565.772804	0.262528	-0.131561	0.303436	-0.001737
1763707565.782995	0.272776	-0.163004	0.327985	-0.001574
1763707565.792972	0.272776	-0.163004	0.327985	-0.001574
1763707565.802700	0.261912	-0.121747	0.319230	-0.001593
1763707565.813248	0.262048	-0.129419	0.324126	-0.001701
1763707565.822783	0.269898	-0.160291	0.328664	-0.001701
1763707565.832531	0.269888	-0.161197	0.331430	-0.001553
1763707565.844335	0.272143	-0.154058	0.348199	-0.001553
1763707565.852449	0.272018	-0.151379	0.341483	-0.001525
1763707565.864212	0.266156	-0.152177	0.323787	-0.001489
1763707565.873035	0.262303	-0.153761	0.320537	-0.001489
1763707565.882665	0.272664	-0.169069	0.360364	-0.001618
1763707565.892878	0.272664	-0.169069	0.360364	-0.001618
1763707565.902618	0.264136	-0.156111	0.347265	-0.001665
1763707565.914026	0.264136	-0.156111	0.347265	-0.001665
1763707565.923175	0.261444	-0.155156	0.319972	-0.001825
1763707565.932731	0.262522	-0.167398	0.320238	-0.001751
1763707565.942524	0.265970	-0.165672	0.358144	-0.001751
1763707565.953532	0.268282	-0.164359	0.337761	-0.001763
1763707565.962644	0.262528	-0.146045	0.323529	-0.001763
1763707565.973160	0.257219	-0.147960	0.309955	-0.001729
1763707565.982889	0.261426	-0.151558	0.312717	-0.001838
1763707565.992541	0.268406	-0.165542	0.326367	-0.001838
1763707566.002619	0.267243	-0.166805	0.314101	-0.001982
1763707566.013476	0.261377	-0.140832	0.329693	-0.001982
1763707566.023285	0.259744	-0.145430	0.307805	-0.002229
1763707566.032725	0.265593	-0.164519	0.297676	-0.002334
1763707566.042555	0.269011	-0.173311	0.331682	-0.002334
1763707566.052734	0.272396	-0.170421	0.333451	-0.002269
1763707566.062820	0.267971	-0.152204	0.315081	-0.002299
1763707566.073899	0.260820	-0.153697	0.286208	-0.002299
1763707566.083147	0.261901	-0.167434	0.309224	-0.002334
1763707566.092531	0.267988	-0.181955	0.322705	-0.002334
1763707566.102672	0.272131	-0.180955	0.320172	-0.002440
1763707566.112711	0.268221	-0.177123	0.312288	-0.002440
1763707566.124256	0.264014	-0.167544	0.324233	-0.002576
1763707566.133121	0.263932	-0.176171	0.325409	-0.002731
1763707566.142691	0.266681	-0.183046	0.291023	-0.002731
1763707566.152682	0.269631	-0.187330	0.333863	-0.003048
1763707566.162539	0.270788	-0.194096	0.331072	-0.003048
1763707566.173391	0.265450	-0.166341	0.307410	-0.002977
1763707566.182991	0.258743	-0.158208	0.295744	-0.002975
1763707566.192635	0.258743	-0.158208	0.295744	-0.002975
1763707566.202236	0.261338	-0.158993	0.303321	-0.002945
1763707566.212350	0.267887	-0.173488	0.301130	-0.002945
1763707566.222619	0.266126	-0.161069	0.315333	-0.003056
1763707566.237111	0.260761	-0.146235	0.302757	-0.003235
1763707566.245298	0.259290	-0.140097	0.286104	-0.003235
1763707566.252548	0.264032	-0.154207	0.291946	-0.003457
1763707566.262630	0.268615	-0.163322	0.321727	-0.003457
1763707566.272663	0.268582	-0.166824	0.324341	-0.003563
1763707566.282901	0.262395	-0.127989	0.287783	-0.003628
1763707566.294051	0.259407	-0.133747	0.292324	-0.003628
1763707566.302419	0.264181	-0.170770	0.291379	-0.003863
1763707566.313178	0.264077	-0.178202	0.294450	-0.003952
1763707566.323970	0.267321	-0.166375	0.312086	-0.003952
1763707566.333038	0.267130	-0.168301	0.308038	-0.003985
1763707566.343163	0.258470	-0.156419	0.289450	-0.003985
1763707566.352667	0.258456	-0.163323	0.292033	-0.004116
1763707566.363144	0.271811	-0.179496	0.325520	-0.004116
1763707566.373370	0.271714	-0.169882	0.324244	-0.004262
1763707566.382943	0.262594	-0.149953	0.289078	-0.004195
1763707566.393248	0.262594	-0.149953	0.289078	-0.004195
1763707566.402923	0.266320	-0.175782	0.287868	-0.004413
1763707566.413105	0.266320	-0.175782	0.287868	-0.004413
1763707566.422685	0.266824	-0.167094	0.314084	-0.004416
1763707566.432620	0.266689	-0.166004	0.312633	-0.004404
1763707566.446906	0.265384	-0.169843	0.287657	-0.004404
1763707566.454316	0.265471	-0.168884	0.291025	-0.004532
1763707566.463806	0.271873	-0.172434	0.322200	-0.004532
1763707566.472943	0.269944	-0.165252	0.308993	-0.004708
1763707566.483075	0.261330	-0.158422	0.289839	-0.004889
1763707566.492807	0.257471	-0.151161	0.289434	-0.004889
1763707566.503757	0.265332	-0.181268	0.301786	-0.005091
1763707566.513208	0.270100	-0.195067	0.307011	-0.005257
1763707566.525470	0.270100	-0.195067	0.307011	-0.005257
1763707566.533812	0.263840	-0.181323	0.325881	-0.005318
1763707566.542689	0.262188	-0.182855	0.289298	-0.005318
1763707566.553993	0.262700	-0.195273	0.301217	-0.005136
1763707566.563428	0.267252	-0.206124	0.326357	-0.005062
1763707566.572750	0.268928	-0.201798	0.330006	-0.005062
1763707566.582695	0.262350	-0.170612	0.310481	-0.005132
1763707566.592772	0.256883	-0.170381	0.295368	-0.005132
1763707566.603659	0.260676	-0.177920	0.311525	-0.005286
1763707566.613415	0.268636	-0.171681	0.304641	-0.005360
1763707566.622804	0.270169	-0.166977	0.313519	-0.005360
1763707566.632645	0.263644	-0.150164	0.317421	-0.005399
1763707566.643046	0.260570	-0.148154	0.281383	-0.005399
1763707566.652757	0.263390	-0.150143	0.282451	-0.005508
1763707566.663188	0.269699	-0.169913	0.311956	-0.005508
1763707566.673271	0.270956	-0.170107	0.314385	-0.005620
1763707566.682497	0.264972	-0.147772	0.306742	-0.005695
1763707566.692607	0.259048	-0.143223	0.287883	-0.005695
1763707566.703116	0.261844	-0.165947	0.307648	-0.005900
1763707566.713722	0.267084	-0.173708	0.311917	-0.005900
1763707566.723237	0.268565	-0.159296	0.311802	-0.006092
1763707566.733894	0.264312	-0.151299	0.318230	-0.006073
1763707566.742869	0.264312	-0.151299	0.318230	-0.006073
1763707566.753051	0.261497	-0.153752	0.294344	-0.006066
1763707566.764343	0.269264	-0.161630	0.315778	-0.006114
1763707566.773897	0.271164	-0.177455	0.329164	-0.006114
1763707566.783243	0.263316	-0.151107	0.314431	-0.006083
1763707566.792649	0.258779	-0.140580	0.295236	-0.006083
1763707566.802767	0.258648	-0.144834	0.293953	-0.006199
1763707566.812637	0.267776	-0.176704	0.313781	-0.006199
1763707566.823494	0.267091	-0.168523	0.320842	-0.006214
1763707566.833139	0.265032	-0.151927	0.318518	-0.006249
1763707566.843562	0.260032	-0.158914	0.289152	-0.006249
1763707566.852748	0.261342	-0.164182	0.289246	-0.006265
1763707566.863127	0.261381	-0.167383	0.287635	-0.006207
1763707566.873061	0.266669	-0.172087	0.303285	-0.006207
1763707566.884443	0.258490	-0.154515	0.287338	-0.006193
1763707566.894686	0.259886	-0.157092	0.300045	-0.006193
1763707566.902751	0.269205	-0.184221	0.295969	-0.006266
1763707566.912931	0.270701	-0.183270	0.313643	-0.006266
1763707566.923679	0.265895	-0.162974	0.324049	-0.006383
1763707566.933171	0.262998	-0.164569	0.295518	-0.006397
1763707566.943768	0.263358	-0.167690	0.290839	-0.006397
1763707566.952966	0.268047	-0.190508	0.323829	-0.006320
1763707566.963132	0.271692	-0.187283	0.339060	-0.006320
1763707566.973377	0.267483	-0.165543	0.315652	-0.006211
1763707566.983288	0.260546	-0.163255	0.293810	-0.006255
1763707566.993242	0.263872	-0.172313	0.317389	-0.006255
1763707567.002505	0.271388	-0.179486	0.314495	-0.006243
1763707567.012547	0.273083	-0.178319	0.316188	-0.006243
1763707567.022630	0.266127	-0.165476	0.338017	-0.006327
1763707567.032649	0.262305	-0.166524	0.309035	-0.006273
1763707567.043147	0.263418	-0.164651	0.295708	-0.006273
1763707567.052814	0.267827	-0.180625	0.324990	-0.006290
1763707567.064121	0.270860	-0.188104	0.342624	-0.006290
1763707567.073614	0.267256	-0.165119	0.324471	-0.006116
1763707567.082706	0.260913	-0.157491	0.299991	-0.006073
1763707567.094836	0.259578	-0.164281	0.319951	-0.006073
1763707567.104122	0.259611	-0.164207	0.321191	-0.006119
1763707567.112732	0.269156	-0.177382	0.335676	-0.006231
1763707567.122888	0.269156	-0.177382	0.335676	-0.006231
1763707567.132667	0.258807	-0.168479	0.326426	-0.006356
1763707567.142549	0.258513	-0.161194	0.317520	-0.006356
1763707567.153510	0.264750	-0.173046	0.321326	-0.006348
1763707567.162678	0.270619	-0.188097	0.354077	-0.006307
1763707567.172648	0.267750	-0.180846	0.348843	-0.006307
1763707567.182894	0.262452	-0.165009	0.316666	-0.006283
1763707567.193129	0.262307	-0.168852	0.327027	-0.006283
1763707567.203900	0.267436	-0.193326	0.339923	-0.006163
1763707567.213362	0.269529	-0.189514	0.348453	-0.006163
1763707567.222493	0.266072	-0.170221	0.344582	-0.006291
1763707567.232644	0.261359	-0.167267	0.333787	-0.006267
1763707567.242701	0.260005	-0.174149	0.328816	-0.006267
1763707567.253222	0.265883	-0.183136	0.331874	-0.006294
1763707567.263070	0.271927	-0.187575	0.362825	-0.006294
1763707567.273400	0.268666	-0.182260	0.343665	-0.006157
1763707567.282945	0.261346	-0.164891	0.320360	-0.005998
1763707567.293236	0.261506	-0.156289	0.331220	-0.005998
1763707567.304106	0.267667	-0.183556	0.331927	-0.006074
1763707567.314051	0.270835	-0.170578	0.346381	-0.006167
1763707567.322795	0.266217	-0.155371	0.347112	-0.006167
1763707567.332811	0.263397	-0.142345	0.330254	-0.006161
1763707567.342834	0.263414	-0.150782	0.320784	-0.006161
1763707567.352730	0.266672	-0.167001	0.330416	-0.006241
1763707567.363163	0.272944	-0.166079	0.360289	-0.006172
1763707567.372653	0.269578	-0.160273	0.354251	-0.006172
1763707567.382714	0.261142	-0.158995	0.316186	-0.005915
1763707567.392519	0.259496	-0.155661	0.323631	-0.005915
1763707567.402649	0.265713	-0.185698	0.342436	-0.005723
1763707567.413216	0.271199	-0.194414	0.344213	-0.005663
1763707567.422825	0.266400	-0.186681	0.334973	-0.005663
1763707567.432666	0.260145	-0.170614	0.335912	-0.005703
1763707567.442768	0.263052	-0.173472	0.333579	-0.005703
1763707567.452776	0.269766	-0.206863	0.325192	-0.005768
1763707567.464044	0.271265	-0.201021	0.358454	-0.005768
1763707567.473174	0.267962	-0.192882	0.353820	-0.005681
1763707567.483045	0.263076	-0.190024	0.304565	-0.005601
1763707567.492865	0.263949	-0.198878	0.315682	-0.005601
1763707567.502694	0.269493	-0.218150	0.351899	-0.005452
1763707567.512643	0.271935	-0.215080	0.358774	-0.005358
1763707567.523229	0.266999	-0.191332	0.342292	-0.005358
1763707567.532816	0.260141	-0.188931	0.314388	-0.005257
1763707567.542777	0.260728	-0.198377	0.332084	-0.005257
1763707567.552781	0.268050	-0.218250	0.337702	-0.005144
1763707567.562492	0.267996	-0.198329	0.330309	-0.005125
1763707567.573150	0.267996	-0.198329	0.330309	-0.005125
1763707567.583686	0.259307	-0.191712	0.324136	-0.005230
1763707567.592766	0.260252	-0.196403	0.321955	-0.005230
1763707567.604886	0.267778	-0.208088	0.315744	-0.005296
1763707567.613247	0.271244	-0.200755	0.330758	-0.005169
1763707567.624027	0.267840	-0.191467	0.341673	-0.005169
1763707567.634288	0.263230	-0.188695	0.295545	-0.004959
1763707567.642831	0.265923	-0.196555	0.289442	-0.004959
1763707567.653399	0.271679	-0.207187	0.321527	-0.004659
1763707567.662707	0.271496	-0.212945	0.324843	-0.004413
1763707567.673983	0.261294	-0.185190	0.283686	-0.004413
1763707567.684033	0.261324	-0.189354	0.283220	-0.004207
1763707567.693288	0.264407	-0.215310	0.304231	-0.004207
1763707567.703024	0.269709	-0.223093	0.320226	-0.004148
1763707567.713254	0.268349	-0.202312	0.295800	-0.004046
1763707567.723057	0.260669	-0.179520	0.286124	-0.004046
1763707567.733164	0.257349	-0.188878	0.280484	-0.003928
1763707567.742818	0.263894	-0.209448	0.278591	-0.003928
1763707567.753137	0.269804	-0.198280	0.285936	-0.003836
1763707567.762491	0.259425	-0.184491	0.266165	-0.003836
1763707567.772735	0.259171	-0.176147	0.260312	-0.003873
1763707567.783169	0.265863	-0.181926	0.252383	-0.003854
1763707567.793209	0.272598	-0.184106	0.269627	-0.003854
1763707567.828230	0.269628	-0.163948	0.240437	-0.003246
1763707567.833096	0.276507	-0.174840	0.264998	-0.003246
1763707567.845029	0.275143	-0.172915	0.275024	-0.003246
1763707567.854033	0.269792	-0.157208	0.241362	-0.002874
1763707567.863144	0.265161	-0.151721	0.229492	-0.002874
1763707567.873740	0.269719	-0.179271	0.251048	-0.002490
1763707567.883839	0.274704	-0.188632	0.279859	-0.002170
1763707567.893397	0.272261	-0.182081	0.261223	-0.002170
1763707567.903877	0.265655	-0.160355	0.247450	-0.001875
1763707567.912969	0.261494	-0.160549	0.245184	-0.001662
1763707567.923831	0.264713	-0.179514	0.260978	-0.001662
1763707567.933029	0.271256	-0.178139	0.279682	-0.001599
1763707567.943102	0.269023	-0.171882	0.258500	-0.001599
1763707567.953881	0.258643	-0.147927	0.247587	-0.001534
1763707567.963681	0.255581	-0.148307	0.252485	-0.001454
1763707567.973285	0.267949	-0.177563	0.255790	-0.001454
1763707567.983330	0.261362	-0.158363	0.250325	-0.001284
1763707567.993247	0.261362	-0.158363	0.250325	-0.001284
1763707568.004246	0.255311	-0.146318	0.237799	-0.001119
1763707568.014112	0.261710	-0.175510	0.243330	-0.000971
1763707568.023576	0.269770	-0.186141	0.258823	-0.000971
1763707568.033994	0.265835	-0.173341	0.251343	-0.000613
1763707568.045280	0.262457	-0.169479	0.241659	-0.000613
1763707568.053390	0.262268	-0.179160	0.247627	-0.000470
1763707568.064422	0.269620	-0.198754	0.259962	-0.000474
1763707568.073761	0.270964	-0.177252	0.271878	-0.000474
1763707568.083666	0.267134	-0.163097	0.258680	-0.000093
1763707568.093835	0.266169	-0.170880	0.236177	-0.000093
1763707568.103938	0.271991	-0.174373	0.250817	0.000034
1763707568.113899	0.278247	-0.170862	0.275279	0.000586
1763707568.123345	0.273924	-0.158826	0.270241	0.000586
1763707568.133254	0.265902	-0.150600	0.242640	0.000932
1763707568.144529	0.267896	-0.151487	0.240001	0.000932
1763707568.153296	0.274792	-0.170839	0.259771	0.001166
1763707568.164508	0.273753	-0.176197	0.275606	0.001166
1763707568.176755	0.262474	-0.155216	0.238926	0.001440
1763707568.183718	0.262656	-0.155014	0.238118	0.001440
1763707568.193399	0.263662	-0.165332	0.251190	0.001440
1763707568.204415	0.270353	-0.182973	0.280149	0.001488
1763707568.213239	0.270330	-0.185782	0.281220	0.001566
1763707568.223724	0.263662	-0.159953	0.271525	0.001566
1763707568.233344	0.257551	-0.154199	0.253210	0.001548
1763707568.243165	0.260664	-0.174408	0.261728	0.001548
1763707568.253627	0.267408	-0.175789	0.283296	0.001526
1763707568.263860	0.263697	-0.147333	0.279714	0.001379
1763707568.275510	0.257172	-0.132944	0.269647	0.001379
1763707568.283576	0.253593	-0.140386	0.264961	0.001444
1763707568.293589	0.260053	-0.157807	0.272082	0.001444
1763707568.304383	0.262534	-0.139317	0.293017	0.001721
1763707568.313224	0.262207	-0.145642	0.292787	0.002035
1763707568.326790	0.266559	-0.152658	0.267890	0.002035
1763707568.333799	0.266367	-0.154961	0.268894	0.002283
1763707568.345248	0.269371	-0.142928	0.303059	0.002283
1763707568.353611	0.269282	-0.140683	0.302400	0.002254
1763707568.364633	0.265020	-0.136604	0.262488	0.002377
1763707568.377774	0.267579	-0.141337	0.268520	0.002377
1763707568.384362	0.273820	-0.165266	0.304063	0.002615
1763707568.393523	0.270403	-0.144658	0.281815	0.002615
1763707568.404142	0.270787	-0.152725	0.283802	0.003097
1763707568.413160	0.264699	-0.152304	0.269453	0.003420
1763707568.423246	0.267333	-0.168594	0.278919	0.003420
1763707568.434650	0.273610	-0.184703	0.306956	0.003674
1763707568.444280	0.273839	-0.180006	0.300035	0.003674
1763707568.453116	0.265301	-0.166807	0.287866	0.003983
1763707568.463188	0.259512	-0.165519	0.267825	0.004104
1763707568.473365	0.263030	-0.181395	0.284014	0.004104
1763707568.483755	0.269046	-0.178824	0.292202	0.004085
1763707568.494766	0.267674	-0.179677	0.281718	0.004085
1763707568.504650	0.259425	-0.155384	0.272718	0.004150
1763707568.514148	0.258658	-0.147599	0.260951	0.004118
1763707568.527190	0.270301	-0.170840	0.286930	0.004167
1763707568.534355	0.270077	-0.170424	0.285993	0.004167
1763707568.545528	0.259366	-0.135497	0.248407	0.004167
1763707568.554017	0.265522	-0.167284	0.270486	0.004160
1763707568.563155	0.269066	-0.183167	0.301676	0.004167
1763707568.573284	0.269066	-0.183167	0.301676	0.004167
1763707568.583275	0.263860	-0.163412	0.280898	0.004167
1763707568.594708	0.257914	-0.154689	0.238897	0.004226
1763707568.605023	0.267337	-0.193811	0.301926	0.004231
1763707568.613390	0.266624	-0.190173	0.280727	0.004231
1763707568.623355	0.260325	-0.165109	0.250955	0.004258
1763707568.633545	0.258278	-0.162148	0.259180	0.004267
1763707568.643461	0.258278	-0.162148	0.259180	0.004267
1763707568.655157	0.268886	-0.187202	0.274928	0.004281
1763707568.663785	0.268669	-0.176916	0.266510	0.004219
1763707568.673479	0.256897	-0.147514	0.236334	0.004219
1763707568.683383	0.263835	-0.173905	0.250108	0.004138
1763707568.693619	0.268851	-0.176081	0.262170	0.004138
1763707568.704895	0.262336	-0.156252	0.241957	0.003982
1763707568.715032	0.258211	-0.152085	0.217584	0.003982
1763707568.723362	0.258143	-0.150831	0.213193	0.003936
1763707568.733699	0.265776	-0.164945	0.235509	0.003867
1763707568.743139	0.265694	-0.158415	0.247220	0.003867
1763707568.753205	0.261541	-0.154165	0.219383	0.003593
1763707568.763581	0.266572	-0.163057	0.240309	0.003322
1763707568.773635	0.272175	-0.177500	0.265913	0.003322
1763707568.783243	0.268506	-0.164146	0.243272	0.003198
1763707568.793279	0.262928	-0.148829	0.216011	0.003198
1763707568.803229	0.267297	-0.161647	0.243651	0.003292
1763707568.813685	0.274125	-0.174143	0.270917	0.003292
1763707568.823412	0.274354	-0.168133	0.269592	0.003279
1763707568.834163	0.272426	-0.162073	0.257877	0.003111
1763707568.843581	0.264108	-0.146829	0.227116	0.003111
1763707568.853585	0.268935	-0.167290	0.254369	0.003011
1763707568.867382	0.272484	-0.165135	0.276907	0.003011
1763707568.875672	0.266958	-0.152678	0.244397	0.002746
1763707568.883219	0.258075	-0.153239	0.220899	0.002732
1763707568.893868	0.258690	-0.158740	0.222491	0.002732
1763707568.903309	0.264444	-0.166523	0.245664	0.002857
1763707568.913284	0.265249	-0.159339	0.256476	0.002819
1763707568.924094	0.258402	-0.148470	0.230060	0.002819
1763707568.933238	0.254265	-0.137753	0.209818	0.002751
1763707568.943341	0.261568	-0.148603	0.224188	0.002751
1763707568.953452	0.263775	-0.151762	0.248410	0.002745
1763707568.963240	0.257851	-0.139068	0.214897	0.002671
1763707568.973955	0.256525	-0.132284	0.200585	0.002671
1763707568.983499	0.256239	-0.139008	0.201667	0.002497
1763707568.993214	0.264974	-0.164682	0.249073	0.002497
1763707569.003244	0.259308	-0.141011	0.217019	0.002547
1763707569.013354	0.254722	-0.133941	0.197583	0.002684
1763707569.024366	0.259860	-0.157035	0.225377	0.002684
1763707569.034153	0.265686	-0.168568	0.252093	0.002665
1763707569.043336	0.263469	-0.151875	0.223727	0.002665
1763707569.053437	0.256037	-0.144470	0.204857	0.002835
1763707569.063213	0.259189	-0.155180	0.217250	0.002552
1763707569.073285	0.268395	-0.159381	0.247987	0.002552
1763707569.084889	0.266313	-0.146996	0.226755	0.002330
1763707569.093289	0.257277	-0.137194	0.203378	0.002330
1763707569.103139	0.261884	-0.136966	0.214105	0.002208
1763707569.113202	0.270319	-0.148707	0.237248	0.002208
1763707569.124724	0.268518	-0.158182	0.228856	0.002325
1763707569.133970	0.262174	-0.134891	0.211293	0.002376
1763707569.143637	0.265580	-0.135787	0.213051	0.002376
1763707569.153286	0.272511	-0.163901	0.233363	0.002383
1763707569.164310	0.272261	-0.164008	0.236892	0.002383
1763707569.173431	0.265743	-0.137927	0.217079	0.002237
1763707569.183604	0.262598	-0.128612	0.190295	0.002076
1763707569.194205	0.265798	-0.155230	0.216750	0.002076
1763707569.203471	0.270479	-0.147878	0.244437	0.001989
1763707569.213231	0.268496	-0.136402	0.217744	0.001965
1763707569.224263	0.260840	-0.126441	0.204018	0.001965
1763707569.233191	0.260998	-0.127053	0.203727	0.001951
1763707569.243616	0.261365	-0.126403	0.219694	0.001951
1763707569.254560	0.272728	-0.146524	0.239670	0.001896
1763707569.263857	0.265335	-0.118651	0.231081	0.001896
1763707569.274042	0.262594	-0.107659	0.213225	0.001896
1763707569.283433	0.270068	-0.151434	0.234756	0.001725
1763707569.293420	0.274005	-0.161326	0.260446	0.001725
1763707569.304351	0.269999	-0.137492	0.250066	0.001664
1763707569.313869	0.264606	-0.124237	0.213875	0.001725
1763707569.324984	0.266907	-0.143289	0.234429	0.001725
1763707569.333641	0.275361	-0.159822	0.278540	0.001790
1763707569.343616	0.274900	-0.151299	0.258339	0.001790
1763707569.354280	0.267472	-0.132056	0.244136	0.001676
1763707569.363393	0.263569	-0.131397	0.251320	0.001596
1763707569.373338	0.270682	-0.155923	0.266749	0.001596
1763707569.383441	0.276284	-0.154541	0.265954	0.001679
1763707569.393328	0.269458	-0.137095	0.253907	0.001679
1763707569.403711	0.261788	-0.118690	0.230030	0.001783
1763707569.413986	0.264774	-0.124281	0.242615	0.001797
1763707569.423164	0.273437	-0.140814	0.261663	0.001797
1763707569.433194	0.271479	-0.138061	0.248871	0.001849
1763707569.443298	0.264356	-0.111105	0.247573	0.001849
1763707569.453211	0.264483	-0.109539	0.248293	0.001770
1763707569.464781	0.268820	-0.131007	0.243595	0.001770
1763707569.473849	0.272936	-0.137575	0.269273	0.001681
1763707569.483982	0.266883	-0.113444	0.255543	0.001681
1763707569.493665	0.260142	-0.104539	0.220006	0.001681
1763707569.503585	0.260910	-0.117984	0.239058	0.001681
1763707569.513856	0.267362	-0.133356	0.265776	0.001681
1763707569.524049	0.268935	-0.111732	0.264676	0.001841
1763707569.533476	0.261405	-0.078678	0.236191	0.001837
1763707569.543227	0.258105	-0.080533	0.228468	0.001837
1763707569.553333	0.264724	-0.097250	0.248557	0.001882
1763707569.563258	0.268976	-0.089523	0.272130	0.001882
1763707569.573926	0.264423	-0.083210	0.247828	0.001882
1763707569.583367	0.264423	-0.083210	0.247828	0.001882
1763707569.593824	0.261852	-0.086108	0.237427	0.001861
1763707569.604563	0.268354	-0.099957	0.259258	0.001854
1763707569.613261	0.262919	-0.097766	0.250111	0.001977
1763707569.623841	0.255628	-0.080424	0.217388	0.001977
1763707569.633904	0.259639	-0.089500	0.218772	0.001977
1763707569.643731	0.266347	-0.103803	0.257050	0.001977
1763707569.653740	0.263842	-0.084488	0.264159	0.001977
1763707569.663632	0.258028	-0.090584	0.220343	0.001977
1763707569.674531	0.258028	-0.090584	0.220343	0.001977
1763707569.684770	0.261182	-0.120625	0.226265	0.002234
1763707569.693228	0.267338	-0.119829	0.263245	0.002234
1763707569.704302	0.265833	-0.105277	0.255192	0.002234
1763707569.713416	0.257691	-0.105386	0.212934	0.002234
1763707569.723165	0.257668	-0.114193	0.221552	0.002234
1763707569.734347	0.264769	-0.132663	0.261249	0.002345
1763707569.743250	0.266175	-0.132790	0.255580	0.002345
1763707569.753555	0.259243	-0.125796	0.240994	0.002654
1763707569.763724	0.258242	-0.122554	0.230366	0.002654
1763707569.773456	0.267892	-0.136728	0.242932	0.002654
1763707569.784155	0.269928	-0.141145	0.253032	0.002654
1763707569.793617	0.261634	-0.125640	0.247194	0.002654
1763707569.803246	0.267022	-0.144080	0.216650	0.003313
1763707569.814465	0.267486	-0.146806	0.249225	0.003523
1763707569.823834	0.267486	-0.146806	0.249225	0.003523
1763707569.834129	0.263041	-0.126226	0.238077	0.003523
1763707569.845356	0.260999	-0.130626	0.197162	0.003523
1763707569.853792	0.264685	-0.148785	0.218627	0.003523
1763707569.864324	0.269795	-0.145272	0.250722	0.003523
1763707569.873606	0.267721	-0.133300	0.226839	0.004000
1763707569.883591	0.260189	-0.140039	0.203606	0.004354
1763707569.893765	0.260867	-0.152185	0.200854	0.004354
1763707569.903351	0.268154	-0.155311	0.216646	0.004354
1763707569.913402	0.268131	-0.152953	0.227176	0.004354
1763707569.923737	0.261824	-0.146241	0.219902	0.004354
1763707569.933600	0.262766	-0.147526	0.198046	0.004354
1763707569.944160	0.262570	-0.145701	0.190941	0.005629
1763707569.953601	0.271953	-0.161126	0.223537	0.006072
1763707569.964576	0.265737	-0.153671	0.213778	0.006548
1763707569.973665	0.272805	-0.173922	0.199049	0.006548
1763707569.983617	0.272805	-0.173922	0.199049	0.006548
1763707569.994371	0.270044	-0.155694	0.215413	0.006548
1763707570.004694	0.268617	-0.154819	0.187932	0.007328
1763707570.013777	0.272394	-0.176083	0.208330	0.007725
1763707570.023860	0.276624	-0.172608	0.226043	0.007725
1763707570.033418	0.273558	-0.159528	0.221274	0.007725
1763707570.043728	0.265679	-0.156390	0.207088	0.007725
1763707570.054233	0.265045	-0.161828	0.200124	0.008586
1763707570.063873	0.270029	-0.170140	0.206176	0.009108
1763707570.073797	0.272238	-0.162527	0.224578	0.009108
1763707570.083964	0.268225	-0.157333	0.219749	0.009502
1763707570.094490	0.262679	-0.159205	0.205301	0.009502
1763707570.104955	0.267287	-0.163975	0.203970	0.009502
1763707570.114044	0.273507	-0.176275	0.216265	0.010018
1763707570.123406	0.270833	-0.167193	0.238011	0.010475
1763707570.133384	0.270864	-0.173827	0.240599	0.010867
1763707570.143709	0.265124	-0.170262	0.199220	0.010867
1763707570.158884	0.269175	-0.188224	0.217780	0.011259
1763707570.164333	0.270075	-0.176757	0.242667	0.011561
1763707570.173342	0.266545	-0.162470	0.227827	0.011561
1763707570.183265	0.261583	-0.166058	0.209754	0.012063
1763707570.193507	0.261583	-0.166058	0.209754	0.012063
1763707570.204726	0.270703	-0.180105	0.232506	0.012063
1763707570.213767	0.270703	-0.180105	0.232506	0.012063
1763707570.223450	0.260372	-0.165732	0.221108	0.012063
1763707570.233081	0.260152	-0.167103	0.228812	0.013560
1763707570.243184	0.268242	-0.186578	0.227042	0.013560
1763707570.253570	0.268300	-0.176059	0.242880	0.014238
1763707570.264031	0.263555	-0.161517	0.243318	0.014238
1763707570.274669	0.264609	-0.163155	0.230824	0.014238
1763707570.283518	0.271854	-0.182379	0.235192	0.015373
1763707570.293756	0.273142	-0.175105	0.249654	0.015373
1763707570.303853	0.266479	-0.136536	0.245074	0.015852
1763707570.313811	0.263255	-0.146160	0.218067	0.015852
1763707570.323280	0.269582	-0.175174	0.223255	0.015852
1763707570.333248	0.273746	-0.146120	0.247614	0.016848
1763707570.343313	0.267429	-0.123012	0.232370	0.016848
1763707570.353203	0.261377	-0.125291	0.220487	0.017292
1763707570.363760	0.266301	-0.136692	0.236914	0.017292
1763707570.374259	0.274980	-0.143897	0.240422	0.017292
1763707570.383198	0.270597	-0.129275	0.241300	0.018503
1763707570.393321	0.262003	-0.110099	0.229565	0.018503
1763707570.403234	0.266783	-0.118745	0.224470	0.018965
1763707570.414755	0.273230	-0.136247	0.245721	0.018965
1763707570.426460	0.273230	-0.136247	0.245721	0.018965
1763707570.434068	0.270233	-0.118319	0.230598	0.019580
1763707570.444309	0.261631	-0.094469	0.200510	0.019580
1763707570.453246	0.261716	-0.098897	0.200454	0.019853
1763707570.463162	0.266775	-0.119224	0.236175	0.019853
1763707570.474422	0.267160	-0.115977	0.247217	0.019992
1763707570.482988	0.254946	-0.099170	0.205060	0.020146
1763707570.492882	0.254946	-0.099170	0.205060	0.020146
1763707570.503129	0.263721	-0.104769	0.242659	0.020146
1763707570.512983	0.263721	-0.104769	0.242659	0.020146
1763707570.523340	0.261804	-0.099718	0.237059	0.020146
1763707570.540406	0.253043	-0.091910	0.228923	0.020146
1763707570.545162	0.262022	-0.098764	0.222721	0.020632
1763707570.553160	0.258621	-0.092204	0.244095	0.020671
1763707570.563704	0.255247	-0.077960	0.222828	0.020671
1763707570.574392	0.257574	-0.084182	0.222232	0.020671
1763707570.584244	0.264116	-0.109081	0.235952	0.021119
1763707570.594625	0.264116	-0.109081	0.235952	0.021119
1763707570.605541	0.256702	-0.077519	0.217126	0.021439
1763707570.613652	0.256702	-0.077519	0.217126	0.021439
1763707570.623800	0.258923	-0.098827	0.216471	0.021439
1763707570.634355	0.268418	-0.113707	0.235824	0.021858
1763707570.644417	0.259516	-0.090278	0.219732	0.021858
1763707570.653292	0.259549	-0.087595	0.217751	0.022036
1763707570.663131	0.276034	-0.113655	0.246357	0.022136
1763707570.673232	0.268783	-0.096703	0.235696	0.022136
1763707570.683805	0.262784	-0.083414	0.214773	0.022324
1763707570.693991	0.262784	-0.083414	0.214773	0.022324
