relative_time_s,absolute_time_s,state_cost,control_cost,total_cost,x_err,y_err,z_err,roll_err,pitch_err,yaw_err,vx_err,vy_err,vz_err,u_roll_rate,u_pitch_rate,u_yaw_rate,u_thrust
0,1782824445,27.70833046,9.939988744,37.6483192,-2.155387,0.031874,0.442277,0.05691,-0.086686,0.736563,-0.065208,0.076249,0.424255,0,-0.127002,3.141593,-0.232922
0.01514697075,1782824445,27.95669426,9.937262258,37.89395651,-2.158031,0.030886,0.45285,0.054356,-0.082695,0.738233,-0.065208,0.076249,0.424255,0,-0.114703,3.141593,-0.23345
0.02958989143,1782824445,28.05904654,9.936327234,37.99537377,-2.159126,0.030302,0.457353,0.053223,-0.081199,0.738063,-0.087551,0.075581,0.385712,0,-0.110666,3.141593,-0.233396
0.04347085953,1782824445,28.23929262,9.943157211,38.18244983,-2.161592,0.029472,0.464207,0.054453,-0.07181,0.741754,-0.091428,0.065449,0.324215,0,-0.136128,3.141593,-0.234563
0.05853295326,1782824445,28.30787324,9.965386755,38.27325999,-2.162444,0.029153,0.466886,0.062699,-0.055848,0.743591,-0.071162,0.054765,0.295192,0,-0.201215,3.141593,-0.235144
0.07415699959,1782824445,28.37364636,9.960030819,38.33367718,-2.163383,0.02902,0.469355,0.060245,-0.033261,0.743256,-0.071162,0.054765,0.295192,0,-0.187567,3.141593,-0.235038
0.09413480759,1782824445,28.4443452,9.971187664,38.41553286,-2.16419,0.028769,0.472118,0.059469,0.005875,0.746515,-0.077967,0.036223,0.230785,0,-0.214132,3.141593,-0.236069
0.108399868,1782824445,28.48227694,9.974878099,38.45715504,-2.164835,0.028806,0.473245,0.059262,0.025077,0.750084,-0.06429,0.031038,0.167594,0,-0.22138,3.141593,-0.237197
0.1229438782,1782824445,28.50719548,9.978967281,38.48616276,-2.165551,0.02882,0.473882,0.053866,0.069964,0.749717,-0.037026,0.006736,0.084083,0,-0.23055,3.141593,-0.237081
0.1373870373,1782824445,28.51025977,9.979725589,38.48998536,-2.165915,0.028847,0.473268,0.052739,0.086329,0.754474,-0.025415,0.002739,0.043396,0,-0.230642,3.141593,-0.238586
0.154173851,1782824445,28.49031583,9.965626132,38.45594196,-2.165814,0.028645,0.472507,0.047031,0.109956,0.752011,-0.025415,0.002739,0.043396,0,-0.198664,3.141593,-0.237807
0.1688230038,1782824445,28.43645591,9.971603586,38.4080595,-2.16575,0.029394,0.46923,0.048316,0.154693,0.757321,0.014817,-0.001531,-0.022579,0,-0.21129,3.141593,-0.239486
0.1825869083,1782824445,28.39274787,9.990752598,38.38350047,-2.165585,0.029622,0.466953,0.053331,0.180058,0.757585,0.058657,-0.009589,-0.092288,0,-0.252493,3.141593,-0.239569
0.1963899136,1782824445,28.32171725,9.977733984,38.29945123,-2.164743,0.029897,0.463876,0.048505,0.20422,0.759906,0.058657,-0.009589,-0.092288,0,-0.224458,3.141593,-0.240304
0.2103869915,1782824445,28.25128015,9.970359122,38.22163927,-2.164043,0.030611,0.460744,0.041817,0.230677,0.758618,0.112439,-0.023606,-0.177946,0,-0.207852,3.141593,-0.239896
0.2250449657,1782824445,28.06287601,9.98730238,38.05017839,-2.162185,0.032331,0.451824,0.046785,0.278348,0.763073,0.183369,-0.030695,-0.241401,0,-0.24386,3.141593,-0.241305
0.2406539917,1782824445,27.94653562,9.966815138,37.91335075,-2.161071,0.032953,0.446322,0.038163,0.304174,0.761876,0.260546,-0.033386,-0.302448,0,-0.197897,3.141593,-0.240926
0.2554559708,1782824445,27.6848014,9.264946024,36.94974743,-2.158244,0.035479,0.434323,0.041108,0.359497,0.765867,0.260546,-0.033386,-0.302448,0,-0.208976,3.026982,-0.242188
0.2718508244,1782824445,27.36677,6.390869021,33.75763902,-2.154453,0.038835,0.419266,0.036315,0.40965,0.766082,0.397072,-0.039372,-0.393631,0,-0.18406,2.509642,-0.242256
0.2867529392,1782824445,27.37318822,5.861146293,33.23433451,-2.154453,0.038835,0.419266,0.036315,0.40965,0.766082,0.462516,-0.035179,-0.403962,0,-0.177183,2.402304,-0.242256
0.3030729294,1782824445,27.02147181,3.513821315,30.53529313,-2.149478,0.042639,0.402532,0.033386,0.46382,0.767098,0.603982,-0.043322,-0.487155,0,-0.165392,1.851384,-0.242578
0.3179419041,1782824445,26.82624261,2.672122866,29.49836547,-2.14679,0.045056,0.393115,0.037204,0.484845,0.767648,0.675588,-0.03085,-0.480639,0,-0.161223,1.608478,-0.242752
0.3315868378,1782824445,26.39596873,1.964763104,28.36073184,-2.140321,0.049928,0.373653,0.039104,0.524086,0.768014,0.675588,-0.03085,-0.480639,0,-0.161128,1.371064,-0.242867
0.3448739052,1782824445,26.20945651,1.081570471,27.29102698,-2.137108,0.053372,0.363317,0.03431,0.542258,0.770916,0.832729,-0.031813,-0.50791,0,-0.127769,1.002903,-0.243785
0.3620998859,1782824445,25.98481301,0.5315287381,26.51634175,-2.132839,0.056248,0.352455,0.031392,0.556183,0.767156,0.977452,-0.041402,-0.492126,0,-0.120483,0.676875,-0.242596
0.3777718544,1782824445,25.52427313,0.1940793829,25.71835251,-2.12387,0.064059,0.330033,0.026579,0.575544,0.770098,1.090907,-0.03018,-0.508481,0.011675,-0.057267,0.360738,-0.243526
0.3917210102,1782824445,25.26474916,0.1628040957,25.42755326,-2.118728,0.068361,0.3184,0.024402,0.582858,0.767974,1.090907,-0.03018,-0.508481,0.028127,-0.035282,0.307684,-0.242855
0.4074819088,1782824445,25.01726543,0.1098871218,25.12715255,-2.1133,0.07293,0.306445,0.026172,0.586774,0.768282,1.150107,-0.036599,-0.501514,0.042108,-0.045645,0.176202,-0.242952
0.4222939014,1782824445,24.51712495,0.1670574531,24.68418241,-2.101276,0.082953,0.281327,0.020668,0.589686,0.764638,1.320609,-0.034455,-0.538616,0.093212,0.011553,-0.146874,-0.2418
0.4357078075,1782824445,24.24968757,0.2098968507,24.45958442,-2.094866,0.088685,0.268404,0.020781,0.589775,0.767381,1.320609,-0.034455,-0.538616,0.111488,0.023729,-0.161712,-0.242667
0.4507758617,1782824445,23.71399488,0.4598571061,24.17385198,-2.080917,0.100389,0.240369,0.019545,0.585828,0.767109,1.414966,-0.015645,-0.582503,0.169566,0.08777,-0.325241,-0.242581
0.464525938,1782824445,23.46093966,0.6141742119,24.07511387,-2.073834,0.107101,0.22586,0.018879,0.578103,0.76836,1.484657,-0.023887,-0.592315,0.194205,0.093045,-0.411489,-0.242977
0.4783129692,1782824445,23.1956458,0.8897366902,24.08538249,-2.065698,0.113218,0.211179,0.019391,0.57036,0.764914,1.56815,-0.016994,-0.636249,0.233417,0.115119,-0.522628,-0.241887
0.4917469025,1782824445,22.92142315,0.9797529753,23.90117612,-2.05764,0.120906,0.195735,0.020932,0.563815,0.770989,1.56815,-0.016994,-0.636249,0.255259,0.123556,-0.503461,-0.243808
0.5056459904,1782824445,22.68274448,1.482442002,24.16518648,-2.048913,0.127964,0.179987,0.021809,0.556881,0.766308,1.731925,-0.023736,-0.666647,0.290296,0.123299,-0.752196,-0.242328
0.5206408501,1782824445,22.42226235,1.665398234,24.08766058,-2.040134,0.136393,0.164187,0.02433,0.535779,0.768306,1.759103,-0.018769,-0.712932,0.332078,0.135968,-0.696508,-0.24296
0.5345070362,1782824445,21.86132287,2.007450439,23.86877331,-2.021075,0.152606,0.13167,0.019781,0.527663,0.765657,1.759103,-0.018769,-0.712932,0.378064,0.198068,-0.693017,-0.242122
0.5481469631,1782824445,21.6316506,2.428360571,24.06001117,-2.011186,0.161248,0.115093,0.021625,0.514709,0.768051,1.845964,-0.020849,-0.742489,0.413921,0.203506,-0.783996,-0.242879
0.5642108917,1782824445,21.14884994,3.134489276,24.28333921,-1.989928,0.180022,0.081208,0.021523,0.488987,0.763065,1.979938,-0.020733,-0.758713,0.468654,0.246256,-0.905127,-0.241302
0.5787978172,1782824445,20.90908591,3.506804476,24.41589039,-1.978472,0.189639,0.064406,0.023919,0.47541,0.759149,2.039675,-0.019321,-0.771496,0.497785,0.256457,-0.95158,-0.240064
0.5920579433,1782824445,20.6535981,3.652292145,24.30589024,-1.9667,0.199748,0.047611,0.025456,0.460912,0.756523,2.039675,-0.019321,-0.771496,0.521536,0.27033,-0.895535,-0.239234
0.6061928272,1782824445,20.42891731,3.797553756,24.22647107,-1.954671,0.210199,0.030545,0.024481,0.444863,0.75546,2.091461,-0.013997,-0.759178,0.52974,0.307973,-0.916182,-0.238898
0.6217498779,1782824446,20.20003794,3.839311771,24.03934971,-1.942059,0.221104,0.013895,0.026733,0.430264,0.754834,2.134004,-0.007615,-0.707207,0.52974,0.330034,-0.931218,-0.2387
0.6367909908,1782824446,19.72771827,3.629726273,23.35744454,-1.915541,0.24415,-0.017847,0.024669,0.393754,0.745542,2.134004,-0.007615,-0.707207,0.52974,0.393287,-0.783086,-0.235761
0.6525659561,1782824446,19.27900126,3.466408284,22.74540955,-1.886845,0.2688,-0.047105,0.030617,0.356911,0.739887,2.145154,-0.005492,-0.721107,0.52974,0.418095,-0.656214,-0.233973
0.666000843,1782824446,19.06108261,3.514286936,22.57536954,-1.871782,0.281683,-0.06078,0.027827,0.337785,0.736001,2.189021,0.003005,-0.634552,0.52974,0.476693,-0.653174,-0.232744
0.680341959,1782824446,18.84267441,3.617615763,22.46029017,-1.856193,0.294942,-0.073386,0.028468,0.324437,0.733627,2.250612,0.000671,-0.417218,0.52974,0.498872,-0.713216,-0.231993
0.694341898,1782824446,18.61419252,3.528604238,22.14279676,-1.840436,0.309186,-0.085005,0.035708,0.308181,0.722575,2.250612,0.000671,-0.417218,0.52974,0.489583,-0.656092,-0.228498
0.7147009373,1782824446,18.16831871,3.17878328,21.34710199,-1.806207,0.336823,-0.105619,0.041461,0.281433,0.72291,2.307122,0.016346,-0.174494,0.487519,0.54441,-0.673345,-0.228604
0.7288849354,1782824446,17.92886114,3.229567059,21.1584282,-1.788591,0.351062,-0.11392,0.045331,0.264236,0.717812,2.307122,0.016346,-0.174494,0.499257,0.554259,-0.615031,-0.226992
0.7439069748,1782824446,17.4447755,3.243093598,20.6878691,-1.751933,0.381069,-0.126737,0.045168,0.229811,0.710348,2.321954,0.026906,-0.134797,0.500713,0.639604,-0.525743,-0.224632
0.7642438412,1782824446,17.19649552,2.142054981,19.3385505,-1.732911,0.39646,-0.131529,0.063437,0.201316,0.69895,2.355488,0.026422,0.134317,0.394472,0.569427,-0.461382,-0.221027
0.7799658775,1782824446,16.69503672,1.922215374,18.61725209,-1.694177,0.427244,-0.136718,0.063387,0.18594,0.695577,2.372103,0.033448,0.261708,0.348311,0.650071,-0.487888,-0.219961
0.7939879894,1782824446,16.44143262,1.62249985,18.06393247,-1.674227,0.443049,-0.137575,0.065449,0.174468,0.690205,2.389072,0.038154,0.393515,0.29417,0.681417,-0.495149,-0.218262
0.8107910156,1782824446,16.16663591,1.535727819,17.70236373,-1.653717,0.458262,-0.137591,0.077075,0.158172,0.68891,2.389072,0.038154,0.393515,0.294192,0.649378,-0.448427,-0.217853
0.8258509636,1782824446,15.60462898,1.422212145,17.02684112,-1.612287,0.489237,-0.132845,0.088731,0.131672,0.679908,2.397815,0.047928,0.419341,0.276634,0.668447,-0.404845,-0.215006
0.8408799171,1782824446,15.3247024,0.9454218937,16.2701243,-1.591064,0.50438,-0.129428,0.100047,0.103943,0.67159,2.396246,0.037149,0.572705,0.207395,0.620338,-0.292186,-0.212375
0.8558228016,1782824446,14.77220327,0.9269419133,15.69914519,-1.548592,0.534747,-0.120215,0.113582,0.090514,0.669728,2.407621,0.043838,0.567553,0.196529,0.622312,-0.329514,-0.211787
0.8724138737,1782824446,14.48875666,0.8080999191,15.29685658,-1.527291,0.549325,-0.114561,0.125642,0.068926,0.66353,2.407621,0.043838,0.567553,0.188533,0.586394,-0.254495,-0.209827
0.8863689899,1782824446,14.21404768,0.7015598385,14.91560752,-1.505425,0.564021,-0.108323,0.125642,0.068926,0.66353,2.401239,0.012111,0.618986,0.158112,0.567217,-0.292922,-0.209827
0.9013559818,1782824446,13.94517227,0.635927343,14.58109962,-1.484173,0.578314,-0.101902,0.133811,0.053823,0.659094,2.401239,0.012111,0.618986,0.149031,0.552763,-0.254632,-0.208424
0.9183349609,1782824446,13.42007911,0.6370729885,14.0571521,-1.440946,0.60635,-0.088781,0.142608,0.03786,0.655887,2.406781,-0.01321,0.555586,0.1571,0.523945,-0.269688,-0.20741
0.9327819347,1782824446,12.91721114,0.5807589517,13.49797009,-1.397475,0.633589,-0.075259,0.151835,0.018138,0.64776,2.406781,-0.01321,0.555586,0.137977,0.532428,-0.25484,-0.20484
0.9460628033,1782824446,12.67326423,0.528964133,13.20222836,-1.375942,0.646683,-0.068388,0.160102,0.007529,0.644614,2.404485,-0.04409,0.511899,0.146607,0.464089,-0.238949,-0.203845
0.9606280327,1782824446,12.44092541,0.5846044721,13.02552988,-1.354326,0.659652,-0.062082,0.165505,0.000563,0.644376,2.409207,-0.068606,0.427614,0.173086,0.422187,-0.255447,-0.203769
0.9773638248,1782824446,11.99991132,0.5223771754,12.5222885,-1.310968,0.684953,-0.049881,0.175522,-0.018099,0.639424,2.409207,-0.068606,0.427614,0.155831,0.421849,-0.246376,-0.202204
0.9941549301,1782824446,11.76987171,0.6342123814,12.40408409,-1.289187,0.696942,-0.044652,0.181435,-0.026041,0.637382,2.392313,-0.140386,0.272706,0.213492,0.29733,-0.222246,-0.201558
1.008837938,1782824446,11.57348749,0.5894916964,12.16297918,-1.267827,0.709175,-0.039279,0.188513,-0.03661,0.636904,2.392313,-0.140386,0.272706,0.205893,0.28447,-0.209963,-0.201407
1.02402091,1782824446,11.17275349,0.6441318683,11.81688536,-1.224663,0.732391,-0.029895,0.196181,-0.052747,0.631908,2.373696,-0.18878,0.18594,0.229061,0.213445,-0.184263,-0.199827
1.039717913,1782824446,10.99232728,0.7215078507,11.71383513,-1.203309,0.744097,-0.025295,0.203658,-0.063092,0.633406,2.364462,-0.229204,0.113828,0.252839,0.130842,-0.158089,-0.200301
1.053643942,1782824446,10.63748373,0.6919390269,11.32942275,-1.160265,0.765975,-0.017956,0.202775,-0.077209,0.629323,2.364462,-0.229204,0.113828,0.24246,0.184779,-0.174134,-0.199009
1.067147017,1782824446,10.46486882,0.754621507,11.21949032,-1.139022,0.776566,-0.014782,0.214025,-0.085209,0.627915,2.347,-0.276342,0.055494,0.26247,0.067228,-0.147544,-0.198564
1.082805872,1782824446,10.28709761,0.9137818606,11.20087947,-1.11784,0.787031,-0.012123,0.209863,-0.095412,0.62413,2.310762,-0.321479,-0.029688,0.294483,0.040245,-0.077499,-0.197367
1.096717834,1782824446,10.12319343,0.8934228523,11.01661629,-1.096435,0.796735,-0.009421,0.211808,-0.102422,0.621865,2.310762,-0.321479,-0.029688,0.290662,0.050897,-0.085538,-0.196651
1.11104393,1782824446,9.812977196,0.953632462,10.76660966,-1.054349,0.815963,-0.005159,0.21583,-0.119132,0.619126,2.285458,-0.360128,-0.071567,0.302221,0.00765,-0.043207,-0.195785
1.125149965,1782824446,9.643187966,1.012864977,10.65605294,-1.033019,0.825059,-0.003088,0.216876,-0.123376,0.61605,2.237587,-0.403647,-0.101404,0.311824,-0.049332,0.011728,-0.194812
1.141515017,1782824446,9.35708857,1.057885201,10.41497377,-0.991341,0.842237,0.000375,0.218273,-0.139608,0.61139,2.22229,-0.452795,-0.127057,0.317699,-0.09947,0.035844,-0.193338
1.154599905,1782824446,9.223758374,1.037870933,10.26162931,-0.970817,0.850256,0.002524,0.221243,-0.146114,0.611165,2.22229,-0.452795,-0.127057,0.31466,-0.098413,0.026917,-0.193267
1.16858983,1782824446,9.071504517,1.098158233,10.16966275,-0.949927,0.858002,0.004304,0.215591,-0.152081,0.609312,2.178057,-0.485171,-0.152843,0.322971,-0.102079,0.086655,-0.192682
1.183401823,1782824446,8.928430224,1.039194518,9.967624742,-0.929528,0.865323,0.005835,0.215457,-0.157869,0.608932,2.135732,-0.529891,-0.125384,0.309275,-0.158295,0.143343,-0.192561
1.197856903,1782824446,8.781618027,1.034968818,9.816586845,-0.909128,0.872361,0.007759,0.214281,-0.165816,0.605957,2.084164,-0.571213,-0.111777,0.300839,-0.20365,0.227456,-0.19162
1.211934805,1782824446,8.532293271,0.9801065945,9.512399866,-0.869011,0.884797,0.011906,0.21486,-0.17747,0.60267,2.084164,-0.571213,-0.111777,0.294974,-0.17913,0.203964,-0.190581
1.225777864,1782824446,8.389622309,0.9639177182,9.353540027,-0.84895,0.89031,0.013966,0.209415,-0.18214,0.601353,2.028787,-0.608708,-0.095012,0.285021,-0.197365,0.276464,-0.190165
1.239246845,1782824446,8.257068155,0.9211370537,9.178205209,-0.829137,0.895565,0.016375,0.208385,-0.188071,0.600809,1.980992,-0.652573,-0.055869,0.265175,-0.251706,0.344247,-0.189993
1.256295919,1782824446,8.020989147,0.8399458578,8.860935005,-0.790206,0.90451,0.021209,0.203428,-0.197207,0.596503,1.980992,-0.652573,-0.055869,0.258339,-0.20354,0.309104,-0.188631
1.274559021,1782824446,7.88929106,0.8710970518,8.760388111,-0.771116,0.908198,0.023825,0.201185,-0.203029,0.596852,1.919751,-0.690003,-0.040528,0.248196,-0.243947,0.399939,-0.188741
1.289997816,1782824446,7.759462722,0.8644872065,8.623949928,-0.752061,0.91158,0.026693,0.199538,-0.2065,0.595737,1.862698,-0.722675,-0.006736,0.229949,-0.280611,0.470626,-0.188389
1.305477858,1782824446,7.524557975,0.8534246348,8.37798261,-0.714727,0.917112,0.032429,0.190853,-0.212738,0.594071,1.802551,-0.760707,0.006737,0.216179,-0.281274,0.521233,-0.187862
1.318719864,1782824446,7.417192611,0.8336465904,8.250839201,-0.696428,0.919106,0.035312,0.192291,-0.219204,0.593398,1.802551,-0.760707,0.006737,0.212102,-0.284986,0.517054,-0.187649
1.333030939,1782824446,7.186582822,0.8667660656,8.053348887,-0.660149,0.922159,0.040865,0.184571,-0.222779,0.59089,1.728179,-0.812983,0.019787,0.198768,-0.320036,0.578222,-0.186856
1.346628904,1782824446,7.078382913,0.8840612085,7.962444122,-0.642323,0.923057,0.043824,0.180694,-0.224802,0.590485,1.702797,-0.836321,0.014332,0.196874,-0.334282,0.591486,-0.186728
1.362478018,1782824446,6.862036245,0.9080657124,7.770101958,-0.607278,0.92381,0.04885,0.175124,-0.225374,0.589542,1.648406,-0.870755,0.002742,0.194633,-0.357429,0.605586,-0.186429
1.37609601,1782824446,6.766038472,0.8330374668,7.599075939,-0.590129,0.924021,0.051061,0.167398,-0.227175,0.589957,1.648406,-0.870755,0.002742,0.191508,-0.31306,0.577471,-0.186561
1.390839815,1782824446,6.747672967,1.087235639,7.834908607,-0.590129,0.924021,0.051061,0.167398,-0.227175,0.589957,1.564971,-0.917903,-0.011355,0.197428,-0.390391,0.714316,-0.186561
1.409720898,1782824446,6.543979224,1.035191525,7.579170749,-0.55625,0.922997,0.055024,0.158431,-0.228327,0.590145,1.528423,-0.933397,-0.011673,0.191957,-0.367147,0.705048,-0.18662
1.423816919,1782824446,6.346915575,1.113995981,7.460911556,-0.523221,0.920941,0.058211,0.152615,-0.229366,0.589562,1.486892,-0.964765,-0.058921,0.207292,-0.390146,0.705212,-0.186436
1.440089941,1782824446,6.23452752,1.205752073,7.440279593,-0.506744,0.919364,0.059425,0.146918,-0.227654,0.588078,1.421435,-0.991181,-0.057801,0.205105,-0.404634,0.766002,-0.185967
1.454651833,1782824446,6.044100393,1.014406671,7.058507064,-0.474792,0.915676,0.060326,0.13284,-0.223957,0.586907,1.421435,-0.991181,-0.057801,0.203831,-0.332895,0.673551,-0.185596
1.471477032,1782824446,6.043585943,1.15811031,7.201696253,-0.474792,0.915676,0.060326,0.125035,-0.221209,0.587998,1.388088,-1.02677,-0.102404,0.222562,-0.346922,0.712631,-0.185941
1.484740973,1782824446,5.845272421,1.292965814,7.138238234,-0.443509,0.911111,0.061005,0.125035,-0.221209,0.587998,1.320673,-1.041082,-0.131207,0.233698,-0.380603,0.75325,-0.185941
1.501756907,1782824446,5.751581163,1.404800018,7.156381181,-0.428369,0.908588,0.060625,0.122565,-0.219599,0.588693,1.273978,-1.075908,-0.140312,0.238058,-0.429329,0.786832,-0.186161
1.515034914,1782824446,5.569427458,1.262329114,6.831756571,-0.398051,0.902662,0.059465,0.112194,-0.218235,0.588591,1.273978,-1.075908,-0.140312,0.239699,-0.383657,0.711292,-0.186129
1.529506922,1782824446,5.475465577,1.47920962,6.954675196,-0.383289,0.899488,0.058455,0.109376,-0.219918,0.591962,1.21743,-1.091346,-0.184698,0.259768,-0.400064,0.780591,-0.187195
1.543588877,1782824446,5.289437487,1.489499877,6.778937363,-0.354215,0.892373,0.056198,0.096611,-0.215221,0.593349,1.159499,-1.102269,-0.192668,0.266307,-0.361365,0.78391,-0.187633
1.557224035,1782824446,5.195603763,1.417312416,6.612916179,-0.339721,0.888154,0.054631,0.09099,-0.213061,0.591397,1.159499,-1.102269,-0.192668,0.268524,-0.338865,0.739227,-0.187016
1.571363926,1782824446,5.107229787,1.518606915,6.625836701,-0.325829,0.884148,0.053351,0.088075,-0.21169,0.592768,1.11053,-1.127608,-0.194513,0.271108,-0.372821,0.780691,-0.18745
1.584476948,1782824446,5.013075391,1.568799798,6.581875189,-0.311885,0.87985,0.051508,0.079349,-0.209442,0.591976,1.064214,-1.142556,-0.192929,0.273049,-0.357369,0.812703,-0.187199
1.599149942,1782824446,4.919757331,1.674417078,6.594174409,-0.298146,0.875456,0.049985,0.075882,-0.206044,0.591635,1.009636,-1.150019,-0.204256,0.279959,-0.359737,0.852193,-0.187091
1.61687088,1782824446,4.739124817,1.705238238,6.444363055,-0.271342,0.865657,0.046195,0.06901,-0.201902,0.588506,0.963717,-1.154033,-0.213457,0.289184,-0.34919,0.844036,-0.186102
1.631752968,1782824447,4.575924401,1.565068149,6.140992549,-0.245364,0.855474,0.042438,0.059744,-0.195437,0.5873,0.963717,-1.154033,-0.213457,0.294497,-0.319313,0.74922,-0.18572
1.644932985,1782824447,4.487475857,1.586361872,6.073837729,-0.232608,0.85008,0.040194,0.054796,-0.192695,0.584703,0.927729,-1.162995,-0.20585,0.294476,-0.31796,0.764143,-0.184899
1.663384914,1782824447,4.40047146,1.602107483,6.002578943,-0.220101,0.844376,0.038192,0.0477,-0.188343,0.584753,0.887398,-1.16462,-0.203226,0.296205,-0.293063,0.777595,-0.184915
1.679363012,1782824447,4.231409646,1.622162737,5.853572383,-0.195739,0.832967,0.034108,0.03978,-0.184318,0.579653,0.830497,-1.16258,-0.19284,0.297619,-0.270231,0.793579,-0.183302
1.695868969,1782824447,4.154825046,1.591950336,5.746775382,-0.184092,0.826865,0.032204,0.03922,-0.183016,0.578577,0.830497,-1.16258,-0.19284,0.300312,-0.2807,0.760138,-0.182962
1.716856956,1782824447,3.992218769,1.568108879,5.560327648,-0.16122,0.814493,0.028242,0.032237,-0.177025,0.572124,0.780707,-1.160649,-0.175737,0.298732,-0.265516,0.756617,-0.180922
1.731165886,1782824447,3.839687544,1.505514316,5.345201859,-0.139103,0.801459,0.024537,0.023991,-0.170944,0.568745,0.750752,-1.156339,-0.16401,0.299048,-0.240746,0.721742,-0.179853
1.745182991,1782824447,3.758668461,1.496863343,5.255531804,-0.12858,0.794781,0.022995,0.020191,-0.165892,0.565302,0.709243,-1.149551,-0.149544,0.295153,-0.222955,0.737594,-0.178764
1.760937929,1782824447,3.677813514,1.439036912,5.116850426,-0.118168,0.788074,0.021438,0.013832,-0.164352,0.557722,0.682001,-1.148218,-0.11718,0.283763,-0.199635,0.750242,-0.176367
1.775731802,1782824447,3.542941794,1.387510059,4.930451853,-0.098161,0.774264,0.018917,0.014617,-0.161602,0.554819,0.682001,-1.148218,-0.11718,0.287329,-0.234979,0.689879,-0.175449
1.792266846,1782824447,3.53135247,1.433950983,4.965303453,-0.098161,0.774264,0.018917,0.006699,-0.158755,0.551946,0.633248,-1.140858,-0.108102,0.283516,-0.177922,0.753669,-0.174541
1.81042695,1782824447,3.394468758,1.424246275,4.818715033,-0.079075,0.759707,0.016499,0.011402,-0.157784,0.550243,0.600674,-1.139988,-0.082364,0.276127,-0.235762,0.758897,-0.174002
1.825985909,1782824447,3.254678845,1.369632547,4.624311391,-0.060813,0.744839,0.014678,0.007316,-0.153935,0.543019,0.563759,-1.134174,-0.053955,0.266771,-0.236258,0.756743,-0.171718
1.839762926,1782824447,3.19044591,1.326288519,4.516734429,-0.052205,0.737426,0.013672,0.003749,-0.151516,0.539527,0.563759,-1.134174,-0.053955,0.268194,-0.232569,0.723748,-0.170613
1.856492996,1782824447,3.056519691,1.290926021,4.347445712,-0.035379,0.722316,0.012375,-0.001003,-0.145032,0.533,0.518267,-1.119391,-0.037453,0.263099,-0.21511,0.723902,-0.168549
1.870712996,1782824447,2.991822658,1.27310385,4.264926508,-0.027484,0.714624,0.011853,-0.006594,-0.143609,0.531356,0.481444,-1.114484,-0.008022,0.251476,-0.192496,0.75856,-0.16803
1.883948803,1782824447,2.924345097,1.303900878,4.228245976,-0.019514,0.706923,0.011393,-0.009619,-0.140697,0.525948,0.44624,-1.107327,-0.006348,0.251424,-0.180796,0.781928,-0.166319
1.903095961,1782824447,2.801400462,1.259245521,4.060645983,-0.004609,0.691427,0.010746,-0.017149,-0.135188,0.518988,0.417156,-1.09554,-9.9e-05,0.249714,-0.153331,0.765003,-0.164118
1.917331934,1782824447,2.73759888,1.295449454,4.033048334,0.002565,0.683529,0.010231,-0.017825,-0.132729,0.515726,0.379143,-1.082894,0.007339,0.247319,-0.146404,0.79734,-0.163087
1.932968855,1782824447,2.626342821,1.197862756,3.824205577,0.016343,0.667785,0.009808,-0.021815,-0.126185,0.510013,0.379143,-1.082894,0.007339,0.247918,-0.158946,0.729352,-0.16128
1.947679996,1782824447,2.561573258,1.226556581,3.788129839,0.022682,0.659755,0.009535,-0.023273,-0.124008,0.502336,0.342466,-1.072883,0.017251,0.244141,-0.152194,0.762962,-0.158853
1.962445021,1782824447,2.448602137,1.231529668,3.680131805,0.035111,0.643825,0.008837,-0.028905,-0.116394,0.49472,0.303919,-1.062506,0.009198,0.248509,-0.138798,0.755131,-0.156444
1.976389885,1782824447,2.397485407,1.185727346,3.583212753,0.040952,0.635893,0.008275,-0.032478,-0.112875,0.492356,0.303919,-1.062506,0.009198,0.249304,-0.136235,0.722081,-0.155697
1.990839005,1782824447,2.393902918,1.240340791,3.63424371,0.040952,0.635893,0.008275,-0.032478,-0.112875,0.492356,0.283301,-1.051315,0.004774,0.251162,-0.117879,0.755897,-0.155697
2.006939888,1782824447,2.286676238,1.299652644,3.586328882,0.051891,0.620246,0.007489,-0.033489,-0.111021,0.483631,0.246309,-1.035639,-0.001912,0.255082,-0.121413,0.781571,-0.152938
2.020853996,1782824447,2.181325643,1.302200997,3.48352664,0.062175,0.60421,0.006323,-0.031253,-0.102025,0.475617,0.210013,-1.020211,-0.007108,0.258914,-0.14467,0.766998,-0.150403
2.033951998,1782824447,2.13143809,1.253954575,3.385392666,0.066991,0.596171,0.00575,-0.03692,-0.098287,0.470784,0.210013,-1.020211,-0.007108,0.259723,-0.13045,0.734992,-0.148875
2.047439814,1782824447,2.080396891,1.366968098,3.447364989,0.071668,0.588297,0.004933,-0.033943,-0.096662,0.466999,0.174703,-1.007448,-0.027748,0.269547,-0.144037,0.773212,-0.147678
2.062645912,1782824447,1.982176955,1.311101558,3.293278513,0.080457,0.572513,0.003228,-0.043735,-0.086191,0.456507,0.14284,-0.99666,-0.019997,0.268703,-0.106006,0.746332,-0.14436
2.076987982,1782824447,1.935993133,1.287819171,3.223812304,0.084165,0.564482,0.001997,-0.042141,-0.082995,0.452786,0.14284,-0.99666,-0.019997,0.270443,-0.133016,0.719882,-0.143184
2.092116833,1782824447,1.886820544,1.37061794,3.257438485,0.087992,0.556771,0.001127,-0.042418,-0.079163,0.447453,0.110993,-0.978229,-0.040806,0.280413,-0.118453,0.741789,-0.141497
2.10591197,1782824447,1.839481515,1.371123948,3.210605463,0.091523,0.548899,-3.7e-05,-0.045329,-0.073385,0.442578,0.087832,-0.967437,-0.040553,0.281953,-0.101817,0.73905,-0.139955
2.120332956,1782824447,1.796735115,1.342002253,3.138737368,0.094881,0.541109,-0.001156,-0.045502,-0.069686,0.438725,0.087832,-0.967437,-0.040553,0.283535,-0.118257,0.710527,-0.138737
2.135001898,1782824447,1.708031316,1.32926521,3.037296525,0.101285,0.525484,-0.003248,-0.051456,-0.061705,0.42943,0.058192,-0.950399,-0.037389,0.285166,-0.091423,0.699478,-0.135798
2.149183035,1782824447,1.662357968,1.379527804,3.041885772,0.103849,0.517652,-0.004301,-0.047507,-0.056912,0.424924,0.021074,-0.93248,-0.037504,0.286702,-0.101985,0.727386,-0.134373
2.163956881,1782824447,1.579381123,1.340843008,2.92022413,0.108901,0.502601,-0.006245,-0.050875,-0.048272,0.414194,-0.000792,-0.917183,-0.030678,0.286585,-0.091409,0.702867,-0.13098
2.204655886,1782824447,1.457800157,1.333928771,2.791728928,0.115147,0.480087,-0.00851,-0.052211,-0.037397,0.399138,-0.048651,-0.881129,-0.020209,0.285392,-0.075028,0.705608,-0.126218
2.218915939,1782824447,1.418677271,1.316871546,2.735548817,0.116811,0.472747,-0.009196,-0.057068,-0.033017,0.396119,-0.08592,-0.855717,0.007022,0.274927,-0.022172,0.738133,-0.125264
2.2329638,1782824447,1.346010859,1.257962691,2.60397355,0.119687,0.458092,-0.010563,-0.055085,-0.025181,0.385458,-0.08592,-0.855717,0.007022,0.276859,-0.066208,0.687177,-0.121893
2.246392012,1782824447,1.307295595,1.251440101,2.558735696,0.120831,0.450954,-0.01084,-0.05967,-0.020735,0.379434,-0.102877,-0.834936,0.008885,0.276469,-0.022032,0.687173,-0.119987
2.260020971,1782824447,1.272846021,1.224807384,2.497653406,0.122122,0.444116,-0.011202,-0.054043,-0.018829,0.374897,-0.115592,-0.820307,0.026555,0.269561,-0.0453,0.694312,-0.118553
2.275302887,1782824447,1.20539474,1.154114669,2.359509409,0.123924,0.430203,-0.011174,-0.057981,-0.010255,0.362898,-0.115592,-0.820307,0.026555,0.26952,-0.054038,0.641572,-0.114759
2.289574862,1782824447,1.202677478,1.163104077,2.365781556,0.123924,0.430203,-0.011174,-0.057981,-0.010255,0.362898,-0.136569,-0.799631,0.041675,0.26317,-0.020126,0.675977,-0.114759
2.306708813,1782824447,1.138771818,1.105077078,2.243848895,0.125102,0.417054,-0.011232,-0.066875,-0.001323,0.352159,-0.143382,-0.785003,0.042865,0.262753,0.024997,0.633766,-0.111362
2.32196784,1782824447,1.105078176,1.057643321,2.162721497,0.125504,0.410418,-0.010865,-0.062529,0.001287,0.346809,-0.159794,-0.761804,0.070049,0.250817,0.023518,0.644958,-0.109671
2.33719492,1782824447,1.048119322,1.028520303,2.076639625,0.125903,0.397758,-0.010544,-0.064301,0.004694,0.337767,-0.159794,-0.761804,0.070049,0.250364,0.005273,0.62471,-0.106811
2.351286888,1782824447,0.988904688,1.030858082,2.01976277,0.126081,0.385511,-0.009742,-0.063027,0.01115,0.325382,-0.179703,-0.738364,0.063264,0.252079,0.009095,0.620282,-0.102895
2.365536928,1782824447,0.9605570449,1.047694465,2.00825151,0.125864,0.379556,-0.009496,-0.058718,0.011378,0.320434,-0.182168,-0.724986,0.056248,0.254678,-0.006757,0.623516,-0.10133
2.379987001,1782824447,0.9605570449,1.047694465,2.00825151,0.125864,0.379556,-0.009496,-0.058718,0.011378,0.320434,-0.182168,-0.724986,0.056248,0.254678,-0.006757,0.623516,-0.10133
2.396893024,1782824447,0.9039945258,1.065468031,1.969462557,0.125312,0.368192,-0.008514,-0.058028,0.015573,0.308195,-0.209,-0.679388,0.057662,0.252694,0.038697,0.644926,-0.09746
2.411125898,1782824447,0.8560284087,1.034563395,1.890591804,0.124306,0.357067,-0.007747,-0.057722,0.019218,0.298088,-0.209,-0.679388,0.057662,0.251609,0.012079,0.626467,-0.094264
2.425765038,1782824447,0.8288610028,1.040299681,1.869160684,0.124093,0.351523,-0.007687,-0.060679,0.022083,0.289655,-0.212191,-0.661661,0.049268,0.25505,0.045558,0.615897,-0.091597
2.444535971,1782824447,0.8020361753,1.01059323,1.812629405,0.123419,0.346677,-0.007252,-0.058782,0.025226,0.278389,-0.218743,-0.639183,0.059029,0.250337,0.060814,0.610294,-0.088034
2.464028835,1782824447,0.7619284951,0.975767863,1.737696358,0.122157,0.336606,-0.006951,-0.066207,0.030902,0.270758,-0.218743,-0.639183,0.059029,0.24991,0.080479,0.58087,-0.085621
2.481496811,1782824447,0.7346897234,1.040693301,1.775383024,0.121401,0.331587,-0.006713,-0.063901,0.03501,0.260692,-0.238409,-0.600291,0.037107,0.25878,0.119942,0.591473,-0.082438
2.496287823,1782824447,0.6988584477,1.04013502,1.738993468,0.119637,0.322225,-0.006215,-0.057511,0.033668,0.255099,-0.238409,-0.600291,0.037107,0.258076,0.062706,0.603045,-0.080669
2.509922981,1782824447,0.6756466969,1.118307412,1.793954109,0.118942,0.317543,-0.006176,-0.059502,0.034096,0.247537,-0.243446,-0.568321,0.009857,0.269464,0.115981,0.610426,-0.078278
2.524204016,1782824447,0.6378445139,1.102948732,1.740793246,0.116671,0.30917,-0.006416,-0.063968,0.039857,0.233299,-0.242567,-0.549051,0.006411,0.271251,0.154237,0.581331,-0.073776
2.539583921,1782824447,0.6207782413,1.156822505,1.777600746,0.11579,0.305014,-0.006372,-0.062883,0.041978,0.228403,-0.250043,-0.536162,-0.015225,0.280275,0.159919,0.583516,-0.072227
2.55318594,1782824447,0.5890611307,1.149466765,1.738527895,0.113473,0.297132,-0.00705,-0.062465,0.043828,0.215974,-0.250043,-0.536162,-0.015225,0.281234,0.13992,0.578186,-0.068297
2.567080021,1782824447,0.5725492329,1.114548628,1.687097861,0.112443,0.293475,-0.006901,-0.053493,0.046235,0.210506,-0.251696,-0.515632,-0.00795,0.277968,0.11444,0.569525,-0.066568
2.582530975,1782824447,0.5576730049,1.13496336,1.692636365,0.111402,0.289817,-0.007305,-0.046058,0.042624,0.203129,-0.251696,-0.515632,-0.00795,0.278539,0.064022,0.592367,-0.064235
2.597302914,1782824447,0.5419328333,1.144206346,1.686139179,0.110114,0.286469,-0.00768,-0.050248,0.046999,0.198167,-0.255361,-0.485011,-0.013135,0.281247,0.13056,0.576398,-0.062666
2.610873938,1782824447,0.5146592232,1.082006821,1.596666044,0.107811,0.279875,-0.00814,-0.045906,0.048264,0.184068,-0.242662,-0.483267,0.000211,0.276293,0.094013,0.553536,-0.058207
2.624680996,1782824448,0.5009450016,1.112907499,1.613852501,0.106883,0.276909,-0.008535,-0.048921,0.052735,0.178386,-0.261654,-0.444859,0.000179,0.276866,0.167502,0.561356,-0.056411
2.641860962,1782824448,0.4878216591,1.10616874,1.593990399,0.105649,0.273594,-0.008651,-0.046087,0.053228,0.170634,-0.261654,-0.444859,0.000179,0.277029,0.143986,0.561315,-0.053959
2.656422853,1782824448,0.4649806168,1.085653466,1.550634083,0.103262,0.268113,-0.009027,-0.037291,0.055596,0.159351,-0.255794,-0.426948,-0.001908,0.278437,0.111132,0.543592,-0.050391
2.67116785,1782824448,0.4517753738,1.039795226,1.491570599,0.102298,0.265538,-0.008828,-0.037175,0.05667,0.146524,-0.255504,-0.410531,0.01724,0.270114,0.131641,0.539169,-0.046335
2.684958935,1782824448,0.4421563476,1.03348308,1.475639428,0.100979,0.263012,-0.008539,-0.037175,0.05667,0.146524,-0.252198,-0.393778,0.020635,0.26828,0.15347,0.536695,-0.046335
2.698760033,1782824448,0.4304697103,0.9988941579,1.429363868,0.099859,0.260531,-0.008365,-0.040111,0.059283,0.136681,-0.244937,-0.381485,0.028742,0.26463,0.184767,0.512442,-0.043222
2.713182926,1782824448,0.4136669835,0.9769254309,1.390592414,0.097635,0.256084,-0.008338,-0.029125,0.060151,0.125047,-0.244937,-0.381485,0.028742,0.264591,0.112405,0.512487,-0.039543
2.727968931,1782824448,0.4049780949,0.9618732719,1.366851367,0.096265,0.254307,-0.007957,-0.033908,0.063155,0.118242,-0.248372,-0.363542,0.036969,0.260597,0.165034,0.504114,-0.037392
2.742714882,1782824448,0.3897511586,0.9429735307,1.332724689,0.094193,0.25024,-0.007511,-0.026041,0.063798,0.106523,-0.248822,-0.360548,0.038504,0.259322,0.116154,0.505834,-0.033686
2.756765842,1782824448,0.3813710213,0.9185025787,1.2998736,0.093051,0.248539,-0.006817,-0.030725,0.063725,0.100128,-0.241948,-0.341359,0.050832,0.253164,0.17044,0.497524,-0.031663
2.772370815,1782824448,0.3671856426,0.8989831577,1.2661688,0.090857,0.244799,-0.006025,-0.021785,0.066947,0.08836,-0.241621,-0.3349,0.044147,0.254851,0.121876,0.483589,-0.027942
2.786059856,1782824448,0.3671856426,0.8989831577,1.2661688,0.090857,0.244799,-0.006025,-0.021785,0.066947,0.08836,-0.241621,-0.3349,0.044147,0.254851,0.121876,0.483589,-0.027942
2.800797939,1782824448,0.3591445338,0.889449614,1.248594148,0.089823,0.243218,-0.005726,-0.019167,0.066763,0.076235,-0.237776,-0.319438,0.047001,0.25323,0.128827,0.480643,-0.024108
2.815634012,1782824448,0.34869009,0.8758025708,1.224492661,0.08788,0.240402,-0.00475,-0.018054,0.066174,0.069324,-0.235415,-0.309292,0.052371,0.249594,0.132849,0.48446,-0.021922
2.831650972,1782824448,0.3392176115,0.8516952482,1.19091286,0.085979,0.237757,-0.003821,-0.012375,0.068525,0.058774,-0.235415,-0.309292,0.052371,0.24828,0.094666,0.475351,-0.018586
2.845021963,1782824448,0.3341426906,0.8629928288,1.197135519,0.085101,0.236484,-0.003371,-0.019252,0.070407,0.053687,-0.228931,-0.304138,0.041845,0.252064,0.139348,0.455987,-0.016977
2.858894825,1782824448,0.3286294828,0.8688915376,1.19752102,0.084093,0.235029,-0.00311,-0.011794,0.069797,0.048165,-0.226191,-0.297096,0.034777,0.254663,0.105269,0.457215,-0.015231
2.875435829,1782824448,0.3201237715,0.8843375388,1.20446131,0.082485,0.232799,-0.002478,-0.008375,0.070881,0.037289,-0.225772,-0.281956,0.024104,0.258252,0.105691,0.453968,-0.011792
2.892009974,1782824448,0.3158801556,0.9057461888,1.221626344,0.081946,0.231475,-0.00248,-0.009257,0.073415,0.028809,-0.2272,-0.277975,0.010741,0.263866,0.114271,0.443117,-0.00911
2.906865835,1782824448,0.3127030877,0.9057276658,1.218430753,0.081056,0.230514,-0.002253,-0.005575,0.072499,0.025267,-0.2272,-0.277975,0.010741,0.263546,0.091203,0.450312,-0.00799
2.922890902,1782824448,0.3054293871,0.9201753475,1.225604735,0.079523,0.228169,-0.002298,-0.001408,0.074762,0.017267,-0.231262,-0.268193,0.002297,0.267155,0.078324,0.447541,-0.00546
2.937942028,1782824448,0.3018519626,0.9157861235,1.217638086,0.078794,0.227262,-0.00214,-0.000101,0.07431,0.011641,-0.209888,-0.2716,-0.009028,0.271688,0.063285,0.416682,-0.003681
2.953662872,1782824448,0.2965150946,0.9112439748,1.207759069,0.077568,0.225367,-0.002391,0.003411,0.075638,0.001408,-0.209888,-0.2716,-0.009028,0.272042,0.039096,0.411882,-0.000445
2.973088026,1782824448,0.2904383693,0.9033652616,1.193803631,0.076373,0.223499,-0.002635,0.011058,0.074925,-0.006826,-0.202414,-0.257946,-0.007321,0.271671,0.013864,0.406346,0.002158
2.986464977,1782824448,0.2904383693,0.9033652616,1.193803631,0.076373,0.223499,-0.002635,0.011058,0.074925,-0.006826,-0.202414,-0.257946,-0.007321,0.271671,0.013864,0.406346,0.002158
3.001042843,1782824448,0.2880591197,0.9081177772,1.196176897,0.076011,0.222554,-0.003005,0.005503,0.075718,-0.016115,-0.195169,-0.258401,-0.012845,0.274514,0.042568,0.390769,0.005096
3.015031815,1782824448,0.2838721266,0.9176084194,1.201480546,0.074822,0.220941,-0.003579,0.01032,0.074697,-0.021871,-0.195169,-0.258401,-0.012845,0.275326,0.01159,0.399227,0.006916
3.028944016,1782824448,0.2819191884,0.9278524023,1.209771591,0.074597,0.220263,-0.003793,0.007455,0.074584,-0.024762,-0.190164,-0.253054,-0.018462,0.277987,0.035127,0.39216,0.00783
3.042989016,1782824448,0.2776268572,0.8856973486,1.163324206,0.073773,0.218602,-0.00408,0.008104,0.07428,-0.032188,-0.184808,-0.247742,-0.000913,0.271024,0.036431,0.386945,0.010179
3.056627989,1782824448,0.2753321556,0.8972927842,1.17262494,0.073374,0.217497,-0.004256,0.010324,0.071962,-0.038011,-0.184808,-0.247742,-0.000913,0.271272,0.021352,0.401008,0.01202
3.073666811,1782824448,0.2743494391,0.9236540387,1.198003478,0.073198,0.217036,-0.004453,0.014396,0.07275,-0.041475,-0.184183,-0.244108,-0.013648,0.2769,0.003145,0.395899,0.013116
3.087231874,1782824448,0.2724147729,0.9051173267,1.1775321,0.073009,0.216196,-0.004801,0.015267,0.073634,-0.045869,-0.172515,-0.243677,-0.012328,0.276838,-0.002975,0.372163,0.014505
3.100970984,1782824448,0.2679800115,0.8624179468,1.130397958,0.072624,0.214203,-0.005039,0.018021,0.073398,-0.052275,-0.167081,-0.236397,0.00499,0.269901,-0.011136,0.365452,0.016531
3.114712954,1782824448,0.2667008275,0.8631956856,1.129896513,0.072449,0.21353,-0.005074,0.017528,0.073344,-0.054911,-0.167081,-0.236397,0.00499,0.26995,-0.009842,0.366152,0.017364
3.129809856,1782824448,0.2653725076,0.8731992267,1.138571734,0.072247,0.212925,-0.005298,0.015507,0.073269,-0.057915,-0.170962,-0.227782,0.003762,0.270783,0.014419,0.373392,0.018314
3.143813848,1782824448,0.2628068562,0.857171435,1.119978291,0.072319,0.211385,-0.005323,0.01676,0.07379,-0.065664,-0.159049,-0.229272,0.003632,0.270873,0.001409,0.350737,0.020765
3.157867908,1782824448,0.2608719965,0.8414255087,1.102297505,0.072238,0.210467,-0.005343,0.019489,0.072625,-0.069134,-0.147454,-0.228111,0.007034,0.269472,-0.014244,0.338516,0.021862
3.17718792,1782824448,0.2578349675,0.8252109424,1.08304591,0.072219,0.208871,-0.005204,0.014604,0.074681,-0.074583,-0.1468,-0.218466,0.010248,0.267926,0.025762,0.325803,0.023585
3.192816019,1782824448,0.2570569361,0.8357024264,1.092759362,0.072341,0.208184,-0.005079,0.021722,0.071537,-0.07858,-0.1468,-0.218466,0.010248,0.26775,-0.016212,0.343397,0.024849
3.206097841,1782824448,0.2558697789,0.8106779693,1.066547748,0.072532,0.207337,-0.004964,0.018157,0.071192,-0.082504,-0.144695,-0.215575,0.020423,0.263314,0.006887,0.341478,0.02609
3.219791889,1782824448,0.2546365856,0.841829739,1.096466325,0.072795,0.206591,-0.004948,0.020295,0.071339,-0.084805,-0.142701,-0.211454,0.005026,0.269757,-0.000167,0.336782,0.026818
3.234715939,1782824448,0.2516224768,0.8481257717,1.099748249,0.073127,0.204738,-0.004473,0.022222,0.068746,-0.08868,-0.142701,-0.211454,0.005026,0.269084,-0.01526,0.350777,0.028043
3.250653028,1782824448,0.2500936653,0.8298925678,1.079986233,0.073805,0.203255,-0.004479,0.022549,0.067226,-0.096687,-0.12899,-0.209076,0.008542,0.267617,-0.016532,0.335404,0.030575
3.264340878,1782824448,0.2488549383,0.8346108063,1.083465745,0.074139,0.202458,-0.004289,0.019874,0.065985,-0.099113,-0.124508,-0.205096,0.005399,0.268668,0.003408,0.334353,0.031342
3.27858901,1782824448,0.2470454597,0.8052331326,1.052278592,0.074403,0.201341,-0.004274,0.019701,0.066429,-0.101886,-0.121124,-0.19891,0.016007,0.264192,0.012042,0.325693,0.032219
3.293166876,1782824448,0.2461296289,0.8032713266,1.049400956,0.074712,0.200579,-0.004128,0.01984,0.066541,-0.103867,-0.121124,-0.19891,0.016007,0.263986,0.00955,0.324369,0.032845
3.307036877,1782824448,0.245491064,0.8041917262,1.04968279,0.07513,0.199721,-0.004102,0.022622,0.065636,-0.107683,-0.125646,-0.194866,0.018969,0.262705,-0.001547,0.335992,0.034052
3.322690964,1782824448,0.2430785316,0.8313841304,1.074462662,0.076158,0.197794,-0.00352,0.024299,0.062254,-0.112677,-0.120795,-0.190015,0.007594,0.266659,-0.007426,0.344948,0.035632
3.337725878,1782824448,0.2426251639,0.8299622411,1.072587405,0.076621,0.197042,-0.003289,0.021204,0.062015,-0.115854,-0.120795,-0.190015,0.007594,0.266333,0.008477,0.345276,0.036636
3.354121923,1782824448,0.2405201511,0.8008369513,1.041357102,0.077337,0.195202,-0.003081,0.023523,0.061406,-0.12132,-0.106694,-0.18969,0.013639,0.263499,-0.008283,0.324005,0.038365
3.368806839,1782824448,0.2401934659,0.7981502079,1.038343674,0.07815,0.194382,-0.002571,0.027442,0.059659,-0.125062,-0.107023,-0.183298,0.015939,0.261811,-0.021897,0.332651,0.039548
3.384126902,1782824448,0.2388179202,0.7810156448,1.019833565,0.078659,0.193373,-0.002717,0.024564,0.059324,-0.12578,-0.108152,-0.18177,0.02488,0.258264,-0.005295,0.335265,0.039775
3.399168968,1782824448,0.2372546588,0.8092660712,1.04652073,0.078866,0.192371,-0.002406,0.028815,0.05874,-0.127518,-0.107287,-0.177569,0.011666,0.263373,-0.024799,0.336707,0.040325
3.417002916,1782824448,0.2359891843,0.778385019,1.014374203,0.080259,0.190576,-0.001871,0.02259,0.057427,-0.132828,-0.090036,-0.180367,0.016616,0.260538,0.001968,0.312756,0.042004
3.436306,1782824448,0.2346401666,0.7857878161,1.020427983,0.081391,0.188551,-0.001628,0.026794,0.056257,-0.13945,-0.089329,-0.17483,0.013486,0.261509,-0.017362,0.315709,0.044098
3.452526808,1782824448,0.2327387208,0.7893209402,1.022059661,0.082442,0.186578,-0.001518,0.028797,0.054889,-0.142813,-0.089329,-0.17483,0.013486,0.261353,-0.033154,0.321136,0.045161
3.466935873,1782824448,0.2323433774,0.7864972864,1.018840664,0.083135,0.185469,-0.001203,0.030242,0.053461,-0.147113,-0.091536,-0.169637,0.016878,0.259483,-0.035325,0.331317,0.046521
3.482484818,1782824448,0.2321654154,0.805566483,1.037731898,0.083659,0.18474,-0.00118,0.031755,0.051823,-0.149724,-0.091224,-0.169367,0.010822,0.261994,-0.045113,0.338941,0.047347
3.49711895,1782824448,0.2303509636,0.8138946008,1.044245564,0.084149,0.183356,-0.001186,0.030188,0.051045,-0.151128,-0.086023,-0.16989,0.005317,0.264314,-0.040158,0.333735,0.047791
3.510807991,1782824448,0.2297980718,0.8131271916,1.042925263,0.085396,0.181635,-0.000985,0.028098,0.05025,-0.156203,-0.086023,-0.16989,0.005317,0.26403,-0.032136,0.335464,0.049396
3.524348974,1782824448,0.2294633863,0.8258142399,1.055277626,0.085915,0.180599,-0.00112,0.032817,0.0482,-0.159977,-0.086191,-0.166551,0.004354,0.264626,-0.055785,0.346228,0.050589
3.538929939,1782824448,0.2278335927,0.8131081021,1.040941695,0.086482,0.179306,-0.001003,0.032907,0.049418,-0.161411,-0.075346,-0.164028,0.001872,0.265502,-0.055047,0.320249,0.051043
3.553223848,1782824448,0.2263743558,0.8213794256,1.047753781,0.08747,0.177189,-0.000884,0.034632,0.047085,-0.165903,-0.075346,-0.164028,0.001872,0.265335,-0.069585,0.331298,0.052463
3.568608999,1782824448,0.2259467429,0.8373220044,1.063268747,0.088082,0.176157,-0.001199,0.034308,0.046502,-0.168744,-0.071419,-0.162718,-0.005556,0.268899,-0.067904,0.326798,0.053361
3.584555864,1782824448,0.2255744448,0.8518303844,1.077404829,0.088828,0.174961,-0.001299,0.030941,0.047851,-0.172258,-0.077992,-0.155257,-0.012489,0.271952,-0.03921,0.328248,0.054473
3.598304033,1782824448,0.223328073,0.859995955,1.083324028,0.089081,0.173844,-0.001646,0.028522,0.04654,-0.170599,-0.080754,-0.155558,-0.011902,0.272196,-0.028461,0.33966,0.053948
3.612794876,1782824448,0.2232214837,0.8657901316,1.089011615,0.090061,0.17173,-0.001758,0.026954,0.044903,-0.178293,-0.080754,-0.155558,-0.011902,0.272355,-0.024278,0.34677,0.056381
3.627547979,1782824449,0.2227547061,0.891517824,1.11427253,0.090569,0.170784,-0.001899,0.023492,0.045235,-0.180152,-0.083312,-0.154077,-0.022445,0.276982,-0.004294,0.347942,0.056969
3.642416,1782824449,0.2206805648,0.8631313606,1.083811925,0.09148,0.168255,-0.002167,0.029721,0.043679,-0.184048,-0.072516,-0.15823,-0.011249,0.272659,-0.052148,0.337039,0.058201
3.656744957,1782824449,0.2197251149,0.865306338,1.085031453,0.091788,0.167076,-0.002291,0.028492,0.043146,-0.186047,-0.072516,-0.15823,-0.011249,0.272834,-0.047802,0.339376,0.058833
3.67414093,1782824449,0.2195138735,0.8676012613,1.087115135,0.09274,0.164787,-0.002444,0.032069,0.041363,-0.19367,-0.073293,-0.15137,-0.008137,0.271744,-0.061996,0.348653,0.061244
3.690951824,1782824449,0.2195337387,0.8561068251,1.075640564,0.09274,0.164787,-0.002444,0.032069,0.041363,-0.19367,-0.07549,-0.151152,-0.001984,0.26916,-0.061638,0.352258,0.061244
3.704807997,1782824449,0.2169495838,0.8732833345,1.090232918,0.093321,0.162276,-0.00305,0.031112,0.040522,-0.195924,-0.078295,-0.151306,-0.004913,0.271247,-0.06207,0.360337,0.061956
3.718199968,1782824449,0.2164549553,0.8624705883,1.078925544,0.093627,0.161132,-0.002966,0.028019,0.040228,-0.198881,-0.069007,-0.153566,-0.005379,0.271323,-0.05076,0.346088,0.062892
3.732714891,1782824449,0.2162383105,0.867177485,1.083415796,0.09442,0.158999,-0.003021,0.02658,0.038816,-0.204983,-0.069007,-0.153566,-0.005379,0.271402,-0.047355,0.352339,0.064821
3.747221947,1782824449,0.2143920347,0.8355859139,1.049977949,0.094434,0.157619,-0.003076,0.021511,0.04044,-0.205972,-0.066337,-0.152295,0.003793,0.267627,-0.019553,0.338702,0.065134
3.761297941,1782824449,0.2124014615,0.8628987438,1.075300205,0.09472,0.154981,-0.003357,0.023849,0.039703,-0.210448,-0.078159,-0.145168,-8e-06,0.269621,-0.027049,0.36164,0.066549
3.774724007,1782824449,0.2121364168,0.8698790668,1.082015484,0.09481,0.153828,-0.003339,0.026121,0.038249,-0.213824,-0.078159,-0.145168,-8e-06,0.269596,-0.042531,0.3697,0.067617
3.793422937,1782824449,0.2113456737,0.8849817504,1.096327424,0.094954,0.152658,-0.003264,0.026061,0.039235,-0.215829,-0.079739,-0.144322,-0.007897,0.272803,-0.043422,0.366365,0.068251
3.807265997,1782824449,0.2105288142,0.8873854384,1.097914253,0.095136,0.151314,-0.003198,0.026208,0.038575,-0.218284,-0.079739,-0.144322,-0.007897,0.272709,-0.047265,0.369709,0.069027
3.822139025,1782824449,0.2081114771,0.8690928245,1.077204302,0.094909,0.148775,-0.003309,0.026195,0.038158,-0.222023,-0.076531,-0.14456,7.6e-05,0.269518,-0.053256,0.367325,0.07021
3.836462975,1782824449,0.2075641961,0.865268859,1.072833055,0.094964,0.147409,-0.003324,0.027924,0.0379,-0.225076,-0.084083,-0.141873,0.006879,0.266682,-0.061727,0.381051,0.071175
3.850756884,1782824449,0.2055592438,0.8669252595,1.072484503,0.094855,0.144784,-0.003077,0.027176,0.037227,-0.22942,-0.084083,-0.141873,0.006879,0.266333,-0.063345,0.385119,0.072549
3.86498785,1782824449,0.2042054715,0.8610464316,1.065251903,0.094734,0.143486,-0.002864,0.027702,0.037256,-0.230392,-0.094612,-0.141877,0.015343,0.262477,-0.069242,0.402495,0.072856
3.881240845,1782824449,0.2025490034,0.8613326868,1.06388169,0.094614,0.141985,-0.002713,0.027836,0.036383,-0.231547,-0.093638,-0.145443,0.016735,0.261679,-0.079208,0.406126,0.073222
3.896049976,1782824449,0.2016376166,0.8669566269,1.068594244,0.094367,0.140809,-0.002582,0.026132,0.034885,-0.234056,-0.081797,-0.148047,0.009846,0.264387,-0.076428,0.395768,0.074015
3.913045883,1782824449,0.2006855089,0.8635724293,1.064257938,0.093997,0.139534,-0.002373,0.027275,0.035803,-0.236588,-0.081797,-0.148047,0.009846,0.264091,-0.085777,0.391378,0.074816
3.926813841,1782824449,0.1980125168,0.8523025611,1.050315078,0.093684,0.136619,-0.002352,0.027247,0.037057,-0.239979,-0.07919,-0.150056,0.011998,0.263158,-0.095428,0.380678,0.075888
3.943428993,1782824449,0.1958911316,0.86577371,1.061664842,0.092726,0.134001,-0.00226,0.02202,0.037096,-0.244745,-0.086414,-0.147545,0.008473,0.264508,-0.067463,0.394446,0.077395
3.958288908,1782824449,0.194833702,0.8649883799,1.059822082,0.092415,0.13262,-0.002184,0.025052,0.038043,-0.246606,-0.092922,-0.148149,0.012269,0.262807,-0.088771,0.400439,0.077984
3.972441912,1782824449,0.1933446544,0.8601422225,1.053486877,0.091974,0.131233,-0.002081,0.020439,0.038344,-0.248172,-0.092922,-0.148149,0.012269,0.26266,-0.065663,0.399711,0.078479
3.986730814,1782824449,0.1901176856,0.9052959607,1.095413646,0.090872,0.128487,-0.002219,0.02103,0.039322,-0.250857,-0.095578,-0.146295,-0.00651,0.270743,-0.072119,0.400979,0.079328
4.002589941,1782824449,0.1893353107,0.9015818198,1.090917131,0.09047,0.127146,-0.002063,0.021093,0.038785,-0.253524,-0.090279,-0.148557,-0.006538,0.270533,-0.079191,0.396235,0.080171
4.016812801,1782824449,0.1872298036,0.9315662227,1.118796026,0.089787,0.125702,-0.002259,0.022982,0.03716,-0.254463,-0.090672,-0.142416,-0.014682,0.27423,-0.083075,0.407638,0.080468
4.030857801,1782824449,0.1839642552,0.9273563315,1.111320587,0.088532,0.122691,-0.002372,0.019185,0.038306,-0.257568,-0.090672,-0.142416,-0.014682,0.274391,-0.068236,0.403933,0.08145
4.050804853,1782824449,0.1819239568,0.9348978942,1.116821851,0.087054,0.120357,-0.002484,0.017093,0.037925,-0.261513,-0.100564,-0.137667,-0.010436,0.272765,-0.05378,0.425628,0.082698
4.06445384,1782824449,0.1799495769,0.9435764102,1.123525987,0.086365,0.118734,-0.00279,0.015508,0.039875,-0.262406,-0.102607,-0.137593,-0.015669,0.275396,-0.048283,0.41944,0.08298
4.078419924,1782824449,0.1784630915,0.9593468783,1.13780997,0.08561,0.117555,-0.003058,0.015974,0.04027,-0.263048,-0.109072,-0.139013,-0.017535,0.276558,-0.055895,0.429488,0.083183
4.092447996,1782824449,0.1771317071,0.9706334434,1.14776515,0.084793,0.11617,-0.003157,0.017698,0.038809,-0.264898,-0.109072,-0.139013,-0.017535,0.276699,-0.068787,0.439615,0.083768
4.106027842,1782824449,0.1756984456,0.9896309809,1.165329426,0.084202,0.114804,-0.002965,0.021882,0.036942,-0.2663,-0.106204,-0.137743,-0.021831,0.278231,-0.093534,0.44684,0.084211
4.119756937,1782824449,0.174466437,0.9855469266,1.160013364,0.083214,0.113366,-0.003193,0.021937,0.038657,-0.268533,-0.106204,-0.137743,-0.021831,0.278554,-0.097062,0.439308,0.084918
4.1358428,1782824449,0.1703920086,0.9481924638,1.118584472,0.081282,0.110642,-0.003574,0.01744,0.04047,-0.269741,-0.102208,-0.137263,-0.010628,0.274387,-0.07681,0.426772,0.0853
4.152665854,1782824449,0.1687608574,0.9460809327,1.11484179,0.079499,0.10808,-0.003505,0.015583,0.041466,-0.274649,-0.106752,-0.131648,-0.008516,0.273403,-0.062784,0.432555,0.086852
4.166427851,1782824449,0.1673945906,0.9208262214,1.088220812,0.078524,0.106853,-0.003834,0.018782,0.041402,-0.275637,-0.107552,-0.135592,0.007058,0.267328,-0.09017,0.436412,0.087164
4.179620028,1782824449,0.1646568688,0.9172222848,1.081879154,0.077269,0.105444,-0.004072,0.014713,0.042334,-0.275099,-0.107552,-0.135592,0.007058,0.267664,-0.070203,0.433919,0.086994
4.19409585,1782824449,0.1632956824,0.9190388275,1.08233451,0.07637,0.104153,-0.003804,0.014811,0.043265,-0.276761,-0.106117,-0.129325,0.002831,0.26906,-0.063369,0.428288,0.08752
4.208900928,1782824449,0.1631193824,0.9286772585,1.091796641,0.075394,0.10313,-0.003641,0.016922,0.041883,-0.279733,-0.106117,-0.129325,0.002831,0.26883,-0.07765,0.438323,0.088459
4.223920822,1782824449,0.1599273579,0.9117424321,1.07166979,0.073201,0.10046,-0.003425,0.012162,0.044241,-0.281966,-0.107849,-0.124812,0.005889,0.26724,-0.049174,0.432668,0.089166
4.237757921,1782824449,0.1584946928,0.9147759273,1.07327062,0.07196,0.099074,-0.003397,0.015009,0.044549,-0.283459,-0.107849,-0.124812,0.005889,0.267201,-0.068447,0.433696,0.089638
4.253386021,1782824449,0.1562894457,0.9187231246,1.07501257,0.069964,0.096683,-0.002841,0.00989,0.044826,-0.286197,-0.115748,-0.120455,0.007113,0.265901,-0.037562,0.449542,0.090503
4.266736984,1782824449,0.1548642008,0.9158441395,1.07070834,0.068679,0.095428,-0.002676,0.01316,0.043104,-0.287127,-0.121542,-0.120401,0.018035,0.261081,-0.058859,0.471702,0.090797
4.280014992,1782824449,0.1542167219,0.9134277122,1.067644434,0.067704,0.094096,-0.002534,0.013362,0.043861,-0.28936,-0.121542,-0.120401,0.018035,0.26088,-0.062988,0.469578,0.091504
4.294389963,1782824449,0.1525126401,0.926357595,1.078870235,0.066347,0.092833,-0.002543,0.013704,0.044144,-0.29039,-0.119669,-0.113983,0.011212,0.263759,-0.057225,0.467934,0.091829
4.308051825,1782824449,0.1512885611,0.9136270758,1.064915637,0.065125,0.091723,-0.002202,0.012931,0.044226,-0.291824,-0.108917,-0.116221,0.009554,0.263972,-0.058992,0.452569,0.092283
4.321323872,1782824449,0.1494690471,0.9126963816,1.062165429,0.062833,0.089387,-0.001941,0.016341,0.045647,-0.294826,-0.108917,-0.116221,0.009554,0.263602,-0.083587,0.449619,0.093232
4.336277008,1782824449,0.1491114257,0.9211797674,1.070291193,0.061426,0.088043,-0.002058,0.011982,0.048171,-0.297927,-0.102384,-0.11604,-0.003777,0.269367,-0.061526,0.427706,0.094213
4.349854946,1782824449,0.1469291839,0.9126964338,1.059625618,0.060403,0.086981,-0.002077,0.013331,0.047269,-0.29671,-0.105315,-0.117543,0.005504,0.265495,-0.074028,0.439928,0.093828
4.363888025,1782824449,0.1467569395,0.9454336004,1.09219054,0.057933,0.084771,-0.001897,0.015293,0.047268,-0.301996,-0.112836,-0.111858,-0.001942,0.268368,-0.080795,0.45779,0.0955
4.378630877,1782824449,0.1450866472,0.9430709199,1.088157567,0.056367,0.083477,-0.002071,0.017025,0.049033,-0.302454,-0.112836,-0.111858,-0.001942,0.268614,-0.093532,0.451265,0.095644
4.39380002,1782824449,0.1439979997,0.9677256683,1.111723668,0.055168,0.08236,-0.002061,0.012214,0.04966,-0.303675,-0.106376,-0.106308,-0.019467,0.27596,-0.059592,0.439788,0.09603
4.41256094,1782824449,0.1438109963,0.9760744502,1.119885446,0.053933,0.081349,-0.002138,0.013031,0.048809,-0.305831,-0.106376,-0.106308,-0.019467,0.27607,-0.066494,0.447385,0.096712
4.427456856,1782824449,0.1420062025,0.9548931968,1.096899399,0.051353,0.078958,-0.002381,0.01201,0.050319,-0.308391,-0.098666,-0.107991,-0.015166,0.274606,-0.068802,0.431931,0.097522
4.441525936,1782824449,0.1413639974,0.9770662803,1.118430278,0.048717,0.077045,-0.002608,0.009921,0.050734,-0.311842,-0.107657,-0.098861,-0.018042,0.276136,-0.046231,0.450215,0.098613
4.455521822,1782824449,0.140661673,0.9965198957,1.137181569,0.047531,0.076082,-0.002674,0.014823,0.048281,-0.31282,-0.107657,-0.098861,-0.018042,0.276228,-0.076237,0.466801,0.098922
4.471990824,1782824449,0.1416548435,0.9561933033,1.097848147,0.046139,0.075112,-0.002704,0.010411,0.05374,-0.316393,-0.11448,-0.096626,-0.008437,0.272238,-0.049674,0.450089,0.100052
4.486094952,1782824449,0.1401547239,0.9759262087,1.116080933,0.044722,0.073961,-0.002822,0.010411,0.05374,-0.316393,-0.115543,-0.093969,-0.014769,0.275063,-0.047889,0.455001,0.100052
4.50037694,1782824449,0.1388543727,0.9885921105,1.127446483,0.04326,0.072704,-0.002664,0.011654,0.051873,-0.316865,-0.115543,-0.093969,-0.014769,0.27484,-0.057766,0.468876,0.100201
4.518616915,1782824449,0.1386307406,0.9635517276,1.102182468,0.040717,0.070848,-0.002898,0.014446,0.054491,-0.320572,-0.108455,-0.089699,-0.010566,0.273405,-0.070774,0.448066,0.101374
4.532866001,1782824449,0.1372090868,0.949367182,1.086576269,0.038125,0.068674,-0.002818,0.013586,0.054447,-0.322579,-0.098712,-0.092135,-0.008177,0.27229,-0.074746,0.438128,0.102008
4.546800852,1782824449,0.1374739171,0.9230666995,1.060540617,0.037003,0.067668,-0.00266,0.010774,0.055511,-0.32485,-0.096391,-0.090279,-0.000861,0.268993,-0.057971,0.430791,0.102727
4.562703848,1782824449,0.1380233087,0.9007271018,1.03875041,0.034392,0.065793,-0.002748,0.009765,0.05688,-0.328873,-0.09955,-0.090641,0.010732,0.264249,-0.057028,0.434032,0.103999
4.57820487,1782824449,0.1379006087,0.902253652,1.040154261,0.033084,0.064856,-0.002661,0.008919,0.056913,-0.330301,-0.09955,-0.090641,0.010732,0.264127,-0.054317,0.436764,0.10445
4.593006849,1782824449,0.1370398507,0.8844250247,1.021464875,0.031667,0.063728,-0.002423,0.012603,0.056778,-0.331317,-0.08769,-0.084134,0.0127,0.262963,-0.067095,0.421249,0.104772
4.607690811,1782824449,0.1369728559,0.8782108818,1.015183738,0.030383,0.062836,-0.00234,0.010936,0.05828,-0.332658,-0.08769,-0.084134,0.0127,0.262846,-0.059619,0.415584,0.105196
4.626997948,1782824450,0.1372398441,0.8937734044,1.031013248,0.02783,0.061064,-0.001917,0.008836,0.059645,-0.336078,-0.084342,-0.079141,0.000849,0.267224,-0.04346,0.408048,0.106277
4.642067909,1782824450,0.1363721458,0.8833926448,1.019764791,0.025559,0.059133,-0.001476,0.007295,0.059651,-0.337369,-0.086769,-0.080095,0.007286,0.263897,-0.040587,0.41707,0.106685
4.656399965,1782824450,0.1363098005,0.891212986,1.027522787,0.024138,0.058064,-0.001295,0.009091,0.058564,-0.338755,-0.086769,-0.080095,0.007286,0.263642,-0.05318,0.426425,0.107124
4.671723843,1782824450,0.1373262608,0.9166775471,1.054003808,0.021863,0.056297,-0.001118,0.009779,0.059709,-0.342474,-0.093529,-0.073154,-0.001045,0.26689,-0.049661,0.436096,0.1083
4.685947895,1782824450,0.1371646242,0.8956948288,1.032859453,0.021863,0.056297,-0.001118,0.009779,0.059709,-0.342474,-0.087251,-0.069671,0.004138,0.264713,-0.043948,0.425799,0.1083
4.700407028,1782824450,0.1370006133,0.8899421122,1.026942726,0.020645,0.055305,-0.000839,0.007774,0.060813,-0.343421,-0.087251,-0.069671,0.004138,0.264319,-0.034768,0.422249,0.108599
4.721650839,1782824450,0.1382481795,0.9085725563,1.046820736,0.017227,0.052768,-0.000799,0.005466,0.063647,-0.348312,-0.081879,-0.064628,-0.010876,0.270567,-0.019062,0.404984,0.110146
4.737355947,1782824450,0.137634948,0.8989871717,1.03662212,0.016055,0.051723,-0.0008,0.011119,0.061029,-0.348759,-0.067138,-0.069496,-0.007491,0.269147,-0.061501,0.398297,0.110287
4.753818035,1782824450,0.1377719528,0.9030106319,1.040782585,0.013779,0.050236,-0.000889,0.007327,0.062811,-0.350485,-0.068926,-0.068019,-0.010583,0.270571,-0.04086,0.396195,0.110833
4.770702839,1782824450,0.1383728243,0.875768764,1.014141588,0.01273,0.049172,-0.000741,0.004953,0.063698,-0.35226,-0.070658,-0.068376,0.000793,0.265585,-0.030332,0.396341,0.111394
4.785749912,1782824450,0.1374094018,0.8899079506,1.027317352,0.011656,0.048508,-0.000721,0.009562,0.061033,-0.351706,-0.068145,-0.064143,-2.4e-05,0.265899,-0.051062,0.409766,0.111219
4.799886942,1782824450,0.1384491198,0.8863336975,1.024782817,0.010545,0.047388,-0.000716,0.005938,0.061941,-0.354107,-0.068145,-0.064143,-2.4e-05,0.265892,-0.032979,0.407089,0.111978
4.815538883,1782824450,0.1385590362,0.8760962625,1.014655299,0.008362,0.045917,-0.000715,0.006653,0.062367,-0.355721,-0.056483,-0.063825,-0.001121,0.266351,-0.039807,0.390422,0.112489
4.835186005,1782824450,0.1386093333,0.8895747277,1.028184061,0.006341,0.044044,-0.000531,0.0015,0.06316,-0.357344,-0.047576,-0.060451,-0.013276,0.271196,-0.009186,0.37583,0.113002
4.848917007,1782824450,0.1389820969,0.8736356397,1.012617737,0.005421,0.043364,-0.000381,0.001752,0.062655,-0.358416,-0.046866,-0.059378,-0.005438,0.267693,-0.01038,0.379587,0.113341
4.865764856,1782824450,0.1403967228,0.9043774067,1.04477413,0.003389,0.041898,-0.000525,0.004913,0.061392,-0.361381,-0.054756,-0.052118,-0.009789,0.269724,-0.01971,0.404251,0.114279
4.879644871,1782824450,0.1404936591,0.9102460782,1.050739737,0.002479,0.040955,-0.000515,0.00754,0.062268,-0.36207,-0.057503,-0.04888,-0.011568,0.270456,-0.03143,0.405813,0.114497
4.89504385,1782824450,0.1407864449,0.9100119819,1.050798427,0.001503,0.039984,-0.000685,0.002297,0.06279,-0.363035,-0.057503,-0.04888,-0.011568,0.270697,-0.003811,0.40503,0.114802
4.908434868,1782824450,0.1398338399,0.9363971511,1.076230991,0.000613,0.03935,-0.000668,0.00093,0.061448,-0.362202,-0.051353,-0.044166,-0.023278,0.275591,0.010267,0.40456,0.114538
4.922797918,1782824450,0.1414669785,0.9301008595,1.071567838,-0.00128,0.037664,-0.000759,0.006628,0.062254,-0.365395,-0.042449,-0.045419,-0.024989,0.276437,-0.027932,0.389609,0.115548
4.9384799,1782824450,0.1421203342,0.9307607761,1.07288111,-0.001895,0.037082,-0.001027,0.008822,0.063058,-0.36654,-0.042449,-0.045419,-0.024989,0.276816,-0.0417,0.386414,0.11591
4.954249859,1782824450,0.143133563,0.9158531149,1.058986678,-0.003887,0.035457,-0.001354,0.010591,0.062148,-0.368764,-0.032966,-0.045513,-0.018761,0.274663,-0.055536,0.38049,0.116613
4.967406034,1782824450,0.1451921008,0.9075426516,1.052734752,-0.00463,0.034598,-0.001363,0.008235,0.062521,-0.371943,-0.034531,-0.042626,-0.014984,0.27309,-0.039335,0.382596,0.117619
4.980929852,1782824450,0.1431968264,0.8924295306,1.035626357,-0.005465,0.033747,-0.001398,0.006092,0.061203,-0.369661,-0.030767,-0.043155,-0.007526,0.270008,-0.029933,0.385779,0.116897
4.996116877,1782824450,0.1434360569,0.9155020049,1.058938062,-0.006334,0.033024,-0.001597,0.005327,0.060734,-0.370233,-0.033195,-0.039621,-0.014206,0.273095,-0.021407,0.39437,0.117078
5.01076293,1782824450,0.1461573223,0.9224235556,1.068580878,-0.007825,0.031589,-0.001638,0.009286,0.060316,-0.374364,-0.033195,-0.039621,-0.014206,0.273153,-0.047108,0.40008,0.118384
5.027112961,1782824450,0.1458324936,0.9116381752,1.057470669,-0.008646,0.030913,-0.001711,0.007136,0.060887,-0.374178,-0.024741,-0.039203,-0.014906,0.273549,-0.035718,0.3848,0.118325
5.042622805,1782824450,0.1471661266,0.9223488266,1.069514953,-0.010102,0.029349,-0.00172,0.004871,0.058978,-0.376434,-0.024741,-0.039203,-0.014906,0.273562,-0.026345,0.398902,0.119039
5.058059931,1782824450,0.1473506981,0.8899134508,1.037264149,-0.010819,0.028788,-0.001477,0.002806,0.058153,-0.376976,-0.019819,-0.029725,-0.002373,0.267955,-0.000326,0.397119,0.11921
5.07395792,1782824450,0.1474348823,0.9000204573,1.04745534,-0.012255,0.027324,-0.001269,0.001811,0.056185,-0.377458,-0.019819,-0.029725,-0.002373,0.267661,0.002056,0.411515,0.119363
5.08789897,1782824450,0.1474640386,0.8787195817,1.02618362,-0.012255,0.027324,-0.001269,0.001811,0.056185,-0.377458,-0.024611,-0.029414,0.010133,0.26241,0.002566,0.419375,0.119363
5.102751017,1782824450,0.1489969069,0.8687074292,1.017704336,-0.01381,0.025971,-0.00084,0.003053,0.055612,-0.379773,-0.017363,-0.027558,0.011369,0.261283,-0.004473,0.414218,0.120095
5.117259026,1782824450,0.1494017396,0.8776581663,1.027059906,-0.014442,0.025424,-0.000609,0.008792,0.053939,-0.380397,-0.017363,-0.027558,0.011369,0.260956,-0.038302,0.425136,0.120292
5.131259918,1782824450,0.1497977639,0.8554625523,1.005260316,-0.015938,0.023997,9.2e-05,0.003808,0.052667,-0.381074,-0.013368,-0.030478,0.020305,0.256212,-0.017963,0.429153,0.120506
5.145316839,1782824450,0.1504034236,0.8519234354,1.002326859,-0.016681,0.023376,0.000343,0.007371,0.053884,-0.381913,-0.013906,-0.025701,0.019721,0.256103,-0.031763,0.424784,0.120771
5.159050941,1782824450,0.1514396492,0.8569784697,1.008418119,-0.017176,0.022875,0.000649,0.007245,0.052615,-0.383319,-0.013906,-0.025701,0.019721,0.25567,-0.032165,0.433104,0.121216
5.173614979,1782824450,0.1514009223,0.8448840278,0.9962849501,-0.017581,0.022284,0.000959,0.01023,0.052236,-0.383364,-0.01029,-0.019336,0.023437,0.253671,-0.040007,0.430229,0.12123
5.187263966,1782824450,0.1516780854,0.8561162885,1.007794374,-0.018464,0.02152,0.00138,0.00312,0.052073,-0.383767,-0.014873,-0.008278,0.020404,0.254349,0.016818,0.440649,0.121358
5.202668905,1782824450,0.152689501,0.8447439148,0.9974334159,-0.019617,0.020608,0.002152,0.002587,0.052137,-0.384966,-0.012156,-0.011798,0.0222,0.252503,0.012033,0.438408,0.121737
5.216217995,1782824450,0.1539648159,0.8455363688,0.9995011847,-0.020141,0.020068,0.002389,0.001061,0.051918,-0.386602,-0.012156,-0.011798,0.0222,0.252168,0.019498,0.440821,0.122254
5.231587887,1782824450,0.1530222635,0.8530987742,1.006121038,-0.020949,0.019251,0.002824,-0.000445,0.052444,-0.385331,-0.013105,-0.011313,0.017449,0.253548,0.027022,0.441197,0.121852
5.246573925,1782824450,0.154789105,0.8390576613,0.9938467663,-0.021842,0.01837,0.003331,0.000269,0.052625,-0.38748,-0.011384,-0.013321,0.021481,0.251139,0.017701,0.439343,0.122532
5.264655828,1782824450,0.1558244722,0.8212033841,0.9770278563,-0.02334,0.017357,0.004111,0.00412,0.052688,-0.388466,-0.005189,-0.009819,0.024268,0.248865,-0.000698,0.432174,0.122844
5.2782619,1782824450,0.155388014,0.8260241881,0.9814122021,-0.023919,0.016684,0.004321,0.0008,0.05169,-0.387845,-0.005189,-0.009819,0.024268,0.248568,0.016657,0.43914,0.122647
5.291693926,1782824450,0.1560171866,0.8435020396,0.9995192263,-0.024361,0.016426,0.004579,-0.002666,0.052144,-0.388575,-0.001094,-0.005186,0.012463,0.253161,0.043371,0.430833,0.122878
5.306145906,1782824450,0.1577875243,0.8565204462,1.01430797,-0.025001,0.015887,0.004742,-0.0005,0.052519,-0.390727,0.008022,-0.002557,-0.000566,0.258401,0.03417,0.415181,0.123559
5.32347393,1782824450,0.1587681982,0.8882135115,1.04698171,-0.026102,0.014678,0.004868,0.00098,0.051979,-0.391811,0.007615,-0.002707,-0.013338,0.263587,0.022814,0.421379,0.123902
5.337184906,1782824450,0.1593523554,0.8930351185,1.052387474,-0.026439,0.014502,0.004894,0.003066,0.050999,-0.392481,0.007615,-0.002707,-0.013338,0.263551,0.010566,0.427701,0.124113
5.356660843,1782824450,0.1591349901,0.8946931527,1.053828143,-0.027515,0.01348,0.004617,0.007437,0.052297,-0.392059,0.006689,-0.000366,-0.014475,0.264419,-0.012715,0.424248,0.12398
5.375516891,1782824450,0.1586968643,0.9456300704,1.104326935,-0.02808,0.013157,0.004357,0.006732,0.051472,-0.391313,0.005336,0.003202,-0.03317,0.272639,-0.003576,0.432417,0.123744
5.390136003,1782824450,0.1608280566,0.9705172637,1.13134532,-0.028658,0.012748,0.004301,0.007734,0.050757,-0.393829,0.005102,-0.000112,-0.041428,0.276185,-0.015619,0.438157,0.12454
5.404980898,1782824450,0.1631259103,0.9875955727,1.150721483,-0.029728,0.011793,0.003487,0.012884,0.051639,-0.396552,0.007315,0.00219,-0.04754,0.279903,-0.043239,0.431907,0.125401
5.427172899,1782824450,0.1648926682,1.012160407,1.177053075,-0.030721,0.011143,0.002735,0.011083,0.051661,-0.398606,-0.003687,0.005713,-0.048249,0.281265,-0.028681,0.45205,0.12605
5.443396807,1782824450,0.1655027382,1.03724414,1.202746879,-0.031837,0.009991,0.001442,0.012386,0.052588,-0.399092,-0.002292,0.010407,-0.05625,0.286454,-0.030961,0.446989,0.126204
5.463054895,1782824450,0.1664486946,1.034563559,1.201012253,-0.032035,0.009747,0.001136,0.013734,0.052485,-0.400203,0.007082,0.008518,-0.058959,0.288024,-0.042268,0.432646,0.126555
5.480262995,1782824450,0.1680133924,1.038459089,1.206472481,-0.03299,0.008812,0.000141,0.013781,0.053795,-0.401889,0.007082,0.008518,-0.058959,0.289431,-0.04462,0.427333,0.127089
5.494989872,1782824450,0.167940336,0.954305019,1.122245355,-0.033627,0.008395,-0.00032,0.013892,0.055739,-0.401801,0.021262,0.005107,-0.033195,0.279264,-0.05178,0.394456,0.127061
5.51193285,1782824450,0.1695170177,0.9624941564,1.132011174,-0.033961,0.008137,-0.000779,0.01174,0.054657,-0.403654,0.021262,0.005107,-0.033195,0.279912,-0.040131,0.401351,0.127647
5.525512934,1782824450,0.1722204672,0.9458520827,1.11807255,-0.034812,0.007375,-0.00144,0.01282,0.055472,-0.406729,0.019532,0.004711,-0.023381,0.276726,-0.04862,0.401463,0.128619
5.53904891,1782824450,0.1719294623,0.9117756401,1.083705102,-0.035349,0.006853,-0.001778,0.014247,0.054439,-0.406227,0.020855,0.002403,-0.005055,0.269507,-0.061678,0.406361,0.12846
5.55576992,1782824450,0.1739506306,0.9180461455,1.091996776,-0.036234,0.00591,-0.001722,0.014617,0.053504,-0.408409,0.020855,0.002403,-0.005055,0.269428,-0.06589,0.413655,0.12915
5.571578979,1782824450,0.1757358042,0.9116090385,1.087344843,-0.036621,0.005605,-0.001667,0.011176,0.053632,-0.410456,0.015923,0.013409,-0.000815,0.26757,-0.028969,0.421883,0.129798
5.585310936,1782824450,0.1765589008,0.8657875008,1.042346402,-0.037025,0.005172,-0.001529,0.009731,0.053545,-0.411269,0.016179,0.014486,0.019651,0.258779,-0.019965,0.422858,0.130055
5.605892897,1782824450,0.1765402827,0.8495664946,1.026106777,-0.03785,0.004104,-0.00101,0.012949,0.052655,-0.410925,0.016625,0.009276,0.028798,0.254204,-0.049181,0.429028,0.129946
5.624650955,1782824451,0.1796193452,0.8331447795,1.012764125,-0.038473,0.003362,-0.000225,0.015004,0.050064,-0.414354,0.02883,0.005296,0.033563,0.251094,-0.069043,0.42512,0.13103
5.637933969,1782824451,0.1796895995,0.8268627016,1.006552301,-0.038837,0.0029,0.000193,0.015901,0.051081,-0.414271,0.02883,0.005296,0.033563,0.250503,-0.075169,0.420158,0.131004
5.652014971,1782824451,0.1816215164,0.8157369518,0.9973584681,-0.039909,0.001836,0.001121,0.01727,0.050054,-0.416029,0.035637,0.003705,0.03564,0.248318,-0.087938,0.417226,0.13156
5.666069031,1782824451,0.1817992754,0.8190035891,1.000802865,-0.04014,0.001588,0.001469,0.016834,0.050216,-0.416141,0.034507,0.008799,0.032674,0.249071,-0.077657,0.418679,0.131595
5.681692839,1782824451,0.1839797798,0.8294011615,1.013380941,-0.040381,0.001066,0.001965,0.013158,0.051188,-0.418698,0.022855,0.010734,0.030437,0.249309,-0.054768,0.432806,0.132404
5.695870876,1782824451,0.1842195537,0.8412586547,1.025478208,-0.040853,0.000533,0.002404,0.008917,0.052018,-0.418761,0.028826,0.007662,0.017156,0.254265,-0.036906,0.419349,0.132424
5.710664988,1782824451,0.1846550994,0.836157786,1.020812885,-0.04111,5.7e-05,0.002772,0.010139,0.052782,-0.419099,0.028826,0.007662,0.017156,0.253745,-0.044913,0.415585,0.132531
5.725317955,1782824451,0.1873061329,0.8867867761,1.074092909,-0.041862,-0.000801,0.002988,0.013192,0.051378,-0.421903,0.02739,0.005983,-0.001057,0.261088,-0.066931,0.427595,0.133417
5.738966942,1782824451,0.187865077,0.8864675842,1.074332661,-0.04229,-0.001416,0.003204,0.010682,0.050974,-0.422324,0.02739,0.005983,-0.001057,0.260783,-0.054042,0.430852,0.133551
5.754025936,1782824451,0.188032149,0.8852540516,1.073286201,-0.043004,-0.002336,0.003026,0.01169,0.052962,-0.42215,0.02532,0.007533,-0.002099,0.261472,-0.059287,0.424549,0.133496
5.767843962,1782824451,0.1902709446,0.9254792487,1.115750193,-0.043189,-0.002945,0.003059,0.010308,0.054341,-0.424588,0.025143,0.01215,-0.023476,0.270402,-0.045219,0.417414,0.134267
5.781059027,1782824451,0.1901160401,0.9331166355,1.123232676,-0.043614,-0.003392,0.002804,0.008071,0.053123,-0.424227,0.025143,0.01215,-0.023476,0.270763,-0.033513,0.425289,0.134152
5.795364857,1782824451,0.1908025079,0.9357835664,1.126586074,-0.043924,-0.003886,0.002607,0.009399,0.053477,-0.424751,0.037075,0.006098,-0.030836,0.274133,-0.052087,0.404401,0.134318
5.808804989,1782824451,0.1932318158,0.9412244215,1.134456237,-0.04424,-0.004295,0.002387,0.010735,0.055086,-0.427281,0.044482,0.007368,-0.039041,0.27789,-0.058511,0.383817,0.135118
5.82603097,1782824451,0.1940338764,0.9484868257,1.142520702,-0.045114,-0.005442,0.001498,0.011424,0.054583,-0.427876,0.038241,0.011479,-0.034101,0.277073,-0.058249,0.398863,0.135306
5.840902805,1782824451,0.1948941545,0.9614812728,1.156375427,-0.045386,-0.006067,0.001307,0.010194,0.053781,-0.428743,0.035103,0.008551,-0.035465,0.277916,-0.057457,0.409176,0.13558
5.854646921,1782824451,0.1968878058,0.9745999718,1.171487778,-0.045972,-0.006696,0.000626,0.011508,0.05263,-0.430746,0.035103,0.008551,-0.035465,0.278879,-0.066333,0.417026,0.136214
5.868428946,1782824451,0.1974249621,0.9839537581,1.18137872,-0.046307,-0.007222,0.000403,0.014818,0.052661,-0.431146,0.033841,0.00793,-0.03637,0.279574,-0.087332,0.419669,0.13634
5.885008812,1782824451,0.1985493691,0.9772146324,1.175764001,-0.046713,-0.007736,-8.4e-05,0.01263,0.05415,-0.432091,0.041019,0.007229,-0.039267,0.28148,-0.077201,0.400343,0.136639
5.89861083,1782824451,0.1990812414,0.9391354014,1.138216643,-0.046982,-0.008463,-0.000565,0.011309,0.05417,-0.432551,0.046013,0.005778,-0.024197,0.275831,-0.0737,0.39264,0.136785
5.913091898,1782824451,0.2012948694,0.9369519614,1.138246831,-0.047559,-0.009375,-0.000653,0.011378,0.055167,-0.43468,0.046013,0.005778,-0.024197,0.275955,-0.076131,0.388265,0.137458
5.927636862,1782824451,0.2014521609,0.9201498586,1.12160202,-0.047801,-0.009945,-0.000904,0.011661,0.055745,-0.434674,0.046185,0.008849,-0.01722,0.273381,-0.073977,0.385242,0.137456
5.942678928,1782824451,0.2039488111,0.8877846934,1.091733504,-0.048437,-0.010952,-0.001245,0.012013,0.054734,-0.437095,0.046815,0.004475,0.001208,0.266123,-0.085398,0.391372,0.138222
5.957392931,1782824451,0.206043664,0.9232223603,1.129266024,-0.048704,-0.011428,-0.001376,0.015669,0.054593,-0.43928,0.043371,0.006901,-0.010013,0.271021,-0.103259,0.398421,0.138913
5.972719908,1782824451,0.2076010365,0.9153964313,1.122997468,-0.049395,-0.012493,-0.001644,0.008785,0.0557,-0.440507,0.043371,0.006901,-0.010013,0.271401,-0.066527,0.393676,0.139301
5.986676931,1782824451,0.2076919164,0.8815077102,1.089199627,-0.049395,-0.012493,-0.001644,0.008785,0.0557,-0.440507,0.053846,0.006138,-0.000812,0.267537,-0.067779,0.376495,0.139301
6.000686884,1782824451,0.2089932604,0.8789231385,1.087916399,-0.049777,-0.013524,-0.001456,0.006672,0.056429,-0.441614,0.053775,0.01102,-0.002239,0.26787,-0.050073,0.373323,0.139651
6.014071941,1782824451,0.2107641111,0.8837132989,1.09447741,-0.050082,-0.013849,-0.001366,0.008441,0.055584,-0.443406,0.053775,0.01102,-0.002239,0.267742,-0.060846,0.378804,0.140217
6.028182983,1782824451,0.2119742849,0.869476811,1.081451096,-0.050269,-0.014342,-0.001375,0.005767,0.055666,-0.444628,0.050021,0.011196,0.005609,0.264459,-0.046474,0.384918,0.140604
6.04518199,1782824451,0.2117134882,0.8567033666,1.068416855,-0.050635,-0.015389,-0.000821,0.008074,0.055733,-0.44402,0.043311,0.013384,0.014139,0.260093,-0.05833,0.396361,0.140411
6.058607817,1782824451,0.2134231019,0.852003433,1.065426535,-0.050815,-0.015918,-0.000646,0.006,0.054756,-0.44567,0.051519,0.017712,0.012271,0.260631,-0.040633,0.388851,0.140933
6.07403183,1782824451,0.2164425138,0.853200954,1.069643468,-0.051232,-0.016909,-0.000385,0.007618,0.054513,-0.448633,0.051519,0.017712,0.012271,0.260261,-0.052041,0.391162,0.14187
6.088052988,1782824451,0.2165439836,0.8436412903,1.060185274,-0.051232,-0.016909,-0.000385,0.007618,0.054513,-0.448633,0.061974,0.013065,0.011033,0.260781,-0.059663,0.374015,0.14187
6.103338003,1782824451,0.2174910687,0.8620896442,1.079580713,-0.051708,-0.017961,-3.8e-05,0.009289,0.053603,-0.449178,0.065941,0.013177,0.002118,0.264034,-0.071329,0.373746,0.142043
6.118251801,1782824451,0.2194665047,0.8584597183,1.077926223,-0.051729,-0.018462,7.2e-05,0.007103,0.053969,-0.451258,0.065941,0.013177,0.002118,0.263879,-0.060026,0.371715,0.1427
6.133044958,1782824451,0.2213679713,0.8415882148,1.062956186,-0.052066,-0.019399,0.000213,0.002025,0.054639,-0.453007,0.063019,0.010803,0.008951,0.26081,-0.037163,0.373453,0.143253
6.152310848,1782824451,0.2228959047,0.8622533149,1.08514922,-0.052143,-0.020272,0.000178,0.003409,0.054308,-0.454496,0.060266,0.014022,0.002159,0.263712,-0.041702,0.380023,0.143724
6.165889025,1782824451,0.2255882959,0.8690814549,1.094669751,-0.052284,-0.020789,0.000303,0.002311,0.053479,-0.457236,0.061842,0.01539,-0.000642,0.264711,-0.034375,0.382458,0.144591
6.1793859,1782824451,0.2268524361,0.8692053058,1.096057742,-0.052419,-0.021161,0.000274,0.002421,0.053603,-0.458453,0.061842,0.01539,-0.000642,0.264752,-0.03583,0.382057,0.144975
6.193253994,1782824451,0.2264171408,0.8702981203,1.096715261,-0.052685,-0.021657,0.000247,0.004809,0.053189,-0.457589,0.069182,0.0198,-0.003892,0.266155,-0.043272,0.372964,0.144702
6.209323883,1782824451,0.2266623519,0.8700427633,1.096705115,-0.052729,-0.022065,0.000237,0.00385,0.0532,-0.457735,0.069182,0.0198,-0.003892,0.266169,-0.038738,0.373002,0.144749
6.223237038,1782824451,0.2292856471,0.896121836,1.125407483,-0.052816,-0.022906,0.000265,-0.000884,0.053262,-0.460417,0.060717,0.025245,-0.011492,0.269322,-0.004791,0.386726,0.145597
6.236470938,1782824451,0.2306455996,0.8916462901,1.12229189,-0.052968,-0.023243,0.000161,-0.001498,0.054553,-0.461706,0.060717,0.025245,-0.011492,0.269468,-0.002054,0.37973,0.146004
6.251158953,1782824451,0.2307849219,0.9062619999,1.137046922,-0.053015,-0.023672,4.6e-05,-0.000226,0.053997,-0.461774,0.055266,0.028278,-0.013384,0.270425,-0.00527,0.391936,0.146026
6.266516924,1782824451,0.2334974567,0.9472963929,1.18079385,-0.053101,-0.02441,-0.000256,0.000515,0.052221,-0.464296,0.062291,0.030636,-0.030487,0.278036,-0.007262,0.3907,0.146823
6.280164003,1782824451,0.2358203221,0.947103637,1.182923959,-0.053201,-0.024736,-0.000485,0.001152,0.052779,-0.466638,0.062291,0.030636,-0.030487,0.27836,-0.011609,0.387751,0.147564
6.2936759,1782824451,0.2357923746,0.9358895646,1.171681939,-0.05322,-0.025083,-0.000727,0.002137,0.052787,-0.466458,0.066654,0.030661,-0.027152,0.277301,-0.017938,0.380593,0.147507
6.307459831,1782824451,0.2365091906,0.9502866319,1.186795823,-0.053419,-0.025552,-0.00105,0.001012,0.052032,-0.46701,0.061013,0.036946,-0.027701,0.277989,-0.002287,0.394579,0.147682
6.321194887,1782824451,0.2400385452,0.9312437767,1.171282322,-0.053345,-0.026043,-0.001374,0.001562,0.051502,-0.470788,0.056468,0.036606,-0.014649,0.272966,-0.007068,0.404877,0.148876
6.334700823,1782824451,0.2406047044,0.9383017077,1.178906412,-0.053274,-0.026368,-0.001655,0.003073,0.050477,-0.471331,0.056468,0.036606,-0.014649,0.273363,-0.016382,0.410542,0.149048
6.347946882,1782824451,0.2409199041,0.9584730289,1.199392933,-0.053372,-0.026776,-0.001691,0.005166,0.050964,-0.471466,0.054923,0.037127,-0.023023,0.276931,-0.028329,0.41053,0.14909
6.364255905,1782824451,0.2424874501,0.9216071301,1.16409458,-0.053335,-0.027403,-0.001884,0.007402,0.050288,-0.472794,0.072235,0.032324,-0.014114,0.273461,-0.050312,0.385893,0.14951
6.377478838,1782824451,0.244000605,0.9259353717,1.169935977,-0.053233,-0.027572,-0.002084,0.006189,0.049514,-0.474393,0.072235,0.032324,-0.014114,0.273745,-0.043797,0.390063,0.150016
6.391958952,1782824451,0.2452452583,0.9042027572,1.149448015,-0.053105,-0.027983,-0.002146,0.004931,0.049657,-0.47563,0.074321,0.03289,-0.006131,0.27048,-0.036644,0.385543,0.150407
6.407619953,1782824451,0.246869637,0.9123594844,1.159229121,-0.053178,-0.028342,-0.002254,0.005288,0.050817,-0.477249,0.067137,0.035798,-0.00752,0.271215,-0.034704,0.3909,0.150919
6.424189806,1782824451,0.2474954551,0.9124288867,1.159924342,-0.053234,-0.028716,-0.002462,0.003389,0.050387,-0.477804,0.062594,0.037023,-0.003636,0.269879,-0.022742,0.400918,0.151095
6.440989971,1782824451,0.2495595073,0.9353747714,1.184934279,-0.053217,-0.028754,-0.002595,0.001951,0.051081,-0.479851,0.062354,0.044963,-0.014615,0.274677,-0.001634,0.397331,0.151742
6.456535816,1782824451,0.2512350363,0.9445478497,1.195782886,-0.053155,-0.029188,-0.002596,0.001947,0.049091,-0.481518,0.062354,0.044963,-0.014615,0.274679,-0.002583,0.408497,0.152269
6.471127033,1782824451,0.2522780598,0.9269391209,1.179217181,-0.053261,-0.029986,-0.002675,0.003086,0.048611,-0.48226,0.067616,0.042309,-0.008553,0.272246,-0.015192,0.40283,0.152504
6.484802961,1782824451,0.2521819791,0.9369621481,1.189144127,-0.053261,-0.029986,-0.002675,0.003086,0.048611,-0.48226,0.05959,0.043075,-0.00824,0.272114,-0.013936,0.415993,0.152504
6.499239922,1782824451,0.2542658463,0.9348773025,1.189143149,-0.052955,-0.030075,-0.002682,0.002112,0.048967,-0.484552,0.05959,0.043075,-0.00824,0.272124,-0.008603,0.413291,0.153229
6.514364004,1782824451,0.2558490823,0.9229945048,1.178843587,-0.052931,-0.030457,-0.002553,0.003761,0.047074,-0.486144,0.058775,0.040929,0.001266,0.267948,-0.022342,0.425324,0.153732
6.527504921,1782824451,0.2566275785,0.9041153729,1.160742951,-0.052922,-0.03069,-0.002305,0.004053,0.047738,-0.486853,0.059474,0.044078,0.006976,0.2652,-0.019359,0.42039,0.153956
6.543339968,1782824451,0.25787732,0.8996476126,1.157524933,-0.052701,-0.031041,-0.002358,0.003271,0.047863,-0.488071,0.06366,0.045714,0.006105,0.265641,-0.013017,0.412317,0.154342
6.557158947,1782824451,0.2602396135,0.8993578757,1.159597489,-0.052625,-0.031144,-0.002346,0.003945,0.047952,-0.490493,0.06366,0.045714,0.006105,0.265624,-0.017077,0.411639,0.155108
6.571882963,1782824451,0.2603459028,0.8961555572,1.15650146,-0.052431,-0.031313,-0.002143,0.006236,0.048242,-0.490686,0.065745,0.040242,0.005417,0.265626,-0.039445,0.406141,0.155169
6.585413933,1782824451,0.2613881384,0.9189842314,1.18037237,-0.052413,-0.03172,-0.002207,0.005941,0.048231,-0.491617,0.067191,0.0383,-0.005232,0.270188,-0.041866,0.403791,0.155463
6.598853827,1782824451,0.2609690385,0.907754642,1.168723681,-0.052368,-0.031942,-0.002234,0.007559,0.047528,-0.491142,0.067833,0.037864,0.001267,0.267498,-0.052268,0.406631,0.155313
6.613864899,1782824451,0.2650435591,0.9085692976,1.173612857,-0.052379,-0.032064,-0.002058,0.009837,0.047492,-0.495239,0.067833,0.037864,0.001267,0.267249,-0.065482,0.40686,0.156608
6.627305031,1782824452,0.2657660652,0.9192057744,1.18497184,-0.05246,-0.032288,-0.002079,0.004674,0.048386,-0.495816,0.065741,0.044918,-0.005501,0.27012,-0.025082,0.405395,0.156791
6.642239809,1782824452,0.2654137654,0.9164476182,1.181861384,-0.052466,-0.03256,-0.002091,0.004716,0.049171,-0.495443,0.058563,0.045951,-0.001628,0.26851,-0.024232,0.41272,0.156673
6.65939784,1782824452,0.2682756187,0.9518083356,1.220083954,-0.052334,-0.032642,-0.002151,0.004956,0.048431,-0.498371,0.057817,0.04409,-0.014834,0.274142,-0.028834,0.417853,0.157599
6.675752878,1782824452,0.2703702831,0.9462208483,1.216591131,-0.052272,-0.032973,-0.002045,0.004139,0.049416,-0.500392,0.057817,0.04409,-0.014834,0.273992,-0.024934,0.412121,0.158238
6.691154957,1782824452,0.2697304258,0.9393070836,1.209037509,-0.052263,-0.033167,-0.002141,0.005517,0.049484,-0.499691,0.062001,0.037369,-0.013539,0.273583,-0.044221,0.404853,0.158016
6.704519987,1782824452,0.2709509326,0.9538421284,1.224793061,-0.05216,-0.03343,-0.002191,0.007015,0.048888,-0.500903,0.054484,0.044615,-0.014188,0.273926,-0.041429,0.420334,0.1584
6.720331907,1782824452,0.2721601092,0.9442988521,1.216458961,-0.052001,-0.033527,-0.002443,0.012769,0.048686,-0.502092,0.059703,0.042846,-0.010094,0.272564,-0.077243,0.412567,0.158775
6.734619856,1782824452,0.2743839901,0.9426339228,1.217017913,-0.052086,-0.033949,-0.002948,0.0108,0.049639,-0.504058,0.059703,0.042846,-0.010094,0.273278,-0.066998,0.407344,0.159397
6.747998953,1782824452,0.2736984824,0.9514434128,1.225141895,-0.052095,-0.034239,-0.003178,0.012859,0.049384,-0.50325,0.058518,0.043521,-0.01126,0.274094,-0.078235,0.410757,0.159142
6.762626886,1782824452,0.2771182052,0.9453405007,1.222458706,-0.05174,-0.034305,-0.003311,0.011958,0.04893,-0.506781,0.06341,0.037044,-0.00982,0.273676,-0.08389,0.404518,0.160258
6.776212931,1782824452,0.277759891,0.9447972602,1.222557151,-0.051789,-0.034372,-0.003367,0.010565,0.048905,-0.507362,0.06341,0.037044,-0.00982,0.273756,-0.076125,0.404768,0.160442
6.790956974,1782824452,0.2777637307,0.9413737025,1.219137433,-0.051789,-0.034372,-0.003367,0.010565,0.048905,-0.507362,0.065762,0.033425,-0.009276,0.273527,-0.08206,0.400909,0.160442
6.805801868,1782824452,0.2784675456,0.9268143923,1.205281938,-0.051802,-0.034814,-0.003604,0.007146,0.050507,-0.507833,0.065374,0.037972,-0.006587,0.272733,-0.056166,0.392476,0.160591
6.824668884,1782824452,0.2791038934,0.927392063,1.206495956,-0.051653,-0.034949,-0.003566,0.009786,0.04898,-0.508565,0.057917,0.042297,0.000774,0.269588,-0.064371,0.413047,0.160822
6.839533806,1782824452,0.2800248113,0.9238439812,1.203868792,-0.051655,-0.03522,-0.00373,0.006525,0.0496,-0.509351,0.057917,0.042297,0.000774,0.26982,-0.046452,0.409529,0.161071
6.855144978,1782824452,0.2815879556,0.94571797,1.227305926,-0.051687,-0.035527,-0.003606,0.005815,0.049147,-0.510824,0.053376,0.043024,-0.005686,0.272357,-0.041916,0.419623,0.161537
6.86874795,1782824452,0.2811410916,0.952367571,1.233508663,-0.05163,-0.035557,-0.003689,0.010742,0.048516,-0.510391,0.053376,0.043024,-0.005686,0.272475,-0.069974,0.423078,0.1614
6.884953022,1782824452,0.2829671103,0.9632960368,1.246263147,-0.051434,-0.035727,-0.003761,0.008741,0.049133,-0.512141,0.056328,0.044759,-0.014058,0.276093,-0.056141,0.414297,0.161953
6.898293972,1782824452,0.2834650464,0.9646479069,1.248112953,-0.051395,-0.035714,-0.0037,0.009878,0.048903,-0.51266,0.056328,0.044759,-0.014058,0.276007,-0.062567,0.415515,0.162117
6.913367033,1782824452,0.2836190802,0.9321924113,1.215811491,-0.051516,-0.035998,-0.003749,0.00635,0.049319,-0.512725,0.051812,0.04317,0.001419,0.269576,-0.045765,0.420829,0.162138
6.927807808,1782824452,0.2846885138,0.9290786842,1.213767198,-0.051313,-0.036082,-0.003776,0.00579,0.049904,-0.51383,0.051812,0.04317,0.001419,0.269614,-0.042775,0.417049,0.162487
6.943434954,1782824452,0.2876127617,0.8969297727,1.184542534,-0.051187,-0.036165,-0.003672,0.005328,0.049336,-0.516709,0.055148,0.037722,0.014883,0.263813,-0.049272,0.414524,0.163398
6.956815004,1782824452,0.2877667656,0.8996954162,1.187462182,-0.051166,-0.036359,-0.003745,0.00202,0.049517,-0.516716,0.060044,0.041907,0.0097,0.266093,-0.024043,0.405417,0.1634
6.972417831,1782824452,0.2886870138,0.8878742526,1.176561266,-0.051083,-0.036454,-0.003412,0.003176,0.051641,-0.517638,0.060044,0.041907,0.0097,0.265622,-0.030822,0.393165,0.163692
6.985991001,1782824452,0.2887554764,0.8818277059,1.170583182,-0.051083,-0.036454,-0.003412,0.003176,0.051641,-0.517638,0.066043,0.041197,0.009018,0.265908,-0.031987,0.383326,0.163692
6.999585867,1782824452,0.2900523029,0.8839881751,1.174040478,-0.050918,-0.036416,-0.003395,0.004,0.051157,-0.51899,0.066043,0.041197,0.009018,0.265884,-0.036588,0.385709,0.164119
7.015161991,1782824452,0.2920785669,0.9112655586,1.203344126,-0.050866,-0.036617,-0.003084,0.005009,0.050655,-0.521056,0.055796,0.042062,0.002958,0.267989,-0.041347,0.405247,0.164772
7.02894783,1782824452,0.291706901,0.9090616009,1.200768502,-0.050803,-0.036722,-0.003081,0.005666,0.050483,-0.520708,0.053745,0.042777,0.005545,0.266899,-0.044145,0.409449,0.164662
7.04303503,1782824452,0.2928704777,0.9324928398,1.225363317,-0.050677,-0.03671,-0.00309,0.005436,0.050384,-0.521888,0.048965,0.04863,-0.002155,0.270146,-0.033211,0.41757,0.165035
7.056288958,1782824452,0.2945951682,0.933794936,1.228390104,-0.050561,-0.036695,-0.00296,0.008425,0.050191,-0.523612,0.048965,0.04863,-0.002155,0.269962,-0.050161,0.41841,0.165581
7.070992947,1782824452,0.2942895401,0.9226290138,1.216918554,-0.050542,-0.036827,-0.003,0.005438,0.049781,-0.523245,0.051772,0.050161,0.001353,0.268544,-0.030973,0.416092,0.165464
7.085505009,1782824452,0.2943288781,0.9262352096,1.220564088,-0.050646,-0.036892,-0.002948,0.005438,0.049781,-0.523245,0.05222,0.046483,-0.000416,0.269214,-0.037149,0.41559,0.165464
7.098776817,1782824452,0.2944936592,0.9247946544,1.219288314,-0.050478,-0.036969,-0.00293,0.005624,0.050016,-0.523456,0.05222,0.046483,-0.000416,0.269189,-0.038377,0.413877,0.165531
7.113536835,1782824452,0.2964530763,0.9026826997,1.199135776,-0.050137,-0.036815,-0.002761,0.004815,0.04884,-0.525556,0.058266,0.039989,0.007702,0.26554,-0.044088,0.409882,0.166195
7.12766099,1782824452,0.2955556744,0.8923463117,1.187901986,-0.050174,-0.036804,-0.002747,0.004468,0.049036,-0.52469,0.05585,0.041665,0.013178,0.263221,-0.039347,0.412814,0.165921
7.143275023,1782824452,0.294607555,0.8623550259,1.156962581,-0.049984,-0.036949,-0.00247,0.002039,0.051399,-0.523745,0.059305,0.045755,0.01814,0.260744,-0.019162,0.393297,0.165623
7.156908035,1782824452,0.2953485759,0.8852332645,1.18058184,-0.049887,-0.036839,-0.002443,0.001731,0.051344,-0.524612,0.052695,0.047678,0.011585,0.26346,-0.014008,0.404232,0.165897
7.171201944,1782824452,0.2960079764,0.8857412429,1.181749219,-0.049816,-0.036707,-0.00245,0.002306,0.051253,-0.52532,0.052695,0.047678,0.011585,0.26347,-0.016982,0.404589,0.166121
7.186049938,1782824452,0.2972075468,0.9024572652,1.199664812,-0.049533,-0.036733,-0.002325,8.3e-05,0.053456,-0.526586,0.053835,0.04654,-0.0017,0.268872,-0.006275,0.389573,0.166521
7.203334808,1782824452,0.2966432417,0.9127711674,1.209414409,-0.049432,-0.036796,-0.002354,-0.000853,0.052592,-0.52605,0.056267,0.046868,-0.005957,0.270701,-0.000561,0.390266,0.166352
7.247277975,1782824452,0.299744024,0.9163767172,1.216120741,-0.048908,-0.036512,-0.002551,-0.001619,0.054547,-0.529281,0.049223,0.05524,-0.006831,0.271347,0.018156,0.38954,0.167373
7.264336824,1782824452,0.3017170744,0.9155704166,1.217287491,-0.048508,-0.036495,-0.002881,0.000578,0.053674,-0.531347,0.050595,0.050048,-0.004788,0.270956,-0.002802,0.391354,0.168027
7.277746916,1782824452,0.3029236441,0.9212038413,1.224127485,-0.048201,-0.036373,-0.003125,-0.000778,0.052747,-0.532644,0.050595,0.050048,-0.004788,0.271301,0.005173,0.395934,0.168437
7.292308807,1782824452,0.3030976614,0.9334593429,1.236557004,-0.048186,-0.036367,-0.003153,-0.000897,0.052698,-0.532802,0.053527,0.046991,-0.011618,0.274208,0.000851,0.39137,0.168487
7.308310986,1782824452,0.3023123182,0.9072166049,1.209528923,-0.048072,-0.036364,-0.003236,2.5e-05,0.053676,-0.532006,0.063504,0.045775,-0.007273,0.272501,-0.006379,0.369195,0.168235
7.32306695,1782824452,0.3021954607,0.9131924629,1.215387924,-0.04762,-0.036005,-0.003575,0.001677,0.052724,-0.532152,0.065128,0.047429,-0.008121,0.273337,-0.012249,0.370935,0.168281
7.33870101,1782824452,0.3034272179,0.9100725388,1.213499757,-0.047545,-0.035933,-0.003672,0.006623,0.054002,-0.533336,0.065128,0.047429,-0.008121,0.273474,-0.040189,0.3635,0.168656
7.355944872,1782824452,0.3029126636,0.9075251134,1.210437777,-0.047231,-0.035944,-0.003959,0.005127,0.05473,-0.533031,0.056869,0.048641,-0.00358,0.271972,-0.029724,0.372212,0.168559
7.3698349,1782824452,0.3024878299,0.9591072707,1.261595101,-0.047035,-0.035734,-0.00434,0.006082,0.053294,-0.532702,0.053305,0.053008,-0.020198,0.279491,-0.027517,0.385773,0.168455
7.384124994,1782824452,0.3031664822,0.9590904947,1.262256977,-0.046691,-0.035494,-0.004458,0.006302,0.053405,-0.533549,0.053305,0.053008,-0.020198,0.279657,-0.028231,0.384377,0.168723
7.403189898,1782824452,0.3057492322,0.9557020228,1.261451255,-0.046427,-0.035441,-0.00453,0.005176,0.052485,-0.535991,0.060361,0.05557,-0.02086,0.280037,-0.017516,0.377438,0.169495
7.41782093,1782824452,0.304457511,0.9090131593,1.21347067,-0.045956,-0.035373,-0.004787,0.003935,0.05318,-0.535042,0.058682,0.053337,-0.000675,0.271923,-0.013973,0.375193,0.169195
7.433426857,1782824452,0.3057273978,0.9053516768,1.211079075,-0.045534,-0.035232,-0.00476,0.002488,0.053826,-0.536453,0.058682,0.053337,-0.000675,0.271885,-0.005435,0.37058,0.169641
7.447882891,1782824452,0.3066231381,0.8988208912,1.205444029,-0.045275,-0.034964,-0.004691,0.003962,0.053002,-0.537527,0.055837,0.053804,0.004963,0.269419,-0.012448,0.37935,0.169981
7.463781834,1782824452,0.3059803965,0.8546231802,1.160603577,-0.04474,-0.034718,-0.004489,0.003115,0.054105,-0.537152,0.063408,0.053294,0.017401,0.263911,-0.007917,0.359468,0.169862
7.47702384,1782824452,0.3052682051,0.8568402101,1.162108415,-0.04444,-0.034583,-0.004469,0.004438,0.053437,-0.536666,0.063408,0.053294,0.017401,0.263882,-0.015133,0.362592,0.169709
7.490640879,1782824452,0.3058974503,0.865047641,1.170945091,-0.044127,-0.034454,-0.004358,0.000636,0.055157,-0.537428,0.059967,0.058273,0.011812,0.266073,0.014919,0.357762,0.16995
7.505056858,1782824452,0.3071237175,0.8788643303,1.185988048,-0.043826,-0.034319,-0.00433,0.002792,0.053597,-0.538791,0.056416,0.058647,0.010085,0.266759,0.003587,0.371777,0.170381
7.51886797,1782824452,0.3078573104,0.8746638771,1.182521187,-0.043402,-0.033984,-0.004094,0.003241,0.054027,-0.539781,0.056416,0.058647,0.010085,0.266424,0.001785,0.368384,0.170694
7.533380985,1782824452,0.3084228213,0.8841274271,1.192550248,-0.042739,-0.033819,-0.003824,0.005314,0.053074,-0.540603,0.061005,0.060735,0.003847,0.268662,-0.0062,0.364789,0.170954
7.547838926,1782824452,0.3077999656,0.8616172483,1.169417214,-0.042684,-0.033663,-0.003631,0.003101,0.052151,-0.540099,0.063316,0.060104,0.013664,0.264267,0.005686,0.36612,0.170794
7.564102888,1782824452,0.3084009395,0.8657340879,1.174135027,-0.04154,-0.033036,-0.003293,-0.000558,0.053073,-0.541329,0.05677,0.066557,0.012353,0.264338,0.038463,0.36906,0.171183
7.577975035,1782824452,0.3083077034,0.8426892833,1.150996987,-0.041232,-0.03287,-0.003148,-0.001858,0.052153,-0.541425,0.059875,0.062122,0.022169,0.260012,0.038945,0.368505,0.171214
7.59226799,1782824452,0.30769312,0.8386174921,1.146310612,-0.040968,-0.032722,-0.002969,-0.001982,0.05272,-0.541017,0.059875,0.062122,0.022169,0.259759,0.039979,0.364694,0.171085
7.606498003,1782824452,0.3076408699,0.8565076027,1.164148473,-0.040729,-0.032513,-0.002905,5e-06,0.052021,-0.541121,0.065571,0.060553,0.01148,0.264157,0.026585,0.35879,0.171118
7.623661995,1782824453,0.3106636279,0.8598413721,1.170505,-0.040082,-0.031966,-0.002746,-0.003369,0.05217,-0.544277,0.06809,0.06241,0.008351,0.265246,0.050023,0.352365,0.172115
7.636977911,1782824453,0.3096732459,0.8557858503,1.165459096,-0.039496,-0.031661,-0.002578,-0.001687,0.052421,-0.543685,0.06809,0.06241,0.008351,0.265008,0.041147,0.34963,0.171928
7.650614977,1782824453,0.3068194892,0.8479814865,1.154800976,-0.038746,-0.031174,-0.002429,-0.003616,0.053317,-0.541409,0.066893,0.068394,0.010775,0.263779,0.063011,0.344826,0.171209
7.665364027,1782824453,0.3070875155,0.8732843769,1.180371892,-0.038312,-0.030821,-0.002277,-0.005023,0.05365,-0.542015,0.051996,0.074111,0.00699,0.265155,0.081175,0.366395,0.1714
7.678967953,1782824453,0.3071515488,0.8836670146,1.190818563,-0.037943,-0.030365,-0.002262,0.000688,0.050094,-0.54237,0.051996,0.074111,0.00699,0.265133,0.049747,0.385773,0.171512
7.693660021,1782824453,0.3085445665,0.9230611963,1.231605763,-0.037457,-0.030015,-0.002094,-0.00041,0.049832,-0.543861,0.055383,0.076327,-0.012165,0.27294,0.060398,0.380621,0.171984
7.709466934,1782824453,0.3084105332,0.9203658064,1.22877634,-0.037024,-0.029725,-0.002082,-0.000649,0.050326,-0.543962,0.055383,0.076327,-0.012165,0.272923,0.062406,0.376845,0.172016
7.728763819,1782824453,0.3074619374,0.8969725526,1.20443449,-0.036248,-0.029081,-0.002204,-0.00215,0.050398,-0.543496,0.059592,0.07534,-0.003978,0.269658,0.070756,0.367795,0.171868
7.748481035,1782824453,0.3095485177,0.8908185706,1.200367088,-0.035346,-0.028256,-0.002219,-0.000252,0.051362,-0.545879,0.058228,0.078975,-0.002971,0.269256,0.06778,0.362544,0.172622
7.764007807,1782824453,0.3067657376,0.9011665177,1.207932255,-0.034651,-0.027456,-0.002523,-0.000519,0.05175,-0.543816,0.054198,0.075163,-0.005868,0.270902,0.064833,0.365391,0.17197
7.778771877,1782824453,0.306800372,0.920187863,1.226988235,-0.034651,-0.027456,-0.002523,-0.000519,0.05175,-0.543816,0.054338,0.076256,-0.014145,0.274378,0.066624,0.365161,0.17197
7.794597864,1782824453,0.3085214082,0.9203754686,1.228896877,-0.033465,-0.026586,-0.002868,0.002222,0.051548,-0.545949,0.054338,0.076256,-0.014145,0.274866,0.052995,0.363659,0.172644
7.808697939,1782824453,0.3083734847,0.9444792147,1.252852699,-0.033186,-0.02627,-0.002943,-0.002162,0.051535,-0.54591,0.05398,0.07856,-0.022541,0.278499,0.082393,0.363692,0.172632
7.822877884,1782824453,0.3061113047,0.920395743,1.226507048,-0.032222,-0.025329,-0.003245,0.00434,0.049394,-0.544278,0.057354,0.08216,-0.011511,0.274293,0.053457,0.368168,0.172116
7.839510918,1782824453,0.307612948,0.9400467289,1.247659677,-0.031695,-0.024718,-0.003206,0.002365,0.048902,-0.545973,0.045357,0.088531,-0.01179,0.274355,0.076495,0.389461,0.172652
7.855362892,1782824453,0.3058632323,0.9423982089,1.248261441,-0.031007,-0.023769,-0.003493,0.003653,0.048402,-0.544746,0.045357,0.088531,-0.01179,0.274762,0.0713,0.390766,0.172264
7.871630907,1782824453,0.3061597149,0.9075825059,1.213742221,-0.030442,-0.023341,-0.00368,0.000701,0.048875,-0.545234,0.055049,0.084194,-0.001833,0.270844,0.081917,0.370917,0.172418
7.886664867,1782824453,0.3057365922,0.9173101525,1.223046745,-0.029946,-0.02271,-0.003599,0.000701,0.048875,-0.545234,0.047146,0.082037,-0.002606,0.271054,0.079791,0.38277,0.172418
7.902006865,1782824453,0.3070337201,0.9124818507,1.219515571,-0.029515,-0.022169,-0.003699,0.00174,0.047705,-0.546667,0.037569,0.085306,0.007434,0.266979,0.080458,0.404161,0.172871
7.915664911,1782824453,0.3064073015,0.8973818451,1.203789147,-0.0286,-0.021329,-0.003623,0.005666,0.049925,-0.546492,0.037569,0.085306,0.007434,0.266871,0.060028,0.389502,0.172816
7.931962013,1782824453,0.3046954982,0.9035148174,1.208210316,-0.028272,-0.020764,-0.003588,0.005539,0.049263,-0.545039,0.050986,0.084393,-0.001833,0.270713,0.060514,0.370528,0.172356
7.946580887,1782824453,0.3043608532,0.8983576938,1.202718547,-0.027764,-0.02026,-0.00362,0.005539,0.049263,-0.545039,0.040651,0.084275,0.005905,0.26751,0.061447,0.386341,0.172356
7.961874008,1782824453,0.3055205124,0.9044954758,1.210015988,-0.026439,-0.018644,-0.003479,0.00365,0.051936,-0.546678,0.035019,0.089144,0.001205,0.269284,0.08378,0.377428,0.172875
7.976308823,1782824453,0.3038853328,0.9055351473,1.20942048,-0.026032,-0.018031,-0.003622,0.007005,0.05114,-0.545367,0.035019,0.089144,0.001205,0.269487,0.066091,0.381041,0.17246
7.992288828,1782824453,0.3035100478,0.897350762,1.20086081,-0.025481,-0.01765,-0.003584,0.004566,0.050005,-0.545179,0.055726,0.081505,-0.004478,0.271819,0.068273,0.352295,0.172401
8.005678892,1782824453,0.3050960143,0.8981278964,1.203223911,-0.02515,-0.017002,-0.003525,0.00687,0.049253,-0.546823,0.055726,0.081505,-0.004478,0.271736,0.056634,0.355829,0.172921
8.018960953,1782824453,0.3046156338,0.8854445196,1.190060153,-0.024514,-0.016408,-0.003546,0.008648,0.052018,-0.546588,0.055726,0.081505,-0.004478,0.271765,0.047857,0.338698,0.172846
8.034741879,1782824453,0.3019593245,0.8826755061,1.184634831,-0.023671,-0.015545,-0.003836,0.007842,0.051056,-0.544594,0.049932,0.074582,0.001401,0.269707,0.043012,0.351779,0.172216
8.048985958,1782824453,0.3036157504,0.8806766772,1.184292428,-0.023286,-0.015048,-0.003913,0.009363,0.05145,-0.546248,0.049932,0.074582,0.001401,0.269815,0.03548,0.34868,0.172739
8.064081907,1782824453,0.3033506346,0.9138016802,1.217152315,-0.022368,-0.0139,-0.003776,0.014067,0.050266,-0.54636,0.038229,0.081602,-0.00636,0.272881,0.022834,0.372544,0.172774
8.07781601,1782824453,0.3020188164,0.9082378762,1.210256693,-0.022049,-0.013347,-0.004014,0.012218,0.049372,-0.545225,0.038836,0.083365,-0.001687,0.271255,0.037468,0.375918,0.172415
8.095968962,1782824453,0.3013232286,0.9036979577,1.205021186,-0.021676,-0.01289,-0.003923,0.0099,0.05042,-0.544725,0.038836,0.083365,-0.001687,0.271127,0.051658,0.369132,0.172257
8.111754894,1782824453,0.3040232404,0.9027402599,1.2067635,-0.021206,-0.012424,-0.003722,0.013814,0.049067,-0.547355,0.039745,0.084294,-0.000858,0.270495,0.031988,0.374275,0.173089
8.127353907,1782824453,0.30107375,0.8768336847,1.177907435,-0.020326,-0.011291,-0.003597,0.010894,0.049181,-0.545049,0.044177,0.076129,0.007026,0.267006,0.037721,0.364391,0.17236
8.142424822,1782824453,0.3004888882,0.8815088215,1.18199771,-0.0196,-0.010265,-0.00369,0.006037,0.048448,-0.544819,0.044269,0.070853,0.006941,0.267174,0.058958,0.366784,0.172287
8.15553689,1782824453,0.3032674245,0.8769926402,1.180260065,-0.019024,-0.009748,-0.003618,0.008458,0.048929,-0.547514,0.044269,0.070853,0.006941,0.267071,0.046361,0.362763,0.173139
8.168874979,1782824453,0.3020512626,0.8844503785,1.186501641,-0.018835,-0.009259,-0.003565,0.008668,0.048592,-0.546513,0.042084,0.070352,0.005009,0.267808,0.045435,0.367841,0.172823
8.184288979,1782824453,0.2990390249,0.8629134508,1.161952476,-0.018441,-0.008579,-0.003428,0.006194,0.049313,-0.543813,0.044994,0.073446,0.011909,0.264716,0.066087,0.358088,0.171969
8.198953867,1782824453,0.2980644042,0.8658006866,1.163865091,-0.018119,-0.008273,-0.003414,0.006815,0.050166,-0.543076,0.042603,0.068512,0.009409,0.265747,0.055153,0.356442,0.171736
8.212999821,1782824453,0.2999115261,0.8648781716,1.164789698,-0.017205,-0.00709,-0.003103,0.01177,0.04898,-0.545045,0.042603,0.068512,0.009409,0.265306,0.029647,0.361136,0.172358
8.226203918,1782824453,0.2990575767,0.8425819616,1.141639538,-0.016866,-0.006667,-0.002903,0.010161,0.048779,-0.54434,0.037969,0.070572,0.021902,0.259777,0.043114,0.369123,0.172135
8.241616011,1782824453,0.2963410302,0.8591078924,1.155448923,-0.01645,-0.006141,-0.002946,0.004478,0.050832,-0.541978,0.034464,0.069809,0.013866,0.263214,0.075324,0.362276,0.171389
8.258343935,1782824453,0.2978668327,0.8638817753,1.161748608,-0.015818,-0.005153,-0.002673,0.008146,0.048412,-0.543575,0.034464,0.069809,0.013866,0.262828,0.056693,0.374613,0.171893
8.275966883,1782824453,0.2957162983,0.846299544,1.142015842,-0.015221,-0.003934,-0.002547,0.005701,0.04953,-0.541732,0.038706,0.067042,0.017137,0.261275,0.068772,0.359967,0.171311
8.291555882,1782824453,0.2957564743,0.8647612517,1.160517726,-0.015221,-0.003934,-0.002547,0.005701,0.04953,-0.541732,0.043003,0.069234,0.006754,0.265636,0.072368,0.352919,0.171311
8.305516005,1782824453,0.2933532545,0.8668849643,1.160238219,-0.014614,-0.003037,-0.002021,0.007557,0.049091,-0.539666,0.038395,0.072104,0.006475,0.265009,0.068537,0.361616,0.170657
8.319243908,1782824453,0.2932887407,0.8524048349,1.145693576,-0.014188,-0.00233,-0.001846,0.004751,0.049005,-0.539753,0.034925,0.068336,0.014927,0.261212,0.079874,0.366844,0.170685
8.333906889,1782824453,0.290235666,0.8574661151,1.147701781,-0.013483,-0.001325,-0.001778,0.00583,0.047195,-0.537045,0.034925,0.068336,0.014927,0.261115,0.075995,0.375551,0.169829
8.348558903,1782824453,0.2904180869,0.8711342414,1.161552328,-0.013271,-0.000869,-0.001698,0.009846,0.047009,-0.537202,0.04316,0.06872,0.002932,0.26604,0.054827,0.362625,0.169878
8.362859964,1782824453,0.2911911144,0.8466359179,1.137827032,-0.012939,-0.000343,-0.001549,0.008149,0.048671,-0.538057,0.029969,0.065982,0.017723,0.259618,0.061152,0.374073,0.170149
8.376649857,1782824453,0.2880692892,0.8420545069,1.130123796,-0.012438,0.000954,-0.001565,0.007019,0.04981,-0.535194,0.029969,0.065982,0.017723,0.259641,0.070472,0.366484,0.169243
8.390242815,1782824453,0.2880878573,0.8548376954,1.142925553,-0.012438,0.000954,-0.001565,0.007019,0.04981,-0.535194,0.038245,0.065073,0.007374,0.263987,0.068981,0.352909,0.169243
8.407642841,1782824453,0.2864446901,0.8675841801,1.15402887,-0.011773,0.001819,-0.00136,0.008597,0.047854,-0.533801,0.027786,0.065746,0.009369,0.262859,0.063055,0.379691,0.168803
8.424069881,1782824453,0.2842368813,0.8830827809,1.167319662,-0.011128,0.002882,-0.001277,0.010343,0.048051,-0.531764,0.033271,0.064637,-0.002336,0.267657,0.053693,0.36813,0.168159
8.440047979,1782824453,0.2831291711,0.8962622276,1.179391399,-0.010985,0.003268,-0.001446,0.011847,0.049387,-0.530747,0.026292,0.06375,-0.006891,0.269809,0.044558,0.37167,0.167837
8.456116915,1782824453,0.2836872248,0.8943987687,1.178085993,-0.010318,0.004389,-0.001478,0.012151,0.049654,-0.531294,0.026292,0.06375,-0.006891,0.269853,0.045338,0.368659,0.16801
8.473941803,1782824453,0.2815073093,0.8973286583,1.178835968,-0.009976,0.005008,-0.001573,0.009782,0.049755,-0.529288,0.019595,0.062591,-0.004181,0.26885,0.058282,0.378304,0.167376
8.494298935,1782824453,0.2801746684,0.8700859665,1.150260635,-0.009617,0.005874,-0.001806,0.010886,0.050833,-0.527988,0.027304,0.059835,0.00182,0.26666,0.049423,0.358735,0.166964
8.507882833,1782824453,0.2798650811,0.9006608448,1.180525926,-0.0093,0.006386,-0.002059,0.014242,0.051011,-0.527695,0.025903,0.05668,-0.011432,0.272583,0.026327,0.359314,0.166872
8.526330948,1782824453,0.2778816516,0.8866841945,1.164565846,-0.008972,0.007448,-0.002301,0.015028,0.051905,-0.525685,0.031621,0.05922,-0.009223,0.271997,0.028405,0.344121,0.166236
8.541090965,1782824453,0.2778525759,0.8853531502,1.163205726,-0.008386,0.008377,-0.002767,0.017808,0.051347,-0.525692,0.026389,0.052735,-0.004214,0.270553,0.00405,0.354559,0.166239
8.555729866,1782824453,0.2764481192,0.9292029453,1.205651065,-0.00811,0.008741,-0.002898,0.014141,0.051841,-0.524271,0.025545,0.054935,-0.023108,0.278673,0.029305,0.352522,0.165789
8.569255829,1782824453,0.2751917175,0.9232763386,1.198468056,-0.007922,0.009096,-0.003015,0.014575,0.053442,-0.523025,0.025545,0.054935,-0.023108,0.278838,0.027631,0.343003,0.165395
8.584373951,1782824453,0.2731213324,0.8997849383,1.172906271,-0.007753,0.009427,-0.00331,0.019252,0.05316,-0.521102,0.024386,0.046673,-0.011429,0.274351,-0.011752,0.346132,0.164787
8.597627878,1782824453,0.2731720262,0.8925602111,1.165732237,-0.007615,0.009983,-0.003531,0.01909,0.054198,-0.521053,0.033246,0.04233,-0.013527,0.275545,-0.016713,0.325393,0.164772
8.610885859,1782824453,0.2730599692,0.8965896518,1.169649621,-0.007192,0.010681,-0.003623,0.021035,0.053245,-0.520896,0.033246,0.04233,-0.013527,0.275674,-0.026201,0.329861,0.164722
8.625236034,1782824454,0.2718621132,0.8784376956,1.150299809,-0.007109,0.011101,-0.003893,0.020144,0.054101,-0.519675,0.036246,0.039693,-0.007647,0.273587,-0.024523,0.319893,0.164336
8.644075871,1782824454,0.2706118382,0.8733140559,1.143925894,-0.0066,0.011882,-0.004125,0.019827,0.054626,-0.518364,0.038053,0.039943,-0.006724,0.273527,-0.020568,0.312811,0.163921
8.657685995,1782824454,0.269782996,0.8778235376,1.147606534,-0.006535,0.012111,-0.004256,0.019611,0.053583,-0.517532,0.038053,0.039943,-0.006724,0.273713,-0.018828,0.318586,0.163658
8.671545029,1782824454,0.2669646108,0.8698291182,1.136793729,-0.006249,0.012496,-0.0045,0.021494,0.054151,-0.514781,0.036858,0.032896,-0.002519,0.272291,-0.040222,0.316682,0.162788
8.685935974,1782824454,0.2669547617,0.8742031326,1.141157894,-0.006249,0.012496,-0.0045,0.021494,0.054151,-0.514781,0.034958,0.03337,-0.003591,0.272741,-0.039445,0.319798,0.162788
8.700742006,1782824454,0.2664835799,0.8737483709,1.140231951,-0.006084,0.012833,-0.00458,0.020305,0.052723,-0.514347,0.029954,0.030595,0.001343,0.270783,-0.036487,0.335749,0.162651
8.714015007,1782824454,0.2651506131,0.8777705385,1.142921152,-0.005833,0.013581,-0.004533,0.02244,0.051674,-0.512978,0.029954,0.030595,0.001343,0.270716,-0.046944,0.341146,0.162218
8.727417946,1782824454,0.2622045529,0.8717012472,1.1339058,-0.005656,0.013671,-0.004396,0.02091,0.051389,-0.510171,0.026166,0.02641,0.005616,0.268728,-0.044912,0.348582,0.16133
8.741880894,1782824454,0.262913677,0.8429579074,1.105871584,-0.005283,0.014184,-0.004243,0.016916,0.052861,-0.510769,0.034829,0.028906,0.010129,0.266616,-0.016986,0.325177,0.161519
8.755074978,1782824454,0.2617490994,0.8426098292,1.104358929,-0.00508,0.014335,-0.004204,0.017518,0.052796,-0.509622,0.034829,0.028906,0.010129,0.266561,-0.020063,0.325097,0.161157
8.769331932,1782824454,0.2603342118,0.8269388717,1.087273084,-0.005023,0.014341,-0.004122,0.015754,0.052922,-0.508284,0.033982,0.019408,0.017105,0.263516,-0.02561,0.325639,0.160734
8.783594847,1782824454,0.2589880545,0.8395651079,1.098553162,-0.005061,0.014588,-0.004149,0.014681,0.052528,-0.506967,0.028515,0.018905,0.014694,0.264566,-0.019784,0.336928,0.160317
8.798085928,1782824454,0.2596868585,0.8351901093,1.094876968,-0.004812,0.014694,-0.00404,0.013848,0.053341,-0.507664,0.028515,0.018905,0.014694,0.264412,-0.014817,0.331755,0.160537
8.811486006,1782824454,0.2568882673,0.8370640372,1.093952304,-0.004896,0.014956,-0.004018,0.01519,0.051952,-0.50485,0.029108,0.022561,0.015809,0.263913,-0.015856,0.338858,0.159647
8.82583499,1782824454,0.2550340911,0.8451598566,1.100193948,-0.004821,0.01514,-0.003879,0.015387,0.051165,-0.503047,0.027107,0.018927,0.014072,0.264447,-0.022525,0.346446,0.159077
8.843427896,1782824454,0.2547775008,0.8482893464,1.103066847,-0.004498,0.01545,-0.003719,0.014349,0.051532,-0.502771,0.033807,0.014424,0.007931,0.266798,-0.023319,0.33265,0.15899
8.857539892,1782824454,0.2528430001,0.8477907561,1.100633756,-0.004483,0.015489,-0.003583,0.012243,0.051383,-0.500906,0.028822,0.0082,0.010288,0.265617,-0.021474,0.341636,0.1584
8.873169899,1782824454,0.2510892474,0.8428830099,1.093972257,-0.004309,0.015844,-0.003381,0.00834,0.051785,-0.499124,0.028066,0.014672,0.011152,0.264969,0.012112,0.340203,0.157837
8.893168926,1782824454,0.2510892474,0.8428830099,1.093972257,-0.004309,0.015844,-0.003381,0.00834,0.051785,-0.499124,0.028066,0.014672,0.011152,0.264969,0.012112,0.340203,0.157837
8.908306837,1782824454,0.2497678007,0.8606137106,1.110381511,-0.004328,0.015896,-0.003345,0.005553,0.050338,-0.497821,0.030668,0.009361,0.00437,0.267765,0.01935,0.344203,0.157425
8.922488928,1782824454,0.2476650173,0.8697616664,1.117426684,-0.00425,0.01614,-0.003188,0.010295,0.047222,-0.49569,0.034997,0.005912,0.002827,0.268191,-0.012704,0.354634,0.156751
8.935730934,1782824454,0.2486197868,0.8492357417,1.097855529,-0.004114,0.016155,-0.003059,0.010306,0.048308,-0.496689,0.028631,0.001708,0.012991,0.26374,-0.019629,0.358598,0.157067
8.951294899,1782824454,0.2448344734,0.8509014884,1.095735962,-0.004237,0.016168,-0.003113,0.0075,0.047866,-0.492859,0.028631,0.001708,0.012991,0.263818,-0.003654,0.361383,0.155856
8.96446991,1782824454,0.2450722956,0.8687326802,1.113804976,-0.004117,0.016311,-0.003003,0.009022,0.046416,-0.493137,0.024472,0.001382,0.009581,0.265094,-0.012519,0.376177,0.155944
8.977722883,1782824454,0.2457892885,0.8918877336,1.137677022,-0.004083,0.016417,-0.00293,0.009726,0.046645,-0.493894,0.011405,0.0109,0.005865,0.266551,-0.000671,0.396232,0.156183
8.992398024,1782824454,0.2449376062,0.8726865876,1.117624194,-0.004129,0.016394,-0.00296,0.007853,0.046871,-0.493013,0.014743,0.009467,0.012224,0.263923,0.007567,0.389576,0.155905
9.008278847,1782824454,0.2444681147,0.8712391279,1.115707243,-0.004205,0.016399,-0.00295,0.00759,0.047205,-0.492531,0.014743,0.009467,0.012224,0.263908,0.009076,0.387845,0.155752
9.024524927,1782824454,0.2438303197,0.8667991551,1.110629475,-0.004027,0.016681,-0.002996,0.007118,0.047054,-0.491805,0.025037,0.009708,0.008772,0.265423,0.01278,0.371423,0.155522
9.03835392,1782824454,0.2437599286,0.8696127359,1.113372665,-0.004074,0.016612,-0.002907,0.006424,0.048276,-0.491752,0.025016,0.007657,0.004979,0.266891,0.013206,0.364621,0.155505
9.053105831,1782824454,0.2427475492,0.8711956824,1.113943232,-0.004008,0.016764,-0.00306,0.005605,0.048157,-0.490682,0.025016,0.007657,0.004979,0.267106,0.018197,0.365146,0.155167
9.067126989,1782824454,0.2424677518,0.8894832283,1.13195098,-0.003917,0.016846,-0.003124,0.006042,0.048378,-0.490367,0.02732,0.0051,-0.004673,0.27125,0.011706,0.359909,0.155068
9.082285881,1782824454,0.2414232548,0.9178207514,1.159244006,-0.003871,0.016882,-0.003116,0.005609,0.048595,-0.489299,0.022198,0.007233,-0.014772,0.27548,0.017747,0.366977,0.15473
9.095645905,1782824454,0.2404281766,0.9188657002,1.159293877,-0.00387,0.016998,-0.003189,0.005524,0.048463,-0.488253,0.022198,0.007233,-0.014772,0.275584,0.018487,0.367722,0.154399
9.108920813,1782824454,0.2403965542,0.9213168321,1.161713386,-0.003807,0.01717,-0.003369,0.002598,0.049045,-0.488215,0.010463,0.008814,-0.009603,0.273668,0.038087,0.383522,0.154387
9.124149799,1782824454,0.2389763741,0.9001522407,1.139128615,-0.003827,0.01734,-0.003496,0.00298,0.049258,-0.48672,0.009756,0.007698,-8.5e-05,0.26985,0.034467,0.383516,0.153914
9.13752389,1782824454,0.239027478,0.9001051668,1.139132645,-0.003844,0.017436,-0.003591,0.004501,0.049325,-0.486739,0.009756,0.007698,-8.5e-05,0.269984,0.026045,0.383173,0.153921
9.152717829,1782824454,0.2386811187,0.8973472169,1.136028336,-0.003648,0.01778,-0.003853,0.002495,0.050608,-0.486264,0.014434,0.007758,-0.002748,0.271473,0.03831,0.367775,0.15377
9.169371843,1782824454,0.2358878217,0.8844038059,1.120291628,-0.003804,0.01791,-0.004042,0.002962,0.05163,-0.483289,0.019807,0.009917,-0.001034,0.271021,0.039483,0.353503,0.152829
9.184293032,1782824454,0.2352213865,0.9018122458,1.137033632,-0.003644,0.01798,-0.004029,0.003361,0.051717,-0.48258,0.018295,0.014842,-0.00799,0.273923,0.04545,0.355134,0.152605
9.197515965,1782824454,0.2366993346,0.8977321769,1.134431511,-0.003574,0.018146,-0.004122,0.001108,0.053275,-0.484049,0.018295,0.014842,-0.00799,0.274055,0.058621,0.346127,0.15307
9.212726831,1782824454,0.2343901248,0.8995614688,1.133951594,-0.003607,0.018428,-0.004255,0.004882,0.051795,-0.48162,0.012791,0.013639,-0.003966,0.272553,0.03584,0.363634,0.152302
9.227267027,1782824454,0.2332587045,0.8782697226,1.111528427,-0.003663,0.018402,-0.00415,0.006155,0.05167,-0.480473,0.014455,0.008025,0.003991,0.269064,0.019341,0.36174,0.151939
9.24097991,1782824454,0.2340579237,0.8813858322,1.115443756,-0.003364,0.018873,-0.004124,0.010532,0.049866,-0.481236,0.016305,0.006135,0.00453,0.2688,-0.007574,0.368287,0.15218
9.260416031,1782824454,0.2330826276,0.8624139299,1.095496558,-0.003468,0.01908,-0.004111,0.011046,0.049356,-0.480159,0.018004,0.00803,0.013009,0.265221,-0.006924,0.368631,0.15184
9.274560928,1782824454,0.2306587058,0.876411957,1.107070663,-0.003654,0.01931,-0.003917,0.007299,0.049871,-0.477613,0.014215,0.016304,0.007552,0.267237,0.02845,0.372337,0.151035
9.288071871,1782824454,0.2306587058,0.876411957,1.107070663,-0.003654,0.01931,-0.003917,0.007299,0.049871,-0.477613,0.014215,0.016304,0.007552,0.267237,0.02845,0.372337,0.151035
9.303483963,1782824454,0.2308896171,0.8547789839,1.085668601,-0.003345,0.019943,-0.003598,0.003882,0.051674,-0.477763,0.009898,0.016102,0.015623,0.263397,0.048948,0.36848,0.151082
9.317314863,1782824454,0.2294360813,0.8590775587,1.08851364,-0.003513,0.020026,-0.003615,0.004942,0.05059,-0.476224,0.009898,0.016102,0.015623,0.263421,0.04311,0.375012,0.150595
9.331301928,1782824454,0.2281462616,0.845435954,1.073582216,-0.003302,0.020296,-0.003534,0.005278,0.05131,-0.474817,0.009692,0.012829,0.019807,0.261549,0.036437,0.370789,0.15015
9.345301867,1782824454,0.2286000132,0.8693482481,1.097948261,-0.003165,0.020811,-0.00328,0.00649,0.049506,-0.475272,0.004325,0.01182,0.014373,0.263473,0.029048,0.389533,0.150294
9.360282898,1782824454,0.2274878205,0.8595528186,1.087040639,-0.003223,0.02088,-0.003221,0.002321,0.051309,-0.47407,0.013379,0.011224,0.010886,0.264853,0.051911,0.364572,0.149914
9.377523899,1782824454,0.2261928163,0.892076642,1.118269458,-0.003202,0.02089,-0.003256,-0.001248,0.05131,-0.472685,0.01293,0.01901,-0.001296,0.270019,0.084982,0.365252,0.149476
9.395203829,1782824454,0.2263345541,0.8916542264,1.117988781,-0.002942,0.021583,-0.002875,0.000891,0.050211,-0.472749,0.01293,0.01901,-0.001296,0.26948,0.074376,0.370916,0.149496
9.413379908,1782824454,0.2237621877,0.8618890007,1.085651188,-0.002967,0.021927,-0.00289,0.001122,0.050446,-0.469921,0.017187,0.017103,0.008956,0.265196,0.070706,0.362654,0.148602
9.427656889,1782824454,0.2232132164,0.8644554988,1.087668715,-0.00282,0.022345,-0.002698,0.00203,0.049061,-0.469284,0.01332,0.017804,0.011555,0.263833,0.067637,0.376536,0.148401
9.441228867,1782824454,0.2255155718,0.8570412925,1.082556864,-0.002603,0.022906,-0.002504,0.002764,0.048419,-0.471623,0.007692,0.017173,0.01844,0.260667,0.063681,0.388935,0.14914
9.455531836,1782824454,0.2235702805,0.8479839227,1.071554203,-0.002628,0.023083,-0.002334,-0.000912,0.050909,-0.469504,0.007692,0.017173,0.01844,0.260426,0.084962,0.37484,0.14847
9.469074011,1782824454,0.2228366335,0.8636558005,1.086492434,-0.00262,0.023274,-0.002287,-0.004734,0.051024,-0.46869,0.004888,0.018127,0.014546,0.261995,0.108669,0.378769,0.148213
9.483654022,1782824454,0.223196885,0.8437999082,1.066996793,-0.00234,0.023582,-0.002149,-0.002524,0.050211,-0.468997,0.012024,0.018286,0.019431,0.259749,0.097065,0.371062,0.14831
9.497483015,1782824454,0.2236526922,0.8397811868,1.063433879,-0.002292,0.023855,-0.002054,-2.6e-05,0.050406,-0.469422,0.012024,0.018286,0.019431,0.259614,0.08348,0.369841,0.148444
9.511168003,1782824454,0.2202688509,0.8760364473,1.096305298,-0.002278,0.024323,-0.001954,-0.001965,0.050799,-0.465702,0.010519,0.024222,0.004441,0.265769,0.105279,0.370045,0.147268
9.524647951,1782824454,0.2206684715,0.8644859366,1.085154408,-0.002174,0.024722,-0.00189,-0.003837,0.051059,-0.466016,0.018194,0.021969,0.005531,0.26522,0.113109,0.355751,0.147367
9.538075924,1782824454,0.2221955651,0.859344487,1.081540052,-0.001985,0.025228,-0.001814,0.00167,0.050687,-0.467532,0.018194,0.021969,0.005531,0.265112,0.082955,0.357436,0.147847
9.553983927,1782824454,0.2209824709,0.8439425528,1.064925024,-0.001851,0.025736,-0.001686,0.003246,0.049171,-0.466129,0.009105,0.018384,0.018872,0.259329,0.069259,0.380661,0.147403
9.567142963,1782824454,0.2205405506,0.8470622581,1.067602809,-0.0018,0.025953,-0.00147,0.00781,0.047409,-0.465623,0.009105,0.018384,0.018872,0.259023,0.043811,0.390555,0.147243
9.5830338,1782824454,0.2218178003,0.8716549806,1.093472781,-0.001632,0.026243,-0.001428,0.007313,0.047899,-0.466933,0.00457,0.021885,0.009505,0.262897,0.053026,0.394832,0.147657
