时间(s)	位置x(m)	位置y(m)	位置z(m)	欧拉角roll(rad)	欧拉角pitch(rad)	欧拉角yaw(rad)	速度x(m/s)	速度y(m/s)	速度z(m/s)
1763642216.214739	-0.591183	0.042115	1.290710	0.014617	0.270253	1.020430	0.278185	0.054574	-0.256035
1763642216.241122	-0.590410	0.044947	1.288492	0.015729	0.290944	1.017192	0.278185	0.054574	-0.256035
1763642216.278438	-0.590410	0.054947	1.288492	0.015729	0.290944	1.017192	0.308558	0.065557	-0.304053
1763642216.311442	-0.589508	0.058052	1.284780	0.015553	0.307860	1.013950	0.370942	0.059919	-0.401921
1763642216.342332	-0.594928	0.065945	1.282388	0.116899	0.287700	0.799798	0.383796	-0.089561	-0.004189
1763642216.369788	-0.596235	0.071992	1.279223	0.113942	0.308400	0.749868	0.461314	-0.089368	-0.022382
1763642216.402029	-0.584999	0.078971	1.274464	0.104299	0.317098	0.701054	0.566900	-0.096085	-0.065164
1763642216.431328	-0.571426	0.086991	1.273481	0.091834	0.313122	0.654549	0.653939	-0.088336	-0.127518
1763642216.453974	-0.563733	0.091256	1.272886	0.087017	0.306106	0.634206	0.702836	-0.089252	-0.193908
1763642216.484339	-0.547200	0.100260	1.261318	0.078345	0.286153	0.595188	0.770169	-0.100525	-0.288440
1763642216.506526	-0.538140	0.104991	1.254208	0.073907	0.273666	0.577246	0.823770	-0.075993	-0.394649
1763642216.549347	-0.518921	0.114770	1.237295	0.068371	0.242733	0.544722	0.854000	-0.077873	-0.459007
1763642216.570481	-0.487114	0.130227	1.205859	0.061412	0.190491	0.498239	0.906418	-0.072079	-0.569362
1763642216.604363	-0.475940	0.135515	1.194095	0.062697	0.172293	0.484283	0.911977	-0.062668	-0.629498
1763642216.628057	-0.452429	0.146115	1.168709	0.061950	0.135958	0.455158	0.920759	-0.068295	-0.688017
1763642216.664431	-0.440318	0.151453	1.155777	0.060955	0.121186	0.441146	0.929351	-0.053779	-0.693863
1763642216.703655	-0.415295	0.162238	1.129617	0.064013	0.092928	0.413799	0.925500	-0.057156	-0.692133
1763642216.726054	-0.375913	0.177549	1.092219	0.067077	0.060664	0.375231	0.921856	-0.063200	-0.646482
1763642216.758840	-0.362486	0.182488	1.080781	0.070353	0.050203	0.363271	0.922707	-0.050654	-0.601383
1763642216.778786	-0.335277	0.191967	1.059886	0.072049	0.032417	0.337943	0.888250	-0.055707	-0.513623
1763642216.810536	-0.321509	0.196320	1.050585	0.073209	0.025583	0.325863	0.881899	-0.069444	-0.468162
1763642216.835518	-0.293784	0.204441	1.034385	0.074356	0.017560	0.304774	0.891302	-0.070626	-0.428004
1763642216.864061	-0.266018	0.211714	1.020709	0.072692	0.013306	0.283577	0.876064	-0.058733	-0.360396
1763642216.885064	-0.252084	0.215040	1.014838	0.071260	0.014380	0.273588	0.883107	-0.062901	-0.336558
1763642216.906756	-0.238349	0.218134	1.009330	0.070701	0.015378	0.263054	0.871041	-0.072361	-0.335101
1763642216.931317	-0.210672	0.223775	0.999190	0.068338	0.016149	0.244798	0.868409	-0.070109	-0.329509
1763642216.953943	-0.196888	0.226407	0.994551	0.067819	0.017236	0.235643	0.866077	-0.066580	-0.321756
1763642216.985027	-0.169427	0.230940	0.985347	0.065080	0.019837	0.219038	0.879085	-0.072758	-0.314635
1763642217.012003	-0.155721	0.232974	0.980687	0.063469	0.019688	0.211186	0.859139	-0.082904	-0.334608
1763642217.034342	-0.128379	0.236522	0.971453	0.062976	0.020023	0.195760	0.873618	-0.074046	-0.312455
1763642217.062551	-0.114756	0.238009	0.966808	0.062098	0.016596	0.181900	0.873766	-0.082240	-0.318425
1763642217.089107	-0.087632	0.240487	0.957581	0.063048	0.013798	0.175557	0.857689	-0.099304	-0.319217
1763642217.111972	-0.060660	0.242440	0.948682	0.062761	0.007608	0.163001	0.855142	-0.098442	-0.285625
1763642217.143223	-0.047303	0.243074	0.944486	0.064081	0.003602	0.157122	0.850162	-0.098997	-0.264297
1763642217.163185	-0.020910	0.243870	0.936517	0.063371	-0.004991	0.146296	0.833650	-0.126888	-0.251016
1763642217.195134	-0.007905	0.243874	0.932911	0.065291	-0.010365	0.140373	0.819080	-0.131867	-0.249419
1763642217.219567	0.017869	0.243585	0.926557	0.064177	-0.023714	0.125241	0.796172	-0.142675	-0.236236
1763642217.252024	0.043064	0.242444	0.921099	0.062092	-0.028240	0.120113	0.779641	-0.152251	-0.219856
1763642217.282821	0.067538	0.240650	0.916769	0.059672	-0.034616	0.110579	0.770652	-0.152940	-0.174139
1763642217.307944	0.079497	0.239534	0.915003	0.057695	-0.036350	0.106880	0.752049	-0.157677	-0.164987
1763642217.345794	0.102821	0.236574	0.911631	0.054047	-0.038261	0.098622	0.708071	-0.185230	-0.174374
1763642217.371855	0.125303	0.233202	0.908714	0.050697	-0.042607	0.087797	0.696175	-0.190553	-0.162407
1763642217.406845	0.147005	0.229129	0.905912	0.049148	-0.044088	0.084339	0.661810	-0.203317	-0.179600
1763642217.433796	0.167826	0.224649	0.903012	0.045810	-0.045275	0.077258	0.646792	-0.204521	-0.163792
1763642217.461612	0.187920	0.219483	0.900106	0.043697	-0.046201	0.071890	0.619003	-0.221504	-0.182820
1763642217.482105	0.197592	0.216828	0.898569	0.041235	-0.046053	0.068734	0.593933	-0.214002	-0.170467
1763642217.512653	0.207038	0.214038	0.896947	0.038955	-0.045701	0.066175	0.599049	-0.222245	-0.169790
1763642217.533934	0.225381	0.208211	0.893748	0.037232	-0.046082	0.060251	0.558341	-0.244651	-0.189201
1763642217.562599	0.234205	0.205176	0.891940	0.035876	-0.046111	0.058501	0.545277	-0.235471	-0.161111
1763642217.586050	0.251176	0.198704	0.888585	0.031349	-0.044389	0.054563	0.518317	-0.253243	-0.175483
1763642217.615843	0.267274	0.191902	0.885131	0.027384	-0.044543	0.050719	0.490835	-0.251089	-0.171545
1763642217.641772	0.274958	0.188477	0.883402	0.023541	-0.043773	0.046651	0.481469	-0.251651	-0.151000
1763642217.664039	0.289753	0.181409	0.880058	0.018947	-0.042436	0.044791	0.458586	-0.267228	-0.160971
1763642217.689104	0.296928	0.177905	0.878433	0.013631	-0.040908	0.041840	0.437278	-0.267277	-0.160165
1763642217.713850	0.310627	0.170676	0.875325	0.011023	-0.040340	0.039957	0.422862	-0.256780	-0.129148
1763642217.739201	0.317087	0.167047	0.873809	0.010729	-0.040275	0.039213	0.401362	-0.269585	-0.137272
1763642217.760623	0.329476	0.159663	0.870898	0.008049	-0.039462	0.036442	0.367682	-0.259206	-0.118314
1763642217.788556	0.335338	0.155993	0.869617	0.006992	-0.037916	0.034917	0.372659	-0.254900	-0.104599
1763642217.819281	0.346590	0.148694	0.867175	0.001538	-0.036352	0.032399	0.333513	-0.273001	-0.120798
1763642217.842397	0.357018	0.141294	0.865013	0.001930	-0.034571	0.030409	0.313640	-0.265851	-0.112878
1763642217.872371	0.361982	0.137753	0.863962	-0.000314	-0.033493	0.029168	0.302499	-0.256589	-0.095998
1763642217.898463	0.371326	0.130390	0.861767	-0.002827	-0.031842	0.027203	0.268238	-0.265480	-0.112219
1763642217.933781	0.379964	0.123347	0.859785	-0.006181	-0.028819	0.026077	0.264737	-0.250173	-0.077668
1763642217.956739	0.384092	0.119912	0.858920	-0.008921	-0.026596	0.025001	0.226805	-0.260187	-0.092225
1763642217.985359	0.391905	0.112905	0.857099	-0.009647	-0.023249	0.023371	0.219236	-0.248034	-0.081104
1763642218.018388	0.399063	0.106312	0.855378	-0.012101	-0.018171	0.022264	0.223925	-0.249218	-0.074346
1763642218.048268	0.405735	0.099931	0.853654	-0.016716	-0.014717	0.020011	0.186562	-0.230758	-0.064477
1763642218.073760	0.411866	0.093805	0.851953	-0.016669	-0.010737	0.019012	0.189654	-0.236083	-0.069075
1763642218.105071	0.414835	0.090874	0.851031	-0.018747	-0.008700	0.018538	0.154648	-0.238774	-0.088405
1763642218.141429	0.420332	0.085156	0.849248	-0.020125	-0.004855	0.017872	0.152583	-0.220256	-0.061262
1763642218.165602	0.425477	0.079700	0.847531	-0.023059	-0.002180	0.017585	0.126920	-0.215660	-0.064196
1763642218.195139	0.427899	0.077106	0.846792	-0.023707	0.001584	0.015872	0.127800	-0.200294	-0.043787
1763642218.220892	0.432517	0.072063	0.845353	-0.024669	0.003267	0.015316	0.105133	-0.202935	-0.049431
1763642218.254678	0.436839	0.067483	0.844081	-0.025348	0.008221	0.014673	0.096573	-0.193959	-0.043406
1763642218.277277	0.440982	0.063280	0.843039	-0.024871	0.011620	0.014075	0.085901	-0.185862	-0.037200
1763642218.310472	0.442936	0.061199	0.842569	-0.022275	0.012173	0.013912	0.079080	-0.180574	-0.037499
1763642218.343035	0.446691	0.057542	0.841691	-0.022261	0.015131	0.013569	0.079942	-0.153362	-0.012034
1763642218.366059	0.450490	0.054128	0.840802	-0.020742	0.016861	0.013556	0.060071	-0.159214	-0.026913
1763642218.395076	0.454040	0.051157	0.840044	-0.021994	0.018792	0.012995	0.069281	-0.137914	0.000053
1763642218.427366	0.457442	0.048365	0.839280	-0.019067	0.019234	0.013700	0.046013	-0.142360	-0.022369
1763642218.459739	0.459108	0.046998	0.838950	-0.017943	0.019625	0.013614	0.052109	-0.120680	0.001447
1763642218.485235	0.462391	0.044591	0.838369	-0.016883	0.019267	0.013289	0.033944	-0.135636	-0.009561
1763642218.513327	0.463936	0.043490	0.838088	-0.017047	0.021004	0.013502	0.027205	-0.112077	0.002540
1763642218.543197	0.467038	0.041460	0.837721	-0.016274	0.021489	0.013509	0.032875	-0.113023	0.006226
1763642218.576045	0.470166	0.039694	0.837481	-0.013494	0.021641	0.014058	0.011828	-0.110183	0.000157
1763642218.599065	0.473252	0.038177	0.837146	-0.010639	0.022322	0.014194	0.026328	-0.092057	0.022075
1763642218.637405	0.474760	0.037429	0.837084	-0.008154	0.022139	0.014281	0.002677	-0.102058	0.005262
1763642218.662591	0.479159	0.035505	0.837003	-0.006298	0.023359	0.014281	0.016114	-0.082693	0.019673
1763642218.697023	0.480602	0.034934	0.836974	-0.006463	0.024539	0.014255	0.018103	-0.087921	0.016084
1763642218.723413	0.484848	0.033374	0.836816	-0.003597	0.025513	0.015447	-0.003482	-0.070672	0.028935
1763642218.753961	0.486449	0.032905	0.836785	-0.003490	0.024762	0.016284	0.006998	-0.077075	0.026353
1763642218.776898	0.489283	0.032239	0.836833	-0.002032	0.025597	0.017098	-0.008581	-0.081762	0.018885
1763642218.810160	0.490707	0.031823	0.836959	-0.003212	0.025766	0.017717	-0.001229	-0.061963	0.037523
1763642218.841408	0.493544	0.031004	0.837412	-0.001731	0.026718	0.018313	0.000959	-0.074340	0.031311
1763642218.863404	0.496322	0.030361	0.837832	-0.001576	0.027424	0.019094	-0.016357	-0.069897	0.033575
1763642218.890937	0.497780	0.030046	0.838167	-0.001584	0.028005	0.019247	-0.001157	-0.049645	0.050120
1763642218.912896	0.500734	0.029506	0.838739	-0.000817	0.028047	0.019906	-0.014682	-0.062483	0.036981
1763642218.935225	0.502155	0.029205	0.839130	0.000157	0.028292	0.020569	-0.012549	-0.045316	0.046508
1763642218.963616	0.503597	0.029020	0.839496	0.000551	0.028994	0.021550	-0.000986	-0.044281	0.048646
1763642218.992656	0.506533	0.028625	0.840266	0.000581	0.028767	0.021970	-0.012305	-0.059255	0.037732
1763642219.018497	0.509468	0.028189	0.840975	0.001105	0.028044	0.023008	-0.015433	-0.041116	0.048823
1763642219.043606	0.512526	0.027779	0.841497	0.002697	0.027620	0.023226	-0.000536	-0.039180	0.050693
1763642219.074934	0.513958	0.027530	0.841702	0.003674	0.027411	0.024211	-0.014504	-0.051280	0.029464
1763642219.104896	0.517020	0.027192	0.842390	0.004238	0.025818	0.025497	-0.002502	-0.034061	0.045528
1763642219.136208	0.520038	0.026829	0.843088	0.005600	0.024999	0.026037	-0.004822	-0.050965	0.029715
1763642219.164961	0.521416	0.026664	0.843371	0.004072	0.025064	0.026125	-0.017142	-0.043014	0.040243
1763642219.189718	0.524481	0.026288	0.844077	0.009231	0.023598	0.027760	0.001306	-0.033149	0.055281
1763642219.217127	0.527539	0.025950	0.845016	0.007929	0.023338	0.028393	-0.010317	-0.046870	0.038283
1763642219.239439	0.530552	0.025444	0.846011	0.010420	0.019156	0.028768	-0.002352	-0.032440	0.065319
1763642219.264063	0.532030	0.025267	0.846485	0.009692	0.019701	0.029066	0.000157	-0.032062	0.062030
1763642219.293533	0.533446	0.024961	0.846952	0.007398	0.019116	0.030246	-0.015778	-0.043671	0.045232
1763642219.321926	0.536380	0.024528	0.848182	0.007190	0.018699	0.030549	-0.011072	-0.029438	0.055046
1763642219.366798	0.540663	0.023827	0.849860	0.008271	0.017717	0.030864	-0.023638	-0.041610	0.034068
1763642219.395370	0.543416	0.023214	0.850760	0.008693	0.016740	0.031147	-0.001320	-0.026051	0.051601
1763642219.421950	0.544646	0.022937	0.851242	0.007213	0.016679	0.031456	-0.009432	-0.038305	0.038537
1763642219.444762	0.547323	0.022330	0.851916	0.007305	0.015748	0.031986	-0.015787	-0.025776	0.035736
1763642219.471106	0.548669	0.022088	0.852242	0.007801	0.016088	0.032348	-0.013476	-0.025653	0.040689
1763642219.498372	0.551199	0.021479	0.852697	0.009629	0.014895	0.032160	-0.026103	-0.039209	0.008359
1763642219.525131	0.553602	0.020819	0.853067	0.009426	0.014929	0.032383	-0.012786	-0.024884	0.031419
1763642219.553646	0.554820	0.020494	0.853121	0.010544	0.015054	0.032047	-0.003778	-0.026715	0.028941
1763642219.573818	0.557064	0.019862	0.853351	0.007809	0.014231	0.032500	-0.017688	-0.037689	0.019911
1763642219.604615	0.558188	0.019544	0.853486	0.007180	0.014704	0.032330	-0.019665	-0.026644	0.026061
1763642219.630816	0.560348	0.018875	0.853841	0.010039	0.013479	0.032549	-0.024701	-0.036727	0.011464
1763642219.660579	0.561345	0.018589	0.854014	0.008334	0.013511	0.032360	-0.029647	-0.034725	0.017474
1763642219.692109	0.563361	0.017795	0.854332	0.008376	0.014172	0.032168	-0.015386	-0.014633	0.043987
1763642219.715088	0.565302	0.017196	0.854658	0.009269	0.013056	0.032038	-0.013952	-0.030747	0.032468
1763642219.751632	0.566210	0.016819	0.854924	0.007305	0.013448	0.032552	-0.023321	-0.035312	0.024067
1763642219.772972	0.568680	0.015815	0.856004	0.007263	0.013314	0.032411	-0.015163	-0.018819	0.052648
1763642219.805986	0.569555	0.015466	0.856441	0.006709	0.012856	0.032836	-0.012742	-0.019592	0.043988
1763642219.829748	0.570266	0.015129	0.856734	0.007907	0.012332	0.033322	-0.036073	-0.024189	0.037526
1763642219.862443	0.571774	0.014425	0.857586	0.007801	0.011408	0.032916	-0.021461	-0.009475	0.053802
1763642219.890941	0.573016	0.013694	0.858204	0.008603	0.010642	0.032764	-0.033805	-0.028693	0.025788
1763642219.922369	0.574123	0.013018	0.858911	0.008225	0.010238	0.033413	-0.028356	-0.015533	0.037959
1763642219.947333	0.575194	0.012260	0.859643	0.007701	0.010797	0.033997	-0.035870	-0.026479	0.025089
1763642219.976389	0.576042	0.011522	0.860079	0.009562	0.009665	0.034232	-0.039131	-0.030361	0.020148
1763642220.004440	0.576483	0.011220	0.860380	0.010644	0.009752	0.034080	-0.036753	-0.015894	0.036841
1763642220.033042	0.576873	0.010834	0.860759	0.009176	0.010015	0.034557	-0.035931	-0.030256	0.020926
1763642220.070816	0.577682	0.009614	0.861611	0.009566	0.011342	0.034692	-0.043672	-0.026437	0.023585
1763642220.091345	0.578201	0.008822	0.861929	0.012235	0.010638	0.034833	-0.037145	-0.020293	0.027053
1763642220.125748	0.578370	0.008376	0.862152	0.011295	0.011392	0.034986	-0.048273	-0.030600	0.009688
1763642220.152546	0.578633	0.007539	0.862520	0.009028	0.012784	0.035837	-0.046443	-0.022356	0.024797
1763642220.184229	0.578739	0.007138	0.862704	0.008341	0.013035	0.036166	-0.038662	-0.016591	0.035959
1763642220.207679	0.578836	0.005803	0.863401	0.007603	0.012520	0.036680	-0.049633	-0.029020	0.018491
1763642220.235491	0.578852	0.005340	0.863700	0.008475	0.012509	0.036832	-0.043019	-0.020353	0.021113
1763642220.270808	0.578830	0.004858	0.863950	0.007904	0.013060	0.037284	-0.051184	-0.031192	0.009588
1763642220.354074	0.578461	0.003570	0.864454	0.007626	0.013316	0.037599	-0.057034	-0.031175	0.006861
1763642220.381485	0.577568	0.001238	0.865166	0.006284	0.015328	0.039113	-0.059440	-0.016729	0.016295
1763642220.413422	0.577284	0.000778	0.865353	0.006117	0.015936	0.039879	-0.046505	-0.015283	0.025430
1763642220.438351	0.576727	-0.000122	0.865941	0.005800	0.017191	0.040013	-0.060353	-0.025224	0.008779
1763642220.471304	0.576183	-0.000874	0.866340	0.004092	0.019443	0.040336	-0.044675	-0.007616	0.030329
1763642220.500208	0.575502	-0.001792	0.866657	0.004473	0.019533	0.040663	-0.040564	-0.018615	0.016953
1763642220.528118	0.574923	-0.002637	0.866998	0.004109	0.021093	0.040914	-0.048966	-0.020241	0.007649
1763642220.552209	0.574530	-0.003048	0.867173	0.003863	0.022232	0.041222	-0.039950	-0.009323	0.023283
1763642220.580005	0.573836	-0.003792	0.867480	0.005625	0.021879	0.042163	-0.044053	-0.022455	0.008227
1763642220.604128	0.573441	-0.004221	0.867610	0.004092	0.021787	0.042024	-0.056203	-0.021631	0.003896
1763642220.635028	0.572745	-0.004880	0.867869	0.004883	0.021155	0.042096	-0.042686	-0.003864	0.018129
1763642220.665442	0.572306	-0.005287	0.868078	0.007543	0.020473	0.042520	-0.042935	-0.011628	0.016468
1763642220.698632	0.571621	-0.005995	0.868440	0.005711	0.021397	0.043291	-0.048165	-0.020543	0.004475
1763642220.724677	0.570528	-0.007131	0.868954	0.004774	0.020479	0.043620	-0.035486	-0.004449	0.031187
1763642220.752089	0.570112	-0.007429	0.869164	0.005243	0.020419	0.043815	-0.041548	-0.012055	0.018143
1763642220.775097	0.569313	-0.008156	0.869703	0.007294	0.019954	0.044545	-0.050570	-0.020310	0.014356
1763642220.801697	0.568963	-0.008483	0.870055	0.005730	0.020171	0.044432	-0.048953	-0.004493	0.030466
1763642220.833138	0.568130	-0.009146	0.870849	0.003813	0.019978	0.045449	-0.039461	-0.008709	0.029998
1763642220.859377	0.567582	-0.009438	0.871221	0.003506	0.020075	0.045073	-0.051391	-0.013967	0.012550
1763642220.883557	0.566722	-0.009973	0.871834	0.003067	0.020699	0.044788	-0.035161	0.001518	0.025956
1763642220.911619	0.566285	-0.010325	0.872083	0.004536	0.020415	0.044672	-0.035467	-0.011549	0.007147
1763642220.946702	0.565308	-0.010917	0.872566	0.002311	0.021468	0.045365	-0.046905	-0.013651	-0.003864
1763642220.971545	0.563881	-0.011791	0.872810	0.005752	0.021011	0.046066	-0.030779	-0.002993	0.020020
1763642221.010439	0.563393	-0.012103	0.872885	0.005287	0.021026	0.045942	-0.041136	-0.020422	0.002597
1763642221.042905	0.562364	-0.012733	0.873191	0.005649	0.021444	0.046704	-0.042978	-0.000116	0.012375
1763642221.066703	0.561406	-0.013258	0.873565	0.006836	0.021544	0.047105	-0.033424	-0.006207	0.010347
1763642221.088365	0.560882	-0.013546	0.873745	0.007285	0.021044	0.048288	-0.048314	-0.014538	-0.001327
1763642221.117935	0.559836	-0.014030	0.874162	0.007209	0.020786	0.048199	-0.046591	-0.001014	0.007127
1763642221.141443	0.558807	-0.014538	0.874429	0.005988	0.021413	0.048622	-0.033153	0.005593	0.015831
1763642221.170572	0.558269	-0.014785	0.874478	0.005601	0.021190	0.048529	-0.046708	-0.014273	-0.011168
1763642221.199247	0.557282	-0.015340	0.874740	0.005675	0.021739	0.049106	-0.046848	-0.010073	-0.007403
1763642221.225824	0.556262	-0.015716	0.874949	0.005342	0.021992	0.049908	-0.029695	-0.001464	0.012436
1763642221.250530	0.555739	-0.015887	0.875092	0.003677	0.023018	0.050180	-0.045309	-0.010522	-0.007383
1763642221.277673	0.554677	-0.016295	0.875452	0.003226	0.023900	0.050823	-0.050244	-0.008924	-0.002714
1763642221.303232	0.554172	-0.016530	0.875593	0.002610	0.025029	0.051160	-0.038681	0.000671	0.010880
1763642221.331955	0.553098	-0.016936	0.876080	0.002663	0.024584	0.050366	-0.042857	-0.010225	0.002834
1763642221.356243	0.552532	-0.017080	0.876200	0.004074	0.024158	0.050240	-0.042933	-0.008545	-0.003497
1763642221.380605	0.551415	-0.017269	0.876394	0.004438	0.023748	0.050091	-0.032249	0.006615	0.008714
1763642221.408801	0.550914	-0.017421	0.876469	0.003925	0.024090	0.050290	-0.041699	-0.007515	-0.019207
1763642221.440739	0.549975	-0.017784	0.876499	0.002261	0.024399	0.050920	-0.035577	0.007898	-0.006914
1763642221.461852	0.548993	-0.017899	0.876488	0.001734	0.024711	0.051288	-0.029226	0.014352	0.004639
1763642221.486631	0.548542	-0.017967	0.876558	0.001650	0.024439	0.051371	-0.024276	0.003751	-0.001961
1763642221.513691	0.547537	-0.018052	0.876627	0.000474	0.025216	0.051751	-0.035471	0.006377	-0.012223
1763642221.543083	0.547074	-0.018053	0.876640	0.000309	0.026060	0.051638	-0.022153	0.022416	0.006682
1763642221.577415	0.546107	-0.017999	0.876738	0.002094	0.025936	0.051803	-0.018602	0.011723	0.000525
1763642221.604494	0.545105	-0.017785	0.876886	0.002412	0.025481	0.051008	-0.033755	0.006569	-0.008618
1763642221.631684	0.544149	-0.017602	0.877072	0.003731	0.024957	0.050396	-0.017991	0.027069	0.010381
1763642221.657124	0.543697	-0.017513	0.877147	0.005198	0.024346	0.050507	-0.023354	0.022700	0.007419
1763642221.693010	0.542792	-0.017326	0.877319	0.005246	0.023292	0.050277	-0.036943	0.013102	-0.007731
1763642221.730963	0.541843	-0.017068	0.877514	0.007254	0.023076	0.050428	-0.019359	0.028424	0.007859
1763642221.760990	0.540983	-0.016800	0.877646	0.006877	0.023968	0.049786	-0.019923	0.016118	0.000036
1763642221.793901	0.540108	-0.016315	0.877813	0.007524	0.024388	0.050044	-0.032694	0.019008	-0.011508
1763642221.818884	0.539214	-0.015954	0.877877	0.008761	0.025379	0.049142	-0.020927	0.027696	0.009508
1763642221.850841	0.538371	-0.015619	0.878174	0.007190	0.025266	0.048958	-0.014806	0.019230	-0.002855
1763642221.881776	0.537448	-0.015233	0.878269	0.005985	0.025202	0.048706	-0.032965	0.025451	-0.004876
1763642221.909997	0.537037	-0.014975	0.878320	0.005106	0.024884	0.048727	-0.018019	0.035482	0.005191
1763642221.942900	0.536170	-0.014573	0.878376	0.007052	0.024324	0.048643	-0.027699	0.020265	-0.016153
1763642221.965945	0.535326	-0.014122	0.878339	0.006412	0.025375	0.047608	-0.023281	0.024354	-0.015551
1763642222.001532	0.534488	-0.013736	0.878207	0.007514	0.024494	0.047316	-0.013163	0.029255	-0.006582
1763642222.023434	0.533725	-0.013282	0.877896	0.009371	0.024498	0.046925	-0.021077	0.018764	-0.028010
1763642222.052237	0.533337	-0.013076	0.877687	0.008852	0.024764	0.046916	-0.029413	0.022773	-0.019079
1763642222.072575	0.532540	-0.012599	0.877439	0.009133	0.023867	0.047128	-0.009688	0.037874	0.007187
1763642222.101103	0.532220	-0.012386	0.877379	0.009811	0.023458	0.046985	-0.005868	0.024623	-0.003369
1763642222.124642	0.531574	-0.012025	0.877323	0.009879	0.023876	0.046287	-0.022946	0.014412	-0.012720
1763642222.155670	0.531164	-0.011886	0.877349	0.009474	0.023582	0.046189	-0.023711	0.022439	-0.004890
1763642222.178035	0.530716	-0.011638	0.877418	0.009122	0.023090	0.045913	-0.009999	0.029639	-0.001165
1763642222.209017	0.529720	-0.011015	0.877544	0.009958	0.022861	0.044505	-0.018470	0.013966	-0.014295
1763642222.233395	0.529400	-0.010882	0.877576	0.010860	0.023077	0.043978	-0.020083	0.029128	-0.001470
1763642222.258006	0.529086	-0.010688	0.877602	0.011188	0.023622	0.043399	-0.008555	0.029871	-0.004085
1763642222.283444	0.528420	-0.010216	0.877629	0.010657	0.023770	0.042573	-0.007601	0.018995	-0.011657
1763642222.312593	0.527769	-0.009891	0.877529	0.007757	0.026365	0.042454	-0.018907	0.016416	-0.018403
1763642222.337204	0.527552	-0.009768	0.877508	0.007430	0.027061	0.042271	-0.000196	0.034425	0.010895
1763642222.360698	0.526998	-0.009341	0.877502	0.007198	0.028663	0.042684	0.007961	0.030359	0.005257
1763642222.388098	0.526778	-0.009137	0.877580	0.006738	0.029016	0.042634	-0.002653	0.015239	-0.004319
1763642222.415696	0.526453	-0.008809	0.877719	0.005259	0.029668	0.042494	-0.011162	0.028010	-0.002800
1763642222.441647	0.526315	-0.008622	0.877823	0.004832	0.029480	0.041993	0.010666	0.038871	0.018725
1763642222.469248	0.526019	-0.008138	0.878176	0.004330	0.028332	0.041267	0.017231	0.024859	0.009236
1763642222.495141	0.525673	-0.007677	0.878784	0.006891	0.027465	0.040386	0.002997	0.020472	-0.003624
1763642222.525213	0.525584	-0.007455	0.878998	0.008196	0.026502	0.039281	0.012191	0.035183	0.007912
1763642222.554112	0.525437	-0.006958	0.879404	0.008599	0.025541	0.038779	0.013159	0.028041	-0.000295
1763642222.575359	0.525167	-0.006478	0.879433	0.007578	0.024188	0.038536	0.002963	0.023106	-0.014440
1763642222.607049	0.525155	-0.006248	0.879422	0.007329	0.023714	0.038445	0.007781	0.035636	0.002352
1763642222.630755	0.525068	-0.005653	0.879345	0.006497	0.022210	0.037695	0.018987	0.034276	-0.001647
1763642222.663007	0.525015	-0.005371	0.879283	0.007247	0.021387	0.037967	0.001386	0.018819	-0.023629
1763642222.685141	0.524882	-0.004844	0.879203	0.007712	0.021449	0.037377	-0.000039	0.032763	-0.003258
1763642222.725275	0.524855	-0.004564	0.879250	0.008473	0.020774	0.037432	0.018189	0.040787	0.013974
1763642222.750105	0.524693	-0.003703	0.879493	0.007185	0.020557	0.037156	-0.000820	0.025084	-0.005184
1763642222.783859	0.524571	-0.003324	0.879724	0.009130	0.020294	0.036587	0.002278	0.027155	0.000219
1763642222.818306	0.524291	-0.002731	0.879871	0.009813	0.018514	0.036214	0.017233	0.027875	0.000150
1763642222.841963	0.524092	-0.002070	0.879916	0.008515	0.019239	0.035504	0.001278	0.029846	-0.007138
1763642222.864474	0.523991	-0.001776	0.879924	0.009760	0.018815	0.035022	0.016508	0.037677	0.004653
1763642222.891674	0.523902	-0.001441	0.879987	0.009038	0.019465	0.034661	0.011668	0.025731	-0.009751
1763642222.915450	0.523661	-0.000980	0.879865	0.010152	0.019864	0.034206	-0.002484	0.021424	-0.023491
1763642222.945421	0.523508	-0.000766	0.879773	0.010126	0.020522	0.033533	0.011454	0.033115	-0.006783
1763642222.970924	0.523268	-0.000179	0.879638	0.011705	0.019261	0.033083	0.011884	0.019682	-0.007612
1763642222.994635	0.522902	0.000375	0.879611	0.011674	0.019135	0.032756	-0.002131	0.016178	-0.018151
1763642223.035285	0.522690	0.000629	0.879517	0.010177	0.019181	0.032021	0.010827	0.034551	-0.000838
1763642223.057507	0.522201	0.001408	0.879311	0.009991	0.018259	0.031004	-0.003342	0.014594	-0.030724
1763642223.089847	0.522026	0.001619	0.879210	0.009630	0.018430	0.030789	-0.007879	0.031508	-0.010414
1763642223.113834	0.521659	0.002186	0.878798	0.007425	0.019436	0.030832	0.013404	0.033218	-0.000720
1763642223.150605	0.521433	0.002421	0.878593	0.007997	0.019083	0.030435	0.001041	0.016712	-0.020953
1763642223.171387	0.520846	0.003111	0.878131	0.007468	0.020470	0.029535	-0.003560	0.031507	-0.012295
1763642223.200183	0.520585	0.003372	0.878004	0.009290	0.020585	0.028943	0.008267	0.029825	-0.005505
1763642223.224994	0.520106	0.003796	0.877848	0.010284	0.020821	0.027508	-0.015103	0.019180	-0.022297
1763642223.260753	0.519941	0.004027	0.877710	0.009653	0.021396	0.026667	0.004770	0.033993	-0.002222
1763642223.298390	0.519488	0.004488	0.877353	0.010185	0.021744	0.025327	0.013523	0.013073	-0.023667
1763642223.324556	0.518799	0.005091	0.876595	0.009471	0.023709	0.025173	0.003830	0.027764	-0.008107
1763642223.355240	0.518539	0.005317	0.876421	0.009995	0.024432	0.024906	0.008859	0.018404	-0.014180
1763642223.378569	0.518165	0.005837	0.876240	0.009674	0.024102	0.024684	-0.001107	0.014795	-0.018650
1763642223.408309	0.517966	0.006058	0.876147	0.009425	0.023659	0.024256	0.005723	0.027110	-0.003995
1763642223.429793	0.517651	0.006391	0.876002	0.008628	0.023184	0.023596	-0.002014	0.015075	-0.017906
1763642223.458213	0.517514	0.006588	0.875903	0.008802	0.022901	0.023461	-0.013483	0.010911	-0.030060
1763642223.479759	0.517073	0.007118	0.875743	0.008165	0.023196	0.023896	0.003799	0.023925	-0.007561
1763642223.513304	0.516889	0.007343	0.875709	0.008247	0.022809	0.024223	0.010418	0.027861	0.001468
1763642223.538373	0.516684	0.007767	0.875714	0.008255	0.022776	0.023840	0.003315	0.017196	-0.009204
1763642223.568699	0.516278	0.008152	0.875848	0.006573	0.023700	0.023685	0.004634	0.026048	0.003562
1763642223.591529	0.515911	0.008706	0.875895	0.005981	0.025086	0.023271	-0.001533	0.018059	-0.014231
1763642223.623529	0.515783	0.008944	0.875922	0.005288	0.024996	0.023322	0.003473	0.017147	-0.015040
1763642223.644872	0.515539	0.009531	0.875872	0.006591	0.025357	0.022816	0.017770	0.020432	0.001743
1763642223.670748	0.515468	0.009807	0.875815	0.007619	0.025819	0.023128	0.009193	0.013383	-0.011005
1763642223.702214	0.515232	0.010362	0.875860	0.009394	0.025812	0.022870	0.003486	0.021339	-0.004624
1763642223.727801	0.515154	0.010778	0.875937	0.010283	0.025949	0.022471	0.016478	0.030151	0.007129
1763642223.755115	0.515186	0.011069	0.876020	0.010923	0.026195	0.022290	0.008803	0.013888	-0.011190
1763642223.778798	0.515230	0.011711	0.876420	0.010800	0.026128	0.021931	0.003597	0.027435	0.004506
1763642223.805805	0.515258	0.011991	0.876667	0.011371	0.026697	0.021942	0.021681	0.023492	0.011464
1763642223.832816	0.515347	0.012616	0.877105	0.012392	0.025469	0.022532	0.014196	0.016259	0.000454
1763642223.858066	0.515360	0.012809	0.877239	0.011067	0.025795	0.022364	0.019017	0.031566	0.010206
1763642223.883413	0.515461	0.013254	0.877495	0.011404	0.025807	0.022399	0.016102	0.009955	-0.010091
1763642223.906561	0.515526	0.013521	0.877625	0.011796	0.025833	0.022694	0.019612	0.021269	0.004201
1763642223.934787	0.515660	0.013949	0.877788	0.012802	0.025980	0.022713	0.032736	0.026347	0.007814
1763642223.958793	0.515742	0.014124	0.877848	0.013498	0.025570	0.022860	0.018062	0.012277	-0.008833
1763642223.992140	0.516037	0.014578	0.877984	0.011079	0.027354	0.022049	0.035228	0.021929	0.011843
1763642224.025632	0.516406	0.015091	0.878240	0.011816	0.027165	0.022316	0.024348	0.001645	-0.013229
1763642224.054854	0.516770	0.015481	0.878358	0.011525	0.027181	0.022596	0.023087	0.018672	0.003929
1763642224.082169	0.517162	0.015735	0.878458	0.014064	0.026453	0.022688	0.019114	0.000385	-0.014470
1763642224.110515	0.517486	0.015867	0.878545	0.012209	0.026523	0.023210	0.027339	0.014166	0.008296
1763642224.143496	0.518059	0.016010	0.878820	0.012416	0.025146	0.023685	0.037167	0.016835	0.014800
1763642224.167148	0.518565	0.016219	0.879168	0.014221	0.024538	0.023752	0.028501	-0.002253	-0.002975
1763642224.194996	0.519201	0.016431	0.879592	0.014592	0.024703	0.024456	0.042797	0.009528	0.018908
1763642224.220869	0.519490	0.016497	0.879774	0.012999	0.025584	0.024316	0.022826	-0.001113	-0.005300
1763642224.250508	0.520174	0.016568	0.880121	0.013467	0.026052	0.024638	0.034206	0.002635	-0.001132
1763642224.276223	0.520879	0.016711	0.880460	0.011528	0.026682	0.024095	0.042052	0.000228	0.003477
1763642224.314398	0.521257	0.016794	0.880562	0.010880	0.026553	0.024036	0.038811	0.009356	0.003873
1763642224.340869	0.522149	0.016897	0.880555	0.008143	0.025852	0.024353	0.034761	0.001463	-0.006302
1763642224.373443	0.522905	0.016929	0.880514	0.007200	0.025057	0.024128	0.028660	0.005949	-0.005731
1763642224.430511	0.524605	0.017080	0.880346	0.008372	0.024081	0.023783	0.030951	0.000518	-0.011500
1763642224.461866	0.525082	0.017168	0.880397	0.008491	0.024057	0.023503	0.040733	0.016287	0.012698
1763642224.485329	0.525953	0.017155	0.880392	0.008819	0.023930	0.023582	0.025387	0.006082	-0.013553
1763642224.513979	0.526777	0.017200	0.880188	0.010690	0.023478	0.023124	0.052473	0.017628	0.011221
1763642224.543095	0.527201	0.017227	0.880103	0.011906	0.022897	0.023784	0.044503	0.000480	-0.008670
1763642224.565995	0.528128	0.017218	0.879863	0.011082	0.023017	0.023272	0.027651	0.010090	-0.011523
1763642224.591898	0.529050	0.017193	0.879529	0.011249	0.022036	0.023684	0.050749	0.013234	0.004412
1763642224.615787	0.529443	0.017245	0.879350	0.010459	0.021402	0.023347	0.036393	-0.001270	-0.014577
1763642224.644353	0.530330	0.017330	0.879081	0.010587	0.021799	0.022840	0.044783	0.012473	0.010533
1763642224.668125	0.530793	0.017332	0.878861	0.010472	0.021768	0.022957	0.030575	-0.007345	-0.016983
1763642224.689788	0.531721	0.017267	0.878535	0.010972	0.021240	0.022926	0.031424	-0.001154	-0.015050
1763642224.713804	0.532075	0.017194	0.878465	0.011438	0.020752	0.022733	0.046035	0.004693	0.004162
1763642224.746039	0.532489	0.017132	0.878237	0.013251	0.019966	0.022070	0.022973	-0.015185	-0.018744
1763642224.766047	0.533378	0.016928	0.877940	0.011884	0.018282	0.021399	0.031875	0.005635	0.005099
1763642224.794944	0.533776	0.016829	0.877823	0.012178	0.017817	0.021066	0.027993	-0.013064	-0.017872
1763642224.817177	0.534485	0.016686	0.877410	0.012936	0.017129	0.021241	0.020851	-0.001156	-0.006399
1763642224.849496	0.535216	0.016475	0.877228	0.013344	0.016997	0.021370	0.038326	-0.004755	-0.006834
1763642224.874079	0.535930	0.016270	0.876958	0.010495	0.017740	0.020586	0.024890	-0.014723	-0.017733
1763642224.903768	0.536289	0.016123	0.876740	0.009357	0.018029	0.020162	0.027538	-0.008125	-0.004135
1763642224.931692	0.536801	0.015866	0.876280	0.007434	0.017470	0.020417	0.014917	-0.012657	-0.021885
1763642224.956894	0.537130	0.015648	0.876112	0.007003	0.017137	0.020491	0.032503	-0.000870	0.003606
1763642224.990172	0.537629	0.015310	0.875771	0.005447	0.017270	0.019838	0.025598	-0.001339	0.003022
1763642225.012436	0.538096	0.015126	0.875667	0.004280	0.017464	0.019838	0.015146	-0.011836	-0.005650
1763642225.048890	0.538405	0.015029	0.875720	0.004623	0.018525	0.019820	0.024772	0.008518	0.014120
1763642225.071123	0.539157	0.014741	0.875486	0.004699	0.020165	0.019201	0.003452	-0.005408	-0.005368
1763642225.104205	0.539376	0.014707	0.875429	0.004847	0.020603	0.019205	0.009833	0.002147	-0.001374
1763642225.132695	0.539774	0.014563	0.875363	0.005957	0.021090	0.018701	0.010296	-0.014286	-0.011575
1763642225.161245	0.539943	0.014479	0.875340	0.006453	0.021043	0.018929	0.011355	0.001360	0.003674
1763642225.185358	0.540308	0.014312	0.875184	0.007864	0.022106	0.018762	0.006935	-0.010563	-0.017470
1763642225.212259	0.540789	0.014170	0.875010	0.006645	0.023787	0.018575	0.020048	0.006164	0.007255
1763642225.236487	0.541027	0.014116	0.874949	0.006369	0.024087	0.018990	0.025458	-0.003137	-0.001617
1763642225.266684	0.541438	0.014098	0.874875	0.005654	0.024587	0.019296	0.014101	-0.007860	-0.007280
1763642225.295140	0.541925	0.014019	0.874758	0.004953	0.024271	0.019178	0.022632	-0.005665	0.004198
1763642225.322294	0.542366	0.013987	0.874661	0.006377	0.023613	0.019319	0.002452	-0.003453	-0.007633
1763642225.350129	0.542595	0.014029	0.874590	0.008054	0.023008	0.019694	0.026597	0.004051	0.013011
1763642225.378535	0.543046	0.013962	0.874602	0.009988	0.022463	0.019528	0.008475	-0.008019	-0.004196
1763642225.412657	0.543280	0.013935	0.874611	0.009373	0.022508	0.019911	0.016375	0.004824	0.010286
1763642225.440231	0.543833	0.013912	0.874777	0.010346	0.022790	0.019899	0.015675	-0.011360	0.003815
1763642225.472099	0.544384	0.013874	0.875027	0.009028	0.022478	0.019690	-0.000552	0.007097	0.013334
1763642225.496242	0.544777	0.013805	0.875299	0.008803	0.021386	0.020551	0.021154	-0.000248	0.012597
1763642225.528729	0.545301	0.013662	0.875444	0.008248	0.021857	0.020745	0.006352	-0.010278	-0.000296
1763642225.553055	0.545519	0.013616	0.875546	0.008037	0.021871	0.020649	0.014442	0.009517	0.023536
1763642225.584413	0.545961	0.013509	0.875708	0.008836	0.022563	0.020232	0.002258	-0.006869	-0.006259
1763642225.607952	0.546156	0.013464	0.875766	0.010342	0.021796	0.020247	0.018665	0.003824	0.020636
1763642225.642564	0.546634	0.013321	0.875964	0.011422	0.022314	0.020522	0.014889	-0.005508	0.004214
1763642225.667650	0.547107	0.013187	0.876118	0.011843	0.023220	0.019888	0.021803	0.009804	0.020181
1763642225.695490	0.547714	0.013004	0.876134	0.013826	0.023631	0.020862	0.008811	-0.008773	-0.008682
1763642225.717823	0.548296	0.012807	0.876003	0.013615	0.024097	0.021283	0.027341	-0.000383	0.009201
1763642225.746231	0.548510	0.012678	0.875958	0.013355	0.023981	0.021281	0.018831	-0.006211	0.002478
1763642225.771849	0.549163	0.012454	0.875849	0.013678	0.023730	0.021750	0.004719	0.002270	0.003904
1763642225.799097	0.549366	0.012280	0.875728	0.012503	0.023608	0.021704	0.029835	-0.002591	0.006355
1763642225.826913	0.550024	0.011992	0.875384	0.012613	0.023231	0.022031	0.005236	-0.018216	-0.016087
1763642225.855719	0.550296	0.011798	0.875238	0.012831	0.022984	0.022035	0.016128	-0.003019	0.009353
1763642225.879062	0.550840	0.011408	0.874927	0.013633	0.021993	0.021565	0.015162	-0.017359	-0.005760
1763642225.907282	0.551132	0.011254	0.874724	0.013117	0.020867	0.021034	0.027026	-0.004182	0.010741
1763642225.943530	0.551630	0.010819	0.874450	0.010557	0.020669	0.020570	0.020861	-0.015053	0.000350
1763642225.969943	0.552292	0.010335	0.874187	0.012607	0.020429	0.020930	0.020960	-0.005055	0.015953
1763642226.004134	0.552876	0.009702	0.874095	0.010735	0.020829	0.020967	0.024857	-0.025934	0.008117
1763642226.031252	0.553455	0.009214	0.874098	0.008216	0.021411	0.020575	0.013015	-0.009121	0.008712
1763642226.061603	0.553753	0.008976	0.874136	0.009667	0.021119	0.020251	0.022283	-0.008170	0.016703
1763642226.089623	0.554256	0.008484	0.874142	0.006021	0.021926	0.019369	0.010037	-0.018422	-0.003349
1763642226.111596	0.554709	0.007925	0.874085	0.004490	0.021084	0.019880	0.024152	-0.008313	0.016322
1763642226.135970	0.554974	0.007575	0.874187	0.005510	0.020877	0.020156	0.008885	-0.024255	-0.006124
1763642226.165644	0.555432	0.007008	0.874269	0.007277	0.019745	0.020507	0.018712	-0.011407	0.020910
1763642226.188998	0.555685	0.006768	0.874322	0.006817	0.019348	0.020763	0.012977	-0.015783	0.003415
1763642226.221967	0.556233	0.006297	0.874413	0.006591	0.019086	0.021287	0.008880	-0.011712	0.011014
1763642226.246568	0.556712	0.005743	0.874542	0.008699	0.018635	0.021889	0.019071	-0.019190	0.014581
1763642226.277251	0.557146	0.005329	0.874707	0.007182	0.018875	0.021914	0.003832	-0.017909	0.003114
1763642226.312302	0.557312	0.005106	0.874834	0.007594	0.018913	0.021684	0.015247	-0.015407	0.005655
1763642226.338242	0.557680	0.004652	0.874989	0.007616	0.018419	0.022000	0.002308	-0.009524	0.005621
1763642226.370938	0.558011	0.004249	0.875031	0.006139	0.018485	0.022196	0.017572	-0.001532	0.019126
1763642226.401353	0.558394	0.003753	0.875110	0.004247	0.018390	0.022170	0.003577	-0.018987	-0.001310
1763642226.428165	0.558597	0.003428	0.875228	0.004002	0.018775	0.021924	0.019798	-0.009506	0.004323
1763642226.459442	0.558706	0.003227	0.875251	0.004469	0.019111	0.021982	0.001700	-0.010299	0.000740
1763642226.480453	0.558882	0.002891	0.875204	0.005546	0.018652	0.022386	0.013539	-0.015638	0.004728
1763642226.513887	0.558936	0.002734	0.875180	0.005741	0.018628	0.022529	0.010462	-0.018121	-0.003962
1763642226.540161	0.559009	0.002503	0.875108	0.005474	0.018612	0.022470	0.011366	-0.002215	0.014958
1763642226.569844	0.559121	0.002230	0.874918	0.005681	0.018464	0.022568	-0.001729	-0.012647	-0.012404
1763642226.591595	0.559081	0.001961	0.874585	0.006480	0.017867	0.023244	0.007291	-0.000199	0.006116
1763642226.626458	0.559080	0.001853	0.874467	0.007162	0.018270	0.022825	-0.005115	-0.017053	-0.012526
1763642226.651160	0.559086	0.001668	0.874224	0.010890	0.017293	0.022730	0.003670	-0.004237	0.013172
1763642226.686750	0.559147	0.001449	0.874057	0.011431	0.017419	0.023100	-0.006998	-0.012440	-0.006131
1763642226.712644	0.559132	0.001309	0.873983	0.010391	0.017888	0.023395	0.009187	0.001479	0.019464
1763642226.745665	0.559077	0.001219	0.873987	0.009896	0.018131	0.023591	-0.006822	-0.009268	0.003298
1763642226.770450	0.558888	0.000955	0.874157	0.007196	0.019782	0.022941	0.008794	0.003504	0.022023
1763642226.803477	0.558844	0.000906	0.874150	0.007258	0.020081	0.022803	-0.004468	-0.015246	-0.007599
1763642226.828791	0.558701	0.000737	0.874184	0.005400	0.022214	0.023146	-0.003088	0.003555	0.016984
1763642226.852106	0.558638	0.000709	0.874224	0.004788	0.022621	0.022934	-0.017034	-0.006710	-0.005426
1763642226.880427	0.558529	0.000711	0.874278	0.006102	0.023153	0.022850	0.000993	0.003976	0.012205
1763642226.905613	0.558467	0.000747	0.874288	0.005416	0.023979	0.023162	-0.000811	-0.008527	0.001789
1763642226.943436	0.558362	0.000772	0.874262	0.004507	0.025151	0.023953	-0.010641	0.005058	0.001663
1763642226.966011	0.558264	0.000742	0.874386	0.004400	0.026153	0.024307	-0.009786	-0.007937	-0.003417
1763642227.000304	0.558242	0.000790	0.874461	0.004817	0.025979	0.024853	-0.007910	0.002286	0.013917
1763642227.030848	0.558219	0.000871	0.874752	0.006097	0.026125	0.025725	0.006711	0.002845	0.023152
1763642227.061297	0.558230	0.000880	0.874943	0.008054	0.026253	0.026170	0.002367	-0.001976	0.015047
1763642227.087272	0.558387	0.001042	0.875387	0.006340	0.027536	0.026374	0.013816	0.004050	0.018186
1763642227.112012	0.558507	0.001102	0.875692	0.006299	0.027757	0.026214	-0.001201	0.003360	0.005459
1763642227.137949	0.558553	0.001125	0.875852	0.007698	0.027303	0.026221	0.015147	0.009783	0.018732
1763642227.163678	0.558767	0.001191	0.876112	0.007740	0.026192	0.027022	0.006915	-0.005130	-0.002587
1763642227.191958	0.558865	0.001268	0.876173	0.008330	0.026016	0.026984	0.018239	0.007298	0.020961
1763642227.220413	0.559130	0.001401	0.876364	0.010598	0.025978	0.027618	0.004125	-0.008509	-0.005501
1763642227.255516	0.559473	0.001543	0.876553	0.010254	0.024962	0.028315	0.016683	0.003723	0.016985
1763642227.278916	0.559744	0.001562	0.876661	0.011841	0.023834	0.029025	0.001048	-0.008886	0.000871
1763642227.310926	0.559964	0.001540	0.876700	0.010218	0.023394	0.028852	0.003976	0.011303	0.016355
1763642227.332561	0.560388	0.001526	0.876971	0.010855	0.022913	0.029460	0.018726	-0.007652	0.006293
1763642227.366485	0.560559	0.001589	0.877117	0.012644	0.022584	0.029263	0.001468	-0.007956	0.001146
1763642227.391669	0.560924	0.001593	0.877341	0.011859	0.023262	0.029355	0.015838	-0.009934	0.004483
1763642227.423767	0.561070	0.001595	0.877400	0.011984	0.023487	0.029583	0.009992	-0.010618	-0.003090
1763642227.447158	0.561070	0.001595	0.877400	0.011984	0.023487	0.029583	0.020006	-0.009178	0.008535
1763642227.480625	0.562053	0.001686	0.878133	0.006990	0.022729	0.030505	0.003238	-0.004395	0.002146
1763642227.513657	0.562303	0.001726	0.878325	0.005594	0.022390	0.030849	0.030212	0.005987	0.032750
1763642227.540420	0.562689	0.001792	0.878618	0.003621	0.022585	0.031419	0.012449	-0.006219	0.005766
1763642227.572895	0.563009	0.001860	0.879023	0.005234	0.022234	0.032123	0.019106	0.006987	0.021817
1763642227.603522	0.563404	0.001820	0.879555	0.006381	0.022881	0.032505	0.001994	-0.002122	-0.004791
1763642227.631860	0.563529	0.001827	0.879671	0.007854	0.021942	0.032770	0.020335	0.011920	0.017596
1763642227.653787	0.563866	0.001864	0.879883	0.009258	0.020600	0.033394	0.003388	-0.005210	-0.004982
1763642227.682494	0.564237	0.001981	0.879972	0.009046	0.020223	0.033602	0.009781	0.009110	0.008941
1763642227.708579	0.564365	0.002063	0.880013	0.009299	0.020423	0.033929	0.010993	-0.004634	0.002983
1763642227.743249	0.564586	0.002130	0.880055	0.009976	0.019639	0.033907	0.001852	-0.004395	-0.003423
1763642227.762377	0.564880	0.002204	0.880136	0.010531	0.019342	0.034605	0.012484	-0.010927	-0.004007
1763642227.791672	0.565030	0.002290	0.880224	0.010309	0.020038	0.034897	0.006486	-0.005528	-0.012232
1763642227.824419	0.565259	0.002384	0.880315	0.010933	0.020071	0.035513	0.019609	0.009201	0.013337
1763642227.848418	0.565527	0.002508	0.880501	0.007195	0.022258	0.035349	0.012154	-0.005503	-0.002575
1763642227.878670	0.565715	0.002640	0.880615	0.005866	0.022532	0.035625	0.018360	0.007936	0.014936
1763642227.906595	0.565802	0.002703	0.880629	0.006007	0.022369	0.035459	0.004743	-0.007000	-0.009340
1763642227.936097	0.565910	0.002719	0.880747	0.007648	0.021116	0.035294	0.013139	0.007645	0.015567
1763642227.961647	0.565935	0.002732	0.880835	0.008641	0.019688	0.035178	0.004182	-0.006366	-0.004467
1763642227.994977	0.566020	0.002726	0.880902	0.009067	0.019472	0.035060	0.017265	0.011337	0.014281
1763642228.016275	0.566098	0.002761	0.880859	0.009255	0.019379	0.035557	0.000140	-0.003894	-0.009603
1763642228.043478	0.566097	0.002730	0.880806	0.009903	0.019228	0.035454	-0.006420	0.000505	-0.004995
1763642228.066199	0.566154	0.002784	0.880686	0.010469	0.019454	0.035732	0.012444	0.000226	0.005237
1763642228.087050	0.566126	0.002733	0.880593	0.011439	0.018836	0.035598	-0.007811	0.003053	-0.002621
1763642228.116868	0.566065	0.002714	0.880480	0.011104	0.018785	0.035876	0.016377	0.001144	0.008149
1763642228.147373	0.565949	0.002680	0.880266	0.012092	0.019106	0.035859	-0.005213	-0.011726	-0.021905
1763642228.179833	0.565775	0.002546	0.879908	0.011960	0.020455	0.035733	-0.000849	0.003853	-0.001584
1763642228.204032	0.565711	0.002465	0.879719	0.013027	0.020008	0.035145	-0.008203	-0.015673	-0.019057
1763642228.230116	0.565461	0.002264	0.879468	0.012051	0.020773	0.034074	0.004007	-0.000064	0.001574
1763642228.260361	0.565359	0.002207	0.879354	0.011732	0.021666	0.033946	0.000354	-0.011269	-0.011190
1763642228.283279	0.565110	0.002102	0.879226	0.011604	0.022550	0.033411	-0.008316	0.000915	0.000559
1763642228.313380	0.565001	0.002050	0.879224	0.010323	0.023193	0.033462	0.014309	-0.014712	0.004203
1763642228.341163	0.564784	0.001909	0.879153	0.009042	0.023413	0.033442	-0.013928	-0.008890	-0.007268
1763642228.372765	0.564598	0.001768	0.879195	0.007747	0.023418	0.033204	0.007541	0.004344	0.017202
1763642228.400865	0.564358	0.001652	0.879331	0.007548	0.023728	0.032579	-0.008732	-0.008726	-0.008451
1763642228.435727	0.564072	0.001480	0.879534	0.005867	0.023401	0.032486	0.003321	0.009053	0.013128
1763642228.459635	0.563978	0.001445	0.879601	0.005985	0.022592	0.032241	-0.010458	-0.003611	0.003378
1763642228.490470	0.563798	0.001368	0.879875	0.005309	0.022201	0.031964	-0.008053	0.004604	0.009148
1763642228.521060	0.563639	0.001376	0.880148	0.006868	0.020743	0.031514	0.002705	0.014320	0.014113
1763642228.543108	0.563381	0.001548	0.880506	0.006957	0.020299	0.031831	-0.021187	0.012649	0.009664
1763642228.572928	0.563235	0.001612	0.880664	0.006875	0.020585	0.031904	0.010427	0.009505	0.012567
1763642228.599611	0.563021	0.001792	0.881015	0.005086	0.020861	0.031829	-0.012607	-0.001541	-0.003933
1763642228.633713	0.562822	0.002044	0.881503	0.003784	0.022716	0.031878	-0.002983	0.012454	0.007082
1763642228.660335	0.562598	0.002274	0.881719	0.004983	0.022775	0.031604	-0.015162	0.005735	-0.010787
1763642228.695259	0.562540	0.002410	0.881671	0.006289	0.022372	0.031893	0.006738	0.012244	0.007656
1763642228.726340	0.562286	0.002567	0.881524	0.008069	0.023300	0.031144	-0.012582	0.001499	-0.021362
1763642228.752315	0.562033	0.002861	0.881367	0.009556	0.023708	0.031135	0.001823	0.007292	-0.007094
1763642228.779083	0.561755	0.003083	0.881134	0.009887	0.024460	0.030626	-0.013549	0.000465	-0.026357
1763642228.805072	0.561660	0.003154	0.880995	0.011324	0.024381	0.031005	0.009992	0.008251	0.002877
1763642228.827869	0.561495	0.003437	0.880750	0.009888	0.025279	0.030666	-0.017574	-0.002105	-0.018491
1763642228.856609	0.561414	0.003508	0.880641	0.010170	0.024779	0.030527	-0.013198	0.008906	0.001329
1763642228.884724	0.561186	0.003752	0.880552	0.009262	0.023762	0.030680	0.005953	-0.000073	-0.000468
1763642228.911538	0.561078	0.003841	0.880555	0.009150	0.022587	0.030647	-0.010455	-0.000114	-0.006215
1763642228.938994	0.560955	0.004023	0.880758	0.009178	0.022157	0.030857	-0.002681	0.009572	0.012985
1763642228.961759	0.560836	0.004207	0.881043	0.009609	0.020300	0.030362	-0.012353	-0.004131	-0.006850
1763642228.984725	0.560747	0.004292	0.881187	0.008930	0.019864	0.029793	-0.002883	0.009064	0.008447
1763642229.015736	0.560655	0.004370	0.881291	0.009487	0.019900	0.029513	-0.010390	-0.011615	-0.014424
1763642229.043879	0.560497	0.004464	0.881466	0.007983	0.020291	0.028199	-0.022077	0.006096	-0.002789
1763642229.068497	0.560227	0.004502	0.881693	0.007500	0.020271	0.027966	-0.026551	-0.005965	-0.015577
1763642229.092873	0.559951	0.004589	0.881962	0.007834	0.020226	0.026868	-0.006718	0.003179	0.007165
1763642229.128330	0.559845	0.004656	0.882070	0.008862	0.020617	0.025831	-0.008275	0.003493	0.008472
1763642229.160054	0.559625	0.004770	0.882329	0.011266	0.021963	0.024976	-0.004238	0.001872	-0.002994
1763642229.188161	0.559427	0.004841	0.882445	0.012703	0.022509	0.024299	-0.023090	-0.012931	-0.022954
1763642229.219393	0.559195	0.004817	0.882462	0.012321	0.023210	0.023496	-0.010243	0.004718	0.000056
1763642229.248107	0.559013	0.004833	0.882464	0.011220	0.024041	0.022502	-0.017998	-0.006421	-0.020817
1763642229.280769	0.558787	0.004786	0.882348	0.011237	0.024453	0.020750	-0.002280	-0.002996	-0.011246
1763642229.306964	0.558672	0.004714	0.882178	0.012663	0.024132	0.020455	-0.017249	-0.001349	-0.018545
1763642229.335244	0.558565	0.004534	0.881779	0.011233	0.024480	0.020206	-0.000093	-0.013745	-0.022545
1763642229.360198	0.558507	0.004449	0.881638	0.011227	0.024147	0.019242	-0.019723	-0.007276	-0.023169
1763642229.392976	0.558254	0.004287	0.881286	0.010809	0.023729	0.018941	0.001378	-0.002282	-0.009576
1763642229.415479	0.558199	0.004149	0.881034	0.008622	0.024339	0.018266	-0.010544	-0.008761	-0.011239
1763642229.462315	0.558196	0.003990	0.881031	0.006950	0.025374	0.016870	-0.017145	-0.006145	-0.012697
1763642229.500610	0.558213	0.003934	0.881048	0.006270	0.025329	0.016418	0.007799	0.001811	0.016992
1763642229.533423	0.558420	0.003810	0.881631	0.002561	0.027930	0.014883	-0.009204	0.000438	0.003732
1763642229.554353	0.558500	0.003808	0.881804	0.002693	0.028227	0.014283	0.011563	-0.005883	0.010197
1763642229.582473	0.558616	0.003968	0.882338	0.004362	0.029084	0.012938	-0.001905	-0.001501	-0.001534
1763642229.607432	0.558749	0.003959	0.882578	0.004254	0.028962	0.011931	0.007812	0.011468	0.007345
1763642229.629188	0.559041	0.003965	0.882889	0.004494	0.028601	0.010426	-0.010631	-0.000407	-0.017963
1763642229.656707	0.559214	0.004034	0.882901	0.004985	0.027953	0.009693	0.015397	0.012658	0.001948
1763642229.679899	0.559566	0.004140	0.882844	0.005118	0.027578	0.009161	0.006785	0.007952	-0.014316
1763642229.713189	0.559771	0.004238	0.882749	0.004855	0.027023	0.008784	0.006785	0.007952	-0.014316
1763642229.741273	0.560265	0.004360	0.882491	0.005071	0.026095	0.008995	0.000855	0.005050	-0.022567
1763642229.766546	0.560768	0.004494	0.882324	0.004356	0.025554	0.008531	0.013797	0.014868	-0.001953
1763642229.788678	0.561423	0.004856	0.882125	0.004872	0.025064	0.007354	0.001500	0.005833	-0.015561
1763642229.818710	0.561767	0.005014	0.882058	0.005865	0.025092	0.007134	0.007741	0.022003	0.007181
1763642229.851686	0.562370	0.005216	0.881923	0.006697	0.025062	0.006505	0.013914	0.000370	-0.015373
1763642229.872953	0.562954	0.005540	0.881799	0.007666	0.024074	0.005402	0.023174	0.015354	-0.003843
1763642229.895860	0.563298	0.005675	0.881746	0.008196	0.024536	0.005146	-0.000997	0.011484	-0.025625
1763642229.926239	0.563694	0.005826	0.881666	0.006945	0.025258	0.004484	0.015574	0.018434	-0.001630
1763642229.958826	0.564377	0.006121	0.881447	0.007534	0.025297	0.003886	0.002208	0.010496	-0.017388
1763642229.981276	0.565147	0.006449	0.881378	0.004266	0.026260	0.002330	0.021577	0.021045	0.011696
1763642230.008484	0.565571	0.006716	0.881420	0.002413	0.027215	0.002315	0.011652	0.010960	-0.007353
1763642230.031661	0.566391	0.007198	0.881422	0.004536	0.026011	0.001766	0.014572	0.020998	0.005019
1763642230.057189	0.566783	0.007401	0.881450	0.003662	0.026443	0.001093	0.002083	0.016612	-0.016504
1763642230.085517	0.567695	0.007823	0.881415	0.005549	0.025477	0.000387	0.029693	0.027028	0.003822
1763642230.114892	0.568618	0.008269	0.881220	0.006600	0.025543	-0.000356	0.007208	0.015048	-0.011007
1763642230.142667	0.569098	0.008513	0.881210	0.007465	0.025537	-0.000992	0.029583	0.024974	0.008672
1763642230.172098	0.570153	0.009008	0.881050	0.008671	0.024192	-0.000751	0.019044	0.020913	0.002530
1763642230.197027	0.571092	0.009438	0.881039	0.008469	0.024069	-0.000779	0.028359	0.026142	0.012028
1763642230.228791	0.572121	0.009859	0.881094	0.007145	0.024399	-0.000950	0.015488	0.021600	-0.006011
1763642230.250843	0.572681	0.010212	0.881147	0.005590	0.024147	-0.001112	0.039896	0.023118	0.004604
1763642230.282425	0.573207	0.010492	0.881152	0.006726	0.024396	-0.001083	0.022109	0.014989	-0.012681
1763642230.307706	0.574265	0.011038	0.881136	0.007941	0.023721	-0.002456	0.035181	0.016623	0.006726
1763642230.342319	0.575409	0.011557	0.881189	0.008787	0.023117	-0.002858	0.029170	0.012059	-0.007267
1763642230.368520	0.576421	0.011999	0.881121	0.010477	0.021292	-0.001847	0.031832	0.025413	0.014227
1763642230.395661	0.577537	0.012508	0.881197	0.011296	0.021272	-0.000927	0.026000	0.029437	0.012590
1763642230.422214	0.578531	0.012903	0.881252	0.011324	0.021165	-0.001619	0.041131	0.010812	0.005520
1763642230.448894	0.579054	0.013088	0.881300	0.012204	0.021023	-0.002267	0.018982	0.027784	0.002706
1763642230.472029	0.579883	0.013451	0.881273	0.011959	0.020294	-0.002755	0.030927	0.017800	-0.010212
1763642230.503005	0.580461	0.013673	0.881045	0.012244	0.019634	-0.002714	0.018965	0.022395	-0.011836
1763642230.535870	0.581014	0.013928	0.880810	0.011021	0.019335	-0.002673	0.027680	0.018425	-0.002822
1763642230.564328	0.582395	0.014415	0.880348	0.011761	0.018335	-0.003028	0.032896	0.033227	0.014552
1763642230.595882	0.582795	0.014671	0.880198	0.011904	0.018183	-0.002934	0.023603	0.010665	-0.012791
1763642230.622526	0.584165	0.015032	0.879851	0.010672	0.017482	-0.002147	0.021935	0.019642	0.007079
1763642230.655924	0.584563	0.015139	0.879730	0.011522	0.016738	-0.002360	0.008446	0.017117	-0.010372
1763642230.687651	0.585343	0.015291	0.879378	0.010289	0.017902	-0.002167	0.036805	0.016322	0.008140
1763642230.710393	0.586080	0.015544	0.878966	0.010399	0.018707	-0.002885	0.020533	0.011568	-0.008329
1763642230.734954	0.586458	0.015753	0.878878	0.010189	0.019047	-0.003251	0.024222	0.012653	-0.000923
1763642230.758077	0.587083	0.016028	0.878704	0.009167	0.021196	-0.002821	0.021707	0.004468	-0.011705
1763642230.782395	0.587429	0.016085	0.878600	0.009841	0.020422	-0.002393	0.029951	0.025390	0.015621
1763642230.817481	0.587800	0.016172	0.878528	0.008596	0.020575	-0.002353	0.023929	0.006713	0.001844
1763642230.851188	0.588866	0.016553	0.878581	0.007289	0.021392	-0.002535	0.030474	0.017724	0.020991
1763642230.874488	0.589500	0.016768	0.878639	0.009373	0.021721	-0.003823	0.012693	0.011276	-0.003417
1763642230.908302	0.589847	0.016976	0.878722	0.009910	0.021333	-0.003308	0.028562	0.017285	0.012576
1763642230.932217	0.590371	0.017232	0.878810	0.010684	0.020818	-0.003469	0.017045	0.005821	-0.002102
1763642230.962171	0.590688	0.017320	0.878898	0.011113	0.020486	-0.003234	0.036220	0.024803	0.023228
1763642230.984386	0.591374	0.017512	0.879019	0.009083	0.020660	-0.001399	0.019968	0.005466	-0.003637
1763642231.010289	0.591676	0.017628	0.879066	0.008533	0.020606	-0.001428	0.019871	0.021611	0.016371
1763642231.039400	0.592301	0.017943	0.879157	0.007038	0.021031	-0.000737	0.017926	0.008663	-0.010374
1763642231.065525	0.592863	0.018281	0.879096	0.007918	0.019743	-0.000532	0.029379	0.015950	0.010959
1763642231.092171	0.593054	0.018436	0.878974	0.007969	0.019625	-0.000403	0.006774	0.013483	-0.011990
1763642231.117940	0.593554	0.018788	0.878644	0.005610	0.019745	-0.000716	0.030799	0.026720	0.007204
1763642231.148344	0.594027	0.019131	0.878410	0.005980	0.019150	-0.000724	0.012994	0.018534	-0.000155
1763642231.177020	0.594536	0.019473	0.878281	0.007137	0.017926	-0.000443	0.017276	0.029461	0.013709
1763642231.205740	0.594793	0.019666	0.878266	0.006610	0.017693	-0.000047	0.014973	0.011862	0.001448
1763642231.239171	0.595241	0.020091	0.878392	0.008078	0.016581	0.000773	0.019947	0.020051	0.007091
1763642231.263993	0.595676	0.020622	0.878336	0.009865	0.016459	0.001345	0.002409	0.023463	-0.006127
1763642231.299053	0.595816	0.020792	0.878285	0.010592	0.016350	0.001147	0.023922	0.011173	-0.002538
1763642231.328051	0.596266	0.021422	0.878152	0.012222	0.017020	0.000860	0.008880	0.021962	0.002220
1763642231.355579	0.596453	0.021658	0.878067	0.011719	0.018315	0.001445	0.010918	0.011924	-0.004126
1763642231.377196	0.596779	0.022164	0.878097	0.010458	0.019903	0.001598	0.021727	0.025094	0.015940
1763642231.404727	0.596859	0.022442	0.878060	0.010328	0.019770	0.001475	0.021006	0.014838	0.011946
1763642231.427140	0.597004	0.022939	0.878257	0.011563	0.020121	0.001372	0.002410	0.024517	0.015908
1763642231.456210	0.597162	0.023172	0.878434	0.011676	0.019511	0.001434	0.018931	0.017677	0.019916
1763642231.481481	0.597247	0.023599	0.878710	0.011542	0.017843	0.001859	0.001678	0.012934	0.004525
1763642231.510020	0.597270	0.023794	0.878829	0.012329	0.016902	0.001725	0.022600	0.019461	0.021528
1763642231.539423	0.597481	0.024095	0.879119	0.011196	0.017023	0.001577	0.001448	0.003063	-0.004981
1763642231.565100	0.597600	0.024444	0.879360	0.010797	0.017525	0.001550	0.005261	0.020044	0.017472
1763642231.590410	0.597602	0.024581	0.879438	0.010834	0.017503	0.002681	-0.000423	0.011409	0.005674
1763642231.623748	0.597640	0.024832	0.879589	0.010955	0.017221	0.002735	0.001242	0.017775	0.023919
1763642231.661046	0.597564	0.025005	0.879850	0.011869	0.015920	0.004125	0.004347	0.001974	0.004765
1763642231.687763	0.597491	0.025178	0.880305	0.012673	0.015794	0.004481	0.007643	0.000130	0.011235
1763642231.710845	0.597358	0.025429	0.880626	0.012132	0.016546	0.003874	0.006055	0.010060	0.015175
1763642231.739750	0.597309	0.025551	0.880775	0.012677	0.016616	0.003741	0.010715	0.005007	0.009929
1763642231.765996	0.597102	0.025731	0.880925	0.012483	0.016728	0.004044	0.011673	0.009024	0.017811
1763642231.793253	0.596835	0.025852	0.880944	0.011933	0.016589	0.004338	-0.011975	0.002853	-0.002056
1763642231.822915	0.596728	0.025868	0.880962	0.011556	0.016645	0.004488	0.000560	0.014339	0.014220
1763642231.844314	0.596317	0.025938	0.881090	0.010240	0.016597	0.005433	-0.022527	-0.000438	-0.009029
1763642231.881034	0.596096	0.026068	0.881127	0.009019	0.017394	0.005599	-0.019616	0.018748	0.009794
1763642231.906321	0.595741	0.026264	0.881191	0.008182	0.019039	0.006725	-0.012860	0.000238	-0.003679
1763642231.941916	0.595342	0.026374	0.881335	0.005891	0.020660	0.006616	-0.007408	0.011743	0.000713
1763642231.971999	0.595004	0.026543	0.881251	0.006142	0.022620	0.006322	-0.032145	0.004425	-0.021275
1763642232.003049	0.594603	0.026737	0.881055	0.006413	0.023879	0.005793	-0.015179	0.015998	-0.000977
1763642232.027623	0.594284	0.026904	0.880943	0.008110	0.024273	0.006279	-0.016227	0.011371	0.005659
1763642232.056770	0.594104	0.027011	0.880982	0.008947	0.024904	0.006499	-0.007641	0.020664	0.016226
1763642232.086312	0.593812	0.027239	0.881107	0.008367	0.027304	0.006631	-0.015984	0.006296	0.009510
1763642232.110433	0.593485	0.027435	0.881543	0.009699	0.028951	0.007177	-0.008679	0.011446	0.012554
1763642232.148461	0.593384	0.027510	0.881698	0.009958	0.029490	0.007422	-0.002049	0.016916	0.019217
1763642232.168118	0.593385	0.027732	0.882247	0.010764	0.029737	0.008235	-0.001644	0.006689	0.009438
1763642232.194164	0.593357	0.027800	0.882476	0.010777	0.029545	0.008056	-0.002019	0.016937	0.024012
1763642232.217070	0.593464	0.027939	0.882618	0.010793	0.029115	0.007688	-0.001594	0.002479	-0.000678
1763642232.237208	0.593531	0.028195	0.882840	0.009993	0.028086	0.007566	0.009105	0.012914	0.012665
1763642232.271644	0.593561	0.028335	0.882966	0.009795	0.027931	0.007088	0.020483	0.002204	0.002028
1763642232.292957	0.593753	0.028530	0.883019	0.009333	0.027997	0.005545	0.017049	0.014950	0.015131
1763642232.329105	0.593889	0.028660	0.883053	0.010282	0.027232	0.005257	0.014493	0.009893	0.009284
1763642232.352773	0.594097	0.028797	0.883097	0.011419	0.026497	0.005156	0.021705	0.012387	0.022567
1763642232.384188	0.594350	0.028854	0.883242	0.011716	0.024354	0.005501	0.003355	0.001519	0.004425
1763642232.410294	0.594490	0.028894	0.883418	0.012948	0.023974	0.005425	0.013640	0.001178	0.011440
1763642232.440910	0.594783	0.028950	0.883765	0.013213	0.022386	0.005410	-0.005838	0.002072	0.005977
1763642232.466272	0.595255	0.028913	0.884184	0.011547	0.020794	0.005425	0.010502	-0.003974	0.006521
1763642232.501732	0.595656	0.028960	0.884498	0.009832	0.019841	0.005890	0.009881	0.004786	0.014898
1763642232.532533	0.596002	0.028934	0.884807	0.008417	0.019462	0.006765	-0.003594	0.001613	-0.001051
1763642232.560217	0.596205	0.028887	0.884913	0.007780	0.019699	0.007135	0.003084	-0.006020	-0.002735
1763642232.597197	0.596585	0.028898	0.885024	0.006715	0.019249	0.006318	0.002515	0.008722	0.000470
1763642232.621354	0.597143	0.028973	0.884922	0.007736	0.019004	0.004795	-0.019063	0.007919	-0.013903
1763642232.649934	0.597270	0.028975	0.884798	0.007822	0.019256	0.004209	0.006854	0.004514	-0.003947
1763642232.671857	0.597523	0.029037	0.884598	0.009410	0.019314	0.003496	-0.017576	0.000738	-0.014610
1763642232.703860	0.597606	0.029044	0.884438	0.010370	0.019731	0.002801	0.004506	0.008907	0.009473
1763642232.725420	0.597919	0.029119	0.884303	0.011747	0.020724	0.002400	-0.002532	0.009184	0.004386
1763642232.754714	0.598120	0.029131	0.884267	0.011342	0.021865	0.002643	0.003675	0.011845	0.017228
1763642232.780903	0.598428	0.029208	0.884373	0.009537	0.024259	0.002835	0.003730	0.009311	0.007120
1763642232.807330	0.598619	0.029200	0.884502	0.008229	0.025387	0.003226	0.007429	-0.005987	-0.003424
1763642232.833917	0.599161	0.029271	0.884655	0.007701	0.026749	0.004250	0.011765	0.008014	0.009787
1763642232.860283	0.599642	0.029352	0.884887	0.007684	0.027535	0.005428	0.007108	-0.010087	-0.005912
1763642232.884924	0.599856	0.029293	0.885018	0.008532	0.027327	0.006213	0.014266	0.006427	0.013769
1763642232.910048	0.600048	0.029280	0.885134	0.009479	0.026968	0.006949	0.002378	-0.012359	-0.017446
1763642232.935534	0.600585	0.029301	0.885375	0.010209	0.024996	0.007923	0.010249	0.003013	0.008286
1763642232.966658	0.600845	0.029313	0.885415	0.011196	0.023663	0.009450	0.002108	-0.012186	-0.019114
1763642232.991043	0.601691	0.029277	0.885416	0.010067	0.023105	0.010767	0.012520	-0.001041	0.009291
1763642233.016448	0.601982	0.029256	0.885447	0.011012	0.022173	0.011142	-0.003931	-0.006400	-0.010588
1763642233.035981	0.602440	0.029260	0.885422	0.009164	0.022206	0.011358	0.014675	-0.002916	0.001612
1763642233.064022	0.602725	0.029258	0.885366	0.008907	0.022072	0.010820	0.013900	-0.000579	-0.007559
1763642233.084011	0.603169	0.029234	0.885230	0.007695	0.022226	0.011173	0.009334	0.004804	0.006222
1763642233.111826	0.603540	0.029194	0.885206	0.007950	0.022565	0.011310	0.010221	-0.012100	-0.001088
1763642233.133275	0.604183	0.029088	0.885404	0.010840	0.022018	0.012253	0.004454	-0.010624	-0.006974
1763642233.165282	0.604567	0.028999	0.885522	0.011552	0.021272	0.012901	0.013838	0.003159	0.017423
1763642233.189276	0.605121	0.028877	0.885642	0.015023	0.019105	0.014060	-0.000878	0.002579	0.009133
1763642233.223305	0.605813	0.028698	0.886051	0.015764	0.018280	0.014815	0.021426	-0.013362	0.001851
1763642233.249504	0.606458	0.028477	0.886343	0.015425	0.018388	0.015504	0.005175	-0.002707	0.002323
1763642233.278161	0.607113	0.028227	0.886403	0.014074	0.019169	0.016013	0.008783	-0.016257	-0.013281
1763642233.301073	0.607407	0.028140	0.886401	0.013033	0.020030	0.016175	0.020049	-0.010346	0.003262
1763642233.335980	0.608113	0.027883	0.886404	0.010135	0.019436	0.017171	0.007994	-0.017987	-0.011952
1763642233.360062	0.608427	0.027727	0.886429	0.007511	0.020766	0.017790	0.018284	-0.018109	-0.002519
1763642233.391979	0.609075	0.027392	0.886506	0.007130	0.020330	0.018116	0.008731	-0.014602	-0.001582
1763642233.418006	0.609690	0.027086	0.886630	0.006430	0.019758	0.019165	0.030646	-0.016953	-0.004259
1763642233.442950	0.610282	0.026794	0.886620	0.007869	0.019133	0.019643	0.016134	-0.009120	-0.002903
1763642233.466312	0.610673	0.026725	0.886672	0.006934	0.019456	0.019781	0.023913	-0.004883	0.003688
1763642233.494866	0.611253	0.026499	0.886695	0.007197	0.018968	0.020052	0.007270	-0.021402	-0.008054
1763642233.516914	0.611575	0.026372	0.886732	0.005912	0.018559	0.020194	0.019552	-0.004332	0.012031
1763642233.543545	0.612109	0.026059	0.886867	0.006280	0.016941	0.021332	0.007271	-0.019083	-0.002117
1763642233.564839	0.612388	0.025912	0.886984	0.006432	0.016011	0.021491	0.020306	-0.005781	0.013862
1763642233.598779	0.612625	0.025800	0.887146	0.006436	0.015023	0.021674	0.020991	-0.017805	0.013542
1763642233.632175	0.613286	0.025505	0.887774	0.007402	0.012970	0.023592	0.023351	-0.002115	0.029323
1763642233.654659	0.613461	0.025420	0.888097	0.006840	0.013111	0.024205	0.011640	-0.020404	0.006254
1763642233.677512	0.613728	0.025392	0.888519	0.007461	0.012753	0.024774	0.019173	-0.007401	0.019720
1763642233.709304	0.614090	0.025188	0.889519	0.007394	0.013497	0.025487	0.015689	-0.013723	0.011741
1763642233.744839	0.614165	0.025165	0.889725	0.008237	0.013242	0.025534	0.018592	-0.004807	0.020211
1763642233.769036	0.614273	0.025026	0.890160	0.010985	0.012868	0.025824	0.005935	-0.005398	0.001895
1763642233.801447	0.614418	0.024944	0.890361	0.012554	0.012795	0.027136	-0.001866	-0.022320	-0.012729
1763642233.825110	0.614323	0.024729	0.890401	0.013059	0.012705	0.028207	0.002125	-0.006110	-0.003879
1763642233.856436	0.614298	0.024648	0.890370	0.013594	0.012713	0.028446	-0.000530	-0.021152	-0.017378
1763642233.876356	0.614143	0.024501	0.890238	0.013261	0.013891	0.028908	0.008927	-0.010589	0.003105
1763642233.910406	0.614061	0.024448	0.890187	0.012793	0.014405	0.028769	-0.001203	-0.026385	-0.013470
1763642233.937047	0.613916	0.024283	0.890121	0.012913	0.014909	0.029254	0.002898	-0.008198	0.003899
1763642233.967825	0.613786	0.024007	0.890186	0.011632	0.015349	0.030667	-0.012768	-0.018546	-0.012165
1763642233.991122	0.613490	0.023787	0.890154	0.011850	0.015075	0.031031	-0.003309	-0.011619	-0.003766
1763642234.019717	0.613358	0.023657	0.890129	0.011523	0.015333	0.031097	-0.018359	-0.022119	-0.025797
1763642234.052904	0.613121	0.023289	0.889951	0.010054	0.016183	0.031111	0.005309	-0.011789	0.000748
1763642234.078253	0.612962	0.023126	0.889841	0.009722	0.016567	0.030940	-0.008286	-0.026381	-0.019904
1763642234.104713	0.612630	0.022808	0.889675	0.008801	0.017813	0.031543	-0.002067	-0.028765	-0.016602
1763642234.129193	0.612231	0.022472	0.889488	0.008785	0.018791	0.032257	-0.025923	-0.013849	-0.012685
1763642234.154731	0.611950	0.022281	0.889336	0.007928	0.019026	0.032777	0.007923	-0.015489	0.003333
1763642234.178595	0.611543	0.021962	0.889257	0.006845	0.020511	0.033349	-0.010115	-0.027175	-0.005667
1763642234.202089	0.611396	0.021812	0.889355	0.006370	0.021216	0.033774	-0.004105	-0.012902	0.007374
1763642234.230604	0.611235	0.021665	0.889424	0.007275	0.021845	0.033786	-0.003516	-0.027823	-0.009770
1763642234.262165	0.610934	0.021425	0.889669	0.006111	0.023537	0.033876	0.006687	-0.014245	0.018354
1763642234.283005	0.610634	0.021087	0.889924	0.006693	0.024150	0.034625	-0.008356	-0.023662	-0.001020
1763642234.306861	0.610449	0.020911	0.890036	0.007350	0.023941	0.035017	0.012284	-0.006533	0.020923
1763642234.336761	0.610139	0.020705	0.890394	0.006002	0.023252	0.035349	0.004504	-0.027235	-0.002335
1763642234.359697	0.609930	0.020543	0.890713	0.006465	0.022877	0.036164	0.017996	-0.008256	0.011649
1763642234.392328	0.609857	0.020495	0.890847	0.006359	0.023243	0.036667	0.011994	-0.018106	0.004236
1763642234.414753	0.609700	0.020305	0.891082	0.006116	0.023464	0.037516	0.014848	-0.002951	0.012928
1763642234.443066	0.609616	0.020262	0.891194	0.004759	0.023925	0.037612	-0.004903	-0.014764	-0.005646
1763642234.494129	0.609488	0.020139	0.891385	0.005636	0.022685	0.039310	0.020421	-0.013727	-0.000216
1763642234.515500	0.609469	0.020055	0.891418	0.006465	0.022658	0.040021	0.022558	0.003556	0.010127
1763642234.545547	0.609464	0.020048	0.891439	0.007028	0.022589	0.040718	0.011596	0.005812	0.012197
1763642234.565806	0.609487	0.020042	0.891436	0.008030	0.022657	0.041308	0.001647	-0.001489	0.001345
1763642234.600810	0.609520	0.020063	0.891480	0.007608	0.021853	0.041854	0.017168	0.003697	0.009906
1763642234.625585	0.609588	0.020202	0.891377	0.008952	0.020428	0.043611	0.003829	-0.004405	-0.014408
1763642234.650720	0.609661	0.020200	0.891275	0.008522	0.020909	0.044312	0.029449	-0.001248	0.007859
1763642234.680409	0.609801	0.020292	0.891084	0.008728	0.021266	0.045239	0.008741	-0.012253	-0.016026
1763642234.705911	0.609841	0.020364	0.891037	0.008798	0.021011	0.045800	0.026920	0.000714	-0.002721
1763642234.740834	0.609899	0.020533	0.890785	0.008556	0.021400	0.046385	0.009168	-0.003302	-0.012001
1763642234.761807	0.609944	0.020567	0.890472	0.007280	0.020905	0.047526	0.011936	-0.005101	-0.014329
1763642234.792651	0.610024	0.020605	0.890315	0.007496	0.020400	0.047821	0.014168	-0.012141	-0.021523
1763642234.813358	0.610167	0.020793	0.890038	0.006562	0.020365	0.049044	0.035705	0.007940	0.003105
1763642234.845557	0.610250	0.020860	0.889891	0.006464	0.020081	0.049614	0.028519	-0.001220	0.001612
1763642234.873152	0.610452	0.021070	0.889691	0.006907	0.019335	0.050750	0.015251	0.015260	0.013740
1763642234.903471	0.610635	0.021214	0.889654	0.006907	0.018717	0.051597	0.026882	0.001362	0.014940
1763642234.932293	0.610766	0.021491	0.889917	0.006549	0.017680	0.052211	0.011940	0.008297	0.005994
1763642234.957335	0.610879	0.021605	0.890046	0.006515	0.017611	0.052585	0.015217	-0.001111	-0.001424
1763642234.991094	0.610969	0.021855	0.890187	0.007025	0.016939	0.053335	0.006784	-0.004361	-0.007520
1763642235.019940	0.611106	0.022089	0.890245	0.007347	0.015709	0.054620	0.033662	0.005036	0.021835
1763642235.049979	0.611246	0.022360	0.890401	0.007300	0.015044	0.055516	0.008887	-0.009639	-0.001392
1763642235.070625	0.611303	0.022657	0.890631	0.007321	0.014656	0.057071	0.007728	0.011190	0.019564
1763642235.106588	0.611314	0.022764	0.890795	0.009816	0.014085	0.057375	0.021273	0.003795	0.011821
1763642235.143483	0.611235	0.023000	0.891147	0.010507	0.012951	0.058274	0.007948	0.013226	0.016703
1763642235.169788	0.611176	0.023271	0.891324	0.012211	0.012892	0.058792	-0.004413	-0.004637	-0.008823
1763642235.203982	0.611021	0.023466	0.891425	0.013022	0.012095	0.059713	-0.001680	0.007122	0.001733
1763642235.241779	0.610819	0.023630	0.891505	0.012821	0.011526	0.061027	0.003075	-0.007499	-0.005694
1763642235.263192	0.610418	0.023873	0.891464	0.012128	0.011359	0.062127	0.017023	0.006604	0.014721
1763642235.298829	0.610258	0.023929	0.891498	0.012263	0.011326	0.062402	0.004356	-0.006655	0.000035
1763642235.325238	0.609596	0.024177	0.891776	0.012570	0.010788	0.063250	-0.000964	0.009616	0.003828
1763642235.355015	0.609298	0.024258	0.891848	0.012699	0.011527	0.063226	0.001158	-0.005048	0.001436
1763642235.377545	0.608829	0.024315	0.891877	0.011986	0.012203	0.063793	-0.017974	0.010518	-0.002834
1763642235.412549	0.608558	0.024317	0.891831	0.011353	0.012472	0.064127	0.005496	0.002142	-0.002550
1763642235.450340	0.607990	0.024438	0.891737	0.011393	0.012888	0.063972	-0.010381	-0.010450	-0.017943
1763642235.471136	0.606812	0.024588	0.891421	0.013299	0.013801	0.064593	-0.001990	-0.001625	0.007410
1763642235.506336	0.606467	0.024607	0.891246	0.013574	0.013706	0.065180	-0.030291	-0.005054	-0.014783
1763642235.532850	0.605760	0.024668	0.891043	0.012063	0.014472	0.064659	-0.018475	0.006887	0.009475
1763642235.561923	0.604927	0.024694	0.891034	0.011006	0.015650	0.063660	-0.029966	-0.007470	-0.012677
1763642235.582041	0.604450	0.024665	0.890996	0.011512	0.016250	0.063295	-0.018750	0.007693	0.008642
1763642235.612668	0.604053	0.024635	0.890983	0.011289	0.017026	0.063541	-0.014686	-0.000993	-0.007746
1763642235.642894	0.603259	0.024642	0.890865	0.012298	0.018807	0.064328	-0.029998	-0.009940	-0.019737
1763642235.671068	0.602482	0.024512	0.890571	0.011082	0.019328	0.064862	-0.016398	0.001469	0.001784
1763642235.705591	0.601613	0.024533	0.890379	0.009496	0.020506	0.065196	-0.024645	-0.010431	-0.013942
1763642235.729694	0.600797	0.024559	0.890256	0.009519	0.020359	0.065349	-0.012470	0.009118	0.000971
1763642235.752455	0.600435	0.024568	0.890228	0.008878	0.020757	0.065684	-0.022668	-0.011905	-0.015165
1763642235.776463	0.600042	0.024594	0.890132	0.008240	0.021445	0.065280	-0.034110	0.010027	-0.001007
1763642235.805269	0.599265	0.024550	0.889824	0.009708	0.023388	0.063926	-0.010234	0.003826	-0.002612
1763642235.827091	0.598710	0.024412	0.889570	0.009798	0.024050	0.064010	-0.023276	0.005334	-0.005752
1763642235.852519	0.598420	0.024381	0.889476	0.010521	0.024231	0.064055	-0.007730	0.009795	0.006167
1763642235.879040	0.598101	0.024310	0.889290	0.013115	0.024067	0.063799	-0.014850	-0.009263	-0.005422
1763642235.903589	0.597537	0.024219	0.888949	0.010650	0.024266	0.063397	-0.019266	0.004534	0.000861
1763642235.937546	0.596972	0.024118	0.888728	0.013537	0.023979	0.062236	-0.011212	-0.005891	0.000059
1763642235.965607	0.596593	0.024103	0.888601	0.012668	0.024149	0.061400	-0.019886	0.003223	0.003097
1763642235.998598	0.596326	0.023986	0.888590	0.013131	0.024774	0.060464	-0.010315	-0.012646	-0.006916
1763642236.023036	0.596203	0.023890	0.888539	0.011801	0.025446	0.060323	-0.010783	-0.002826	0.007572
1763642236.052447	0.596162	0.023858	0.888535	0.010713	0.026114	0.060407	0.002526	0.002800	0.015275
1763642236.078640	0.596060	0.023776	0.888588	0.010323	0.027408	0.059725	-0.013563	-0.005145	-0.002854
1763642236.108361	0.596061	0.023733	0.888665	0.010167	0.027318	0.059414	0.006898	0.009713	0.025923
1763642236.134729	0.596087	0.023689	0.888862	0.008540	0.028166	0.059173	0.000490	-0.003634	0.003817
1763642236.161469	0.596103	0.023686	0.888954	0.007392	0.028308	0.058543	0.004417	0.006835	0.005355
1763642236.185740	0.596244	0.023692	0.889040	0.005481	0.028528	0.057908	0.000880	-0.005277	-0.003905
1763642236.213490	0.596486	0.023677	0.888965	0.007694	0.026818	0.057540	0.010378	0.011432	0.009296
1763642236.233506	0.596670	0.023704	0.888894	0.006974	0.026431	0.057331	0.017075	0.007152	0.000176
1763642236.260003	0.596762	0.023716	0.888771	0.008404	0.025473	0.057201	0.007843	-0.006951	-0.021250
1763642236.286720	0.597130	0.023835	0.888361	0.008537	0.024724	0.055831	0.034351	0.009223	0.017378
1763642236.320532	0.597713	0.023925	0.888079	0.009079	0.023809	0.055202	0.019769	-0.007912	-0.004916
1763642236.352598	0.598316	0.024107	0.887930	0.008835	0.021829	0.054909	0.018582	0.006297	0.010294
1763642236.375385	0.598936	0.024359	0.887877	0.010426	0.019049	0.055361	0.031271	0.001727	0.015957
1763642236.404381	0.599209	0.024507	0.887911	0.009702	0.018767	0.054991	0.018680	0.003201	0.012831
1763642236.425770	0.599810	0.024855	0.888169	0.008319	0.018645	0.054296	0.037690	0.007495	0.016052
1763642236.461501	0.600085	0.024975	0.888273	0.008357	0.018635	0.053798	0.007556	-0.000237	-0.002448
1763642236.486689	0.600794	0.025264	0.888425	0.008456	0.018346	0.052700	0.016789	0.017397	0.012997
1763642236.520595	0.601398	0.025533	0.888544	0.006741	0.017085	0.053400	0.013363	0.000139	-0.004178
1763642236.543061	0.601988	0.025846	0.888571	0.006585	0.015793	0.053571	0.039307	0.015109	0.019269
1763642236.575223	0.602257	0.026079	0.888562	0.007360	0.015532	0.053738	0.021549	-0.000932	0.009163
1763642236.597358	0.602781	0.026521	0.888630	0.009488	0.014541	0.053754	0.025669	0.007012	0.007338
1763642236.626519	0.603209	0.026853	0.888688	0.011090	0.013334	0.053858	0.023905	0.012124	0.016369
1763642236.651784	0.603398	0.027067	0.888783	0.011161	0.013353	0.053490	0.018794	-0.003373	0.001098
1763642236.677181	0.603827	0.027486	0.888892	0.012523	0.013869	0.053619	0.015697	0.011635	0.008669
1763642236.701960	0.604037	0.027703	0.888888	0.012812	0.013560	0.053016	0.010611	-0.006210	-0.017448
1763642236.736618	0.604460	0.028149	0.888845	0.012155	0.014762	0.052429	0.018350	0.012852	-0.001091
1763642236.761752	0.604607	0.028352	0.888596	0.011031	0.014866	0.052573	0.006201	0.000393	-0.023357
1763642236.793165	0.604829	0.028841	0.888160	0.009509	0.015851	0.052794	0.014361	0.006520	-0.009005
1763642236.815228	0.605144	0.029255	0.887653	0.008704	0.016010	0.052739	0.017923	-0.008600	-0.017449
1763642236.842662	0.605271	0.029456	0.887505	0.009413	0.016169	0.052712	0.004008	0.000092	-0.014745
1763642236.863918	0.605527	0.029952	0.887190	0.008042	0.017476	0.052173	0.021586	0.009509	0.009881
1763642236.893529	0.605648	0.030197	0.887113	0.007658	0.017408	0.052087	0.025591	0.007900	0.016150
1763642236.917044	0.605936	0.030769	0.887063	0.007542	0.018596	0.052293	0.009721	0.011132	0.009317
1763642236.946226	0.606220	0.031275	0.887292	0.008248	0.019103	0.052408	0.026616	0.004352	0.020886
1763642236.965731	0.606459	0.031764	0.887490	0.008803	0.019192	0.051298	0.008982	-0.002538	-0.007104
1763642236.997265	0.606459	0.031764	0.887490	0.009571	0.018959	0.050550	0.020859	0.013596	0.017283
1763642237.021209	0.606723	0.032592	0.887730	0.011607	0.017035	0.051161	0.018591	-0.002021	-0.005255
1763642237.053583	0.606830	0.032903	0.887735	0.011311	0.016145	0.051215	0.004100	0.000759	-0.000646
1763642237.084463	0.607036	0.033519	0.887651	0.009990	0.015851	0.050791	0.017105	-0.006207	-0.006994
1763642237.114289	0.607172	0.033841	0.887621	0.008931	0.015560	0.051169	0.004243	0.003403	0.005828
1763642237.146625	0.607378	0.034449	0.887598	0.007185	0.015391	0.051667	0.024180	0.010577	0.027774
1763642237.171131	0.607424	0.035446	0.888129	0.010325	0.013996	0.051765	0.002298	-0.002853	0.014539
1763642237.202482	0.607494	0.035831	0.888504	0.007921	0.014721	0.051123	-0.004884	0.014664	0.026186
1763642237.225446	0.607566	0.036466	0.889180	0.007991	0.015515	0.050695	0.008037	0.003635	0.023625
1763642237.258827	0.607524	0.036902	0.889462	0.007641	0.015597	0.050739	-0.000212	0.004124	0.012086
1763642237.281158	0.607567	0.037656	0.890010	0.008589	0.015407	0.050790	0.011978	0.000797	0.001271
1763642237.313507	0.607602	0.037978	0.890286	0.010991	0.015334	0.050780	-0.000266	0.008159	-0.003248
1763642237.339934	0.607616	0.038587	0.890353	0.011343	0.015018	0.050725	0.009158	0.008261	-0.005197
1763642237.369073	0.607575	0.039363	0.890233	0.011464	0.015360	0.049519	-0.008596	0.014608	-0.003386
1763642237.389277	0.607454	0.040085	0.890050	0.011190	0.015370	0.049369	0.007355	0.009985	0.004409
1763642237.421988	0.607411	0.040498	0.889942	0.010953	0.016426	0.048806	-0.008256	-0.001803	-0.017524
1763642237.450805	0.607389	0.041147	0.889680	0.011942	0.015850	0.049187	0.006873	0.013843	0.009279
1763642237.478299	0.607333	0.041628	0.889470	0.012578	0.017513	0.049109	-0.003201	0.001109	-0.011561
1763642237.504180	0.607270	0.041963	0.889338	0.013716	0.017277	0.048146	0.001706	0.011749	-0.002361
1763642237.532897	0.607157	0.042608	0.889142	0.014646	0.017824	0.047769	0.005378	0.004118	-0.007837
1763642237.561635	0.607106	0.042861	0.889007	0.015557	0.017338	0.047848	-0.006802	0.005730	-0.009260
1763642237.591477	0.607022	0.043467	0.888695	0.014256	0.017477	0.047170	0.006720	0.004726	-0.007832
1763642237.626174	0.606891	0.043908	0.888341	0.015414	0.017990	0.047503	-0.008537	-0.009408	-0.015070
1763642237.652303	0.606872	0.044328	0.887981	0.015748	0.017651	0.047256	-0.003279	0.002725	0.005903
1763642237.682418	0.606743	0.044694	0.887751	0.015044	0.019249	0.047271	-0.015599	-0.009656	-0.016718
1763642237.706766	0.606710	0.044819	0.887685	0.015295	0.018944	0.047127	0.003159	0.007096	0.013387
1763642237.741561	0.606666	0.045144	0.887647	0.015441	0.019478	0.047393	0.003311	-0.014866	-0.000705
1763642237.763287	0.606592	0.045388	0.887814	0.014037	0.020177	0.047418	-0.009368	-0.010919	-0.001236
1763642237.795681	0.606560	0.045606	0.888005	0.013674	0.020216	0.047322	0.005278	0.004836	0.022096
1763642237.823011	0.606566	0.045846	0.888266	0.013951	0.019638	0.047319	-0.001817	-0.012341	0.001262
1763642237.853802	0.606645	0.046163	0.888686	0.013956	0.020056	0.047387	0.008194	-0.004315	0.011074
1763642237.874969	0.606755	0.046271	0.888820	0.015242	0.020012	0.047439	0.007936	-0.023268	-0.006982
1763642237.902330	0.606813	0.046314	0.888843	0.015479	0.019868	0.047428	0.008931	-0.004955	0.000932
1763642237.931369	0.606916	0.046356	0.888669	0.014297	0.020093	0.047192	-0.004881	-0.022191	-0.024414
1763642237.956945	0.607044	0.046393	0.888556	0.013880	0.020392	0.047203	-0.002670	-0.001845	-0.002623
1763642237.979168	0.607340	0.046488	0.888213	0.009456	0.020871	0.047548	0.017247	-0.013259	-0.010491
1763642238.006571	0.607471	0.046426	0.887934	0.010974	0.020333	0.047773	0.008042	-0.025005	-0.019044
1763642238.041551	0.607759	0.046434	0.887569	0.012883	0.019655	0.048564	0.013600	-0.003335	-0.000790
1763642238.067862	0.608027	0.046378	0.887229	0.014813	0.018488	0.049121	0.012307	-0.016036	-0.008565
1763642238.102308	0.608243	0.046333	0.887041	0.014792	0.017625	0.049257	0.007683	-0.021154	-0.005471
1763642238.128200	0.608475	0.046293	0.887202	0.014467	0.016595	0.049927	0.026392	-0.017430	0.023201
1763642238.162372	0.608543	0.046266	0.887302	0.013889	0.016405	0.050348	0.016392	-0.015481	0.020882
1763642238.185714	0.608797	0.046244	0.887648	0.011878	0.015601	0.050423	0.001794	-0.019331	0.021724
1763642238.221840	0.609197	0.046236	0.888421	0.008522	0.016361	0.051066	0.023590	-0.011754	0.039875
1763642238.248616	0.609323	0.046255	0.889305	0.009704	0.014203	0.051222	0.004716	-0.023348	0.011819
1763642238.283367	0.609415	0.046246	0.890248	0.009165	0.013555	0.051491	0.010299	-0.004523	0.025616
1763642238.321144	0.609530	0.046263	0.890586	0.010055	0.012813	0.051076	0.000240	-0.024948	0.004980
1763642238.345566	0.609765	0.046355	0.891419	0.009748	0.013092	0.050683	0.008899	-0.002477	0.016207
1763642238.376841	0.609795	0.046412	0.891613	0.010871	0.013450	0.050363	-0.000367	-0.019612	-0.003000
1763642238.403554	0.609797	0.046439	0.891696	0.010938	0.013545	0.050447	-0.013402	-0.004519	-0.008772
1763642238.431694	0.609675	0.046520	0.891502	0.011907	0.013329	0.049764	0.010862	-0.020799	-0.014648
1763642238.456246	0.609582	0.046559	0.891308	0.012331	0.012953	0.049675	-0.010975	-0.010186	-0.023975
1763642238.485291	0.609405	0.046658	0.890863	0.011440	0.013431	0.048957	0.013740	-0.007347	-0.014227
1763642238.513642	0.609321	0.046725	0.890589	0.011088	0.013767	0.048619	-0.004698	-0.019573	-0.036950
1763642238.539358	0.609179	0.046734	0.889669	0.009268	0.014811	0.047965	0.003943	-0.009147	-0.016475
1763642238.566796	0.608980	0.046829	0.889014	0.010165	0.015437	0.047808	-0.012314	-0.018697	-0.022970
1763642238.591550	0.608756	0.046858	0.888231	0.009819	0.015454	0.047810	-0.017015	-0.007558	-0.015464
1763642238.624498	0.608578	0.046792	0.887886	0.012738	0.014917	0.047788	0.009251	-0.009407	-0.000136
1763642238.651266	0.608332	0.046765	0.887343	0.016158	0.013569	0.047583	-0.011160	-0.016935	-0.014044
1763642238.681233	0.608015	0.046759	0.886959	0.016628	0.014177	0.047390	-0.003904	-0.007764	0.001988
1763642238.707916	0.607790	0.046736	0.886876	0.016688	0.014963	0.046616	-0.001260	-0.013291	0.009211
1763642238.741103	0.607347	0.046655	0.886851	0.016751	0.014788	0.046643	-0.014556	-0.022853	0.001646
1763642238.765556	0.606963	0.046436	0.887173	0.015767	0.015497	0.046331	0.002139	-0.011450	0.035178
1763642238.800701	0.606820	0.046372	0.887414	0.015283	0.016517	0.046051	-0.003243	-0.027853	0.017738
1763642238.826926	0.606257	0.046061	0.888352	0.015712	0.018219	0.046806	-0.009166	-0.016051	0.020544
1763642238.858962	0.605980	0.045777	0.888851	0.015507	0.018441	0.046563	0.004140	-0.026924	0.016855
1763642238.885406	0.605757	0.045574	0.889144	0.014869	0.018821	0.046125	-0.017140	-0.019071	-0.000904
1763642238.908316	0.605561	0.045389	0.889323	0.014422	0.019186	0.046298	-0.001416	-0.015914	0.019596
1763642238.940598	0.605250	0.045031	0.889514	0.012769	0.020590	0.046010	-0.018696	-0.024265	-0.005559
1763642238.961168	0.605006	0.044704	0.889579	0.013030	0.019824	0.045307	0.001045	-0.016132	0.010369
1763642238.993093	0.604839	0.044465	0.889612	0.013514	0.020102	0.045220	0.001907	-0.023767	-0.001345
1763642239.017012	0.604510	0.043900	0.889331	0.013162	0.019793	0.044479	-0.002724	-0.024259	-0.011136
1763642239.047330	0.604419	0.043629	0.889200	0.013296	0.019744	0.043933	-0.004587	-0.018305	-0.002422
1763642239.073876	0.604133	0.042840	0.888338	0.010553	0.018905	0.044551	-0.008510	-0.030179	-0.021726
1763642239.097682	0.604035	0.042527	0.888002	0.011885	0.018549	0.044570	-0.002439	-0.022583	-0.013579
1763642239.128254	0.603957	0.042186	0.887654	0.012842	0.017845	0.044683	-0.005399	-0.037881	-0.027643
1763642239.161171	0.603805	0.041578	0.887063	0.015254	0.016879	0.045122	0.006315	-0.026866	0.002615
1763642239.187778	0.603641	0.040917	0.886605	0.013452	0.016534	0.045731	0.003607	-0.036338	0.005798
1763642239.218024	0.603387	0.040122	0.886349	0.010682	0.016510	0.045673	-0.014737	-0.043320	-0.001590
1763642239.243172	0.603201	0.039365	0.886499	0.011146	0.016119	0.046875	-0.005371	-0.027647	0.021460
1763642239.274652	0.603109	0.039015	0.886709	0.012302	0.015543	0.047727	0.008352	-0.034453	0.031538
1763642239.300897	0.602834	0.038173	0.887276	0.011885	0.014641	0.047285	-0.006102	-0.041321	0.022321
1763642239.330093	0.602572	0.037392	0.888124	0.010687	0.014925	0.047033	0.005273	-0.029789	0.032113
1763642239.364223	0.602446	0.036978	0.888448	0.008960	0.015483	0.046805	-0.011244	-0.036662	0.005845
1763642239.384890	0.602218	0.036214	0.889149	0.010211	0.014159	0.047319	0.000346	-0.030269	0.006987
1763642239.413268	0.601994	0.035754	0.889309	0.011205	0.013065	0.047245	-0.018654	-0.041896	-0.020047
1763642239.435286	0.601551	0.034889	0.889315	0.012208	0.013810	0.045727	0.003078	-0.035015	-0.002075
1763642239.457612	0.601271	0.034379	0.889126	0.011649	0.014651	0.045660	-0.019034	-0.044197	-0.028469
1763642239.488287	0.600906	0.033533	0.888772	0.010193	0.015636	0.046390	-0.014158	-0.037023	-0.017507
1763642239.541529	0.600296	0.032168	0.888110	0.008124	0.016120	0.046236	-0.010130	-0.046210	-0.025374
1763642239.572962	0.599940	0.031258	0.887804	0.006430	0.016455	0.047085	0.001162	-0.035498	-0.000419
1763642239.597155	0.599476	0.030433	0.887725	0.005669	0.017378	0.047839	-0.018785	-0.045366	-0.017535
1763642239.621310	0.598983	0.029566	0.887661	0.006410	0.018134	0.046601	-0.012050	-0.027247	0.000923
1763642239.650997	0.598761	0.029091	0.887632	0.006377	0.017498	0.046168	-0.003853	-0.030182	0.004672
1763642239.682579	0.598352	0.028346	0.887627	0.005795	0.016971	0.045519	-0.004976	-0.045137	-0.010577
1763642239.708547	0.597819	0.027662	0.887539	0.004554	0.017026	0.045060	0.001555	-0.028579	0.006710
1763642239.746062	0.597564	0.027261	0.887496	0.004283	0.017415	0.044493	-0.015162	-0.043428	-0.020941
1763642239.772419	0.597167	0.026588	0.887533	0.003462	0.019180	0.044284	-0.002824	-0.018807	0.006664
1763642239.801944	0.596816	0.026038	0.887445	0.005113	0.018867	0.044334	-0.012343	-0.038866	-0.013636
1763642239.825968	0.596440	0.025502	0.887528	0.005590	0.019043	0.044143	-0.013537	-0.021909	-0.001684
1763642239.854047	0.596198	0.025222	0.887560	0.005566	0.019418	0.043629	-0.002632	-0.014828	0.011620
1763642239.875573	0.595825	0.024842	0.887674	0.005625	0.019885	0.043656	-0.015889	-0.027618	-0.006150
1763642239.903705	0.595565	0.024641	0.887807	0.005562	0.018930	0.042942	-0.012657	-0.012939	0.000075
1763642239.928274	0.595155	0.024211	0.888007	0.005387	0.018868	0.042688	-0.019209	-0.024224	-0.015142
1763642239.958988	0.594982	0.024055	0.888045	0.006016	0.019234	0.042154	-0.005881	-0.012467	-0.003830
1763642239.982844	0.594736	0.023804	0.888014	0.006075	0.019400	0.041737	0.010109	-0.018289	-0.010709
1763642240.012186	0.594620	0.023686	0.887962	0.007318	0.019323	0.041708	-0.008205	-0.025682	-0.016060
1763642240.035851	0.594429	0.023445	0.887937	0.007549	0.019794	0.041261	0.009408	-0.024253	-0.001122
1763642240.069083	0.594319	0.023307	0.887924	0.008764	0.018810	0.040398	-0.007239	-0.032698	-0.008908
1763642240.092079	0.593809	0.022853	0.887889	0.005966	0.018294	0.040657	-0.006621	-0.013851	0.007162
1763642240.122252	0.593649	0.022754	0.887990	0.007273	0.018137	0.040291	-0.020523	-0.023115	-0.006043
1763642240.145308	0.593441	0.022636	0.888135	0.008789	0.017516	0.039910	-0.009061	-0.006256	0.005894
1763642240.171987	0.593315	0.022572	0.888175	0.009529	0.017468	0.039739	0.000227	-0.012935	0.007405
1763642240.196844	0.593110	0.022379	0.888299	0.008639	0.018020	0.039033	-0.010847	-0.010410	-0.005474
1763642240.223180	0.592816	0.022124	0.888382	0.009985	0.019384	0.038712	0.002537	-0.017282	-0.004702
1763642240.250332	0.592694	0.022035	0.888453	0.010271	0.019715	0.038352	-0.010959	-0.027263	-0.021385
1763642240.272388	0.592513	0.021858	0.888472	0.011152	0.020278	0.037649	0.004586	-0.012803	-0.001824
1763642240.295053	0.592499	0.021775	0.888520	0.010454	0.020689	0.037475	-0.012145	-0.028382	-0.020426
1763642240.324861	0.592448	0.021666	0.888503	0.010468	0.020240	0.037232	-0.018841	-0.013852	-0.014897
1763642240.348225	0.592332	0.021486	0.888426	0.009774	0.020706	0.036464	-0.007596	-0.022808	-0.018123
1763642240.376462	0.592238	0.021294	0.888345	0.009257	0.020748	0.035878	-0.005816	-0.026331	-0.028731
1763642240.404322	0.592213	0.021213	0.888294	0.008462	0.020824	0.035876	0.015467	-0.016192	0.001958
1763642240.433591	0.592161	0.020998	0.888074	0.007767	0.022256	0.035398	-0.006241	-0.024047	-0.012158
1763642240.466999	0.592163	0.020885	0.888035	0.007402	0.022553	0.035172	-0.016786	-0.020908	-0.015010
1763642240.489161	0.592246	0.020575	0.888286	0.007961	0.021918	0.033928	-0.002645	-0.026087	-0.000873
1763642240.522829	0.592294	0.020458	0.888392	0.007721	0.021071	0.033877	-0.005366	-0.023705	-0.010400
1763642240.550601	0.592330	0.020221	0.888708	0.008088	0.020755	0.033735	0.008822	-0.010913	0.010317
1763642240.578960	0.592486	0.019975	0.888905	0.006436	0.021451	0.033472	-0.009463	-0.020877	-0.014115
1763642240.602311	0.592623	0.019927	0.888980	0.004696	0.022060	0.033386	0.009852	-0.006531	0.002258
1763642240.636995	0.592835	0.019814	0.889119	0.003325	0.022290	0.033075	0.002440	-0.018725	-0.011238
1763642240.668075	0.593128	0.019785	0.889079	0.001976	0.022459	0.033004	0.007274	-0.010474	-0.010273
1763642240.696824	0.593458	0.019775	0.888958	0.003090	0.021871	0.033226	0.010623	-0.019542	-0.012700
1763642240.722722	0.593907	0.019819	0.888962	0.003997	0.021664	0.033498	-0.004100	-0.008127	-0.017909
1763642240.748265	0.594148	0.019869	0.888910	0.003473	0.021898	0.033859	0.010581	0.005359	0.007419
1763642240.769874	0.594603	0.020018	0.888938	0.002882	0.022500	0.034969	0.001894	-0.009040	-0.015738
1763642240.800627	0.594837	0.020074	0.888979	0.002515	0.022315	0.035361	-0.001595	-0.003073	-0.016750
1763642240.825712	0.595425	0.020385	0.889106	0.003185	0.021624	0.034667	0.009445	0.001030	-0.008616
1763642240.851760	0.595721	0.020633	0.889178	0.002829	0.020685	0.034788	0.005320	-0.005507	-0.020372
1763642240.876022	0.596278	0.021060	0.889146	0.002236	0.019664	0.034258	0.020228	0.011880	-0.006008
1763642240.900409	0.596568	0.021283	0.889115	0.001959	0.018887	0.034344	0.013208	0.001602	-0.020199
1763642240.925811	0.597262	0.021797	0.888981	0.001797	0.017570	0.034507	0.007720	-0.005171	-0.024920
1763642240.954772	0.597543	0.022077	0.888898	0.003119	0.017044	0.034527	0.020672	0.013041	-0.003581
1763642240.990538	0.598033	0.022713	0.888707	0.006149	0.016182	0.034922	0.011174	0.001893	-0.016085
1763642241.014647	0.598558	0.023290	0.888552	0.008606	0.014759	0.035193	0.001582	0.009007	-0.009487
1763642241.050868	0.598811	0.023642	0.888527	0.010567	0.014229	0.035429	0.012843	0.018923	0.004658
1763642241.077139	0.599541	0.024475	0.888826	0.009940	0.013554	0.035864	0.000888	0.000854	-0.016214
1763642241.103798	0.599740	0.024776	0.889025	0.011613	0.012625	0.036233	0.004949	0.012667	0.003645
1763642241.137826	0.599997	0.025331	0.889397	0.013555	0.011315	0.036428	0.011291	0.018191	0.018963
1763642241.162981	0.600263	0.025956	0.889775	0.015249	0.010991	0.036205	-0.009928	0.009320	0.001811
1763642241.197446	0.600369	0.026198	0.890061	0.017300	0.010961	0.036433	0.007313	0.009322	0.017600
1763642241.224929	0.600619	0.026910	0.890750	0.015365	0.012156	0.036130	-0.010988	-0.003308	-0.010245
1763642241.256639	0.600569	0.027058	0.890890	0.016124	0.012128	0.036105	-0.000239	0.014295	0.001709
1763642241.283184	0.600575	0.027304	0.890994	0.016768	0.013260	0.035419	-0.015885	-0.003844	-0.025459
1763642241.313791	0.600582	0.027391	0.890963	0.016775	0.013745	0.034931	-0.001956	0.004009	-0.013662
1763642241.335378	0.600446	0.027521	0.890745	0.016959	0.014429	0.035300	-0.008277	-0.014585	-0.035218
1763642241.367583	0.600270	0.027581	0.890467	0.016868	0.016112	0.035383	-0.017585	-0.011603	-0.046005
1763642241.393747	0.599879	0.027611	0.889323	0.019576	0.016943	0.036127	0.000414	-0.004040	-0.014002
1763642241.424851	0.599772	0.027539	0.889011	0.019707	0.016955	0.036440	-0.022091	-0.018589	-0.032499
1763642241.456321	0.599676	0.027484	0.888540	0.019392	0.017958	0.037387	-0.010267	-0.015258	-0.014314
1763642241.488016	0.599427	0.027164	0.888411	0.018255	0.019518	0.037835	0.004830	-0.019036	0.001597
1763642241.523704	0.599223	0.026706	0.888550	0.016554	0.021165	0.038268	-0.009032	-0.024799	-0.009112
1763642241.547366	0.599074	0.026301	0.888734	0.014642	0.022557	0.038436	0.000428	-0.014955	0.009992
1763642241.579636	0.598876	0.025756	0.889021	0.013963	0.022539	0.038025	-0.003805	-0.026682	-0.005402
1763642241.604330	0.598810	0.025463	0.889166	0.014899	0.022059	0.037768	0.000328	-0.013390	0.006535
1763642241.639593	0.598715	0.024759	0.889424	0.014904	0.021627	0.037534	-0.005173	-0.026704	-0.008672
1763642241.675256	0.598660	0.024045	0.889335	0.013607	0.021016	0.037284	-0.004723	-0.016594	-0.005220
1763642241.698772	0.598551	0.023331	0.889106	0.014707	0.020569	0.038040	-0.003752	-0.037610	-0.035730
1763642241.731665	0.598518	0.022490	0.888703	0.013790	0.019351	0.038572	0.003554	-0.027748	-0.021241
1763642241.759351	0.598528	0.022066	0.888419	0.014808	0.019028	0.038256	0.014169	-0.022393	-0.006667
1763642241.785851	0.598553	0.021213	0.887891	0.013054	0.018936	0.038367	-0.008489	-0.036901	-0.027047
1763642241.811021	0.598544	0.020263	0.887480	0.008717	0.017943	0.040210	-0.008327	-0.030451	-0.017466
1763642241.837816	0.598512	0.019812	0.887386	0.008207	0.017846	0.039883	0.012542	-0.017823	0.010872
1763642241.862623	0.598444	0.018939	0.887405	0.008814	0.016412	0.039492	0.003260	-0.035047	-0.001695
1763642241.893940	0.598384	0.018455	0.887505	0.006537	0.016906	0.039425	-0.009173	-0.033491	0.000005
1763642241.928394	0.598186	0.017540	0.887674	0.006804	0.016619	0.038954	0.001294	-0.017977	0.021368
1763642241.953522	0.597962	0.016712	0.888054	0.005750	0.017173	0.039450	-0.002564	-0.036086	0.000512
1763642241.991043	0.597797	0.015721	0.888632	0.007815	0.017621	0.038457	0.006764	-0.021129	0.013942
1763642242.019103	0.597707	0.014835	0.888889	0.008193	0.017633	0.038487	0.006855	-0.034819	0.000826
1763642242.056056	0.597546	0.014040	0.889066	0.007593	0.017665	0.038800	-0.014020	-0.018179	-0.007420
1763642242.084314	0.597307	0.013330	0.889063	0.007074	0.017501	0.038784	0.007109	-0.032133	-0.015054
1763642242.107660	0.597011	0.012592	0.888844	0.003164	0.017531	0.038786	-0.010925	-0.008152	-0.012193
1763642242.131993	0.596874	0.012242	0.888590	0.002256	0.018099	0.038766	0.002427	-0.010162	-0.011066
1763642242.157850	0.596669	0.011888	0.888286	0.000561	0.018842	0.038620	0.000924	-0.017954	-0.014834
1763642242.185054	0.596364	0.011274	0.887613	0.002489	0.017241	0.038759	-0.009614	-0.021437	-0.029050
1763642242.210367	0.595974	0.010685	0.886909	0.003950	0.016374	0.038791	0.003892	-0.005993	-0.013772
1763642242.247009	0.595861	0.010374	0.886532	0.003478	0.016064	0.038410	-0.004307	-0.021664	-0.030244
1763642242.271025	0.595221	0.009594	0.885545	0.002732	0.015566	0.037972	-0.011651	-0.013529	-0.026449
1763642242.301914	0.595041	0.009360	0.885247	0.003958	0.015067	0.038367	-0.012155	0.001735	-0.005360
1763642242.326010	0.594540	0.008957	0.884597	0.006616	0.014585	0.038713	-0.021236	-0.010330	-0.021123
1763642242.356620	0.594254	0.008754	0.884327	0.008423	0.014818	0.038674	-0.019033	-0.002077	-0.011818
1763642242.380827	0.593719	0.008378	0.883750	0.005567	0.015515	0.039273	-0.011747	0.006930	-0.002165
1763642242.406763	0.593168	0.008100	0.883466	0.004989	0.017262	0.039308	-0.026434	-0.008777	-0.021853
1763642242.431232	0.592837	0.007932	0.883267	0.004678	0.016935	0.039289	-0.020726	-0.008121	-0.012226
1763642242.465357	0.592527	0.007802	0.883074	0.005715	0.017428	0.039104	-0.008795	0.008921	0.011708
1763642242.487082	0.591804	0.007549	0.882943	0.006770	0.019441	0.040019	-0.025565	-0.008748	-0.011869
1763642242.525281	0.591089	0.007284	0.882936	0.008108	0.020260	0.040124	-0.028292	-0.000462	-0.005025
1763642242.550320	0.590406	0.007054	0.883041	0.007544	0.021738	0.040295	-0.010335	0.004236	0.019504
1763642242.583730	0.589744	0.006855	0.883225	0.006750	0.022288	0.040884	-0.021798	-0.009914	-0.001394
1763642242.605063	0.589124	0.006718	0.883596	0.007300	0.023070	0.040723	-0.014226	0.008405	0.025898
1763642242.636591	0.588701	0.006663	0.883958	0.007750	0.022904	0.041289	-0.004920	0.005359	0.029951
1763642242.657506	0.588060	0.006527	0.884495	0.006283	0.023608	0.041748	-0.020438	-0.005420	0.009042
1763642242.694348	0.587755	0.006422	0.884705	0.006941	0.023075	0.041982	-0.028400	-0.001487	0.007910
1763642242.718067	0.587014	0.006233	0.885069	0.008629	0.022322	0.042561	-0.015167	-0.002775	0.008858
1763642242.745328	0.587014	0.006233	0.885069	0.008629	0.022322	0.042561	-0.024492	0.013036	0.006203
1763642242.771843	0.587014	0.006233	0.885069	0.008629	0.022322	0.042561	-0.011382	0.008566	0.006912
1763642242.797051	0.585388	0.005800	0.885295	0.010173	0.021411	0.040844	-0.011211	-0.011420	-0.007145
1763642242.822075	0.584729	0.005467	0.884981	0.009150	0.020988	0.040357	-0.021662	0.001922	-0.009238
1763642242.853753	0.584321	0.005304	0.884610	0.010878	0.021177	0.040273	-0.008360	0.002741	-0.011077
1763642242.880420	0.583779	0.005023	0.883874	0.013226	0.019138	0.040511	-0.023630	-0.000871	-0.020803
1763642242.906481	0.583514	0.004836	0.883537	0.012346	0.018975	0.040658	-0.011625	0.008476	-0.008315
1763642242.932986	0.582862	0.004485	0.882678	0.013439	0.018752	0.040421	-0.025122	-0.007538	-0.031077
1763642242.958176	0.582475	0.004249	0.882220	0.014273	0.018424	0.040606	-0.021391	-0.010352	-0.023759
1763642242.986088	0.581799	0.003788	0.881343	0.012093	0.019783	0.039895	-0.008796	-0.001140	-0.007366
1763642243.012234	0.581132	0.003266	0.880561	0.008559	0.020899	0.039715	-0.030808	-0.014275	-0.025301
1763642243.039229	0.580795	0.002955	0.880147	0.008474	0.021743	0.039615	-0.027001	-0.009032	-0.009602
1763642243.062138	0.580177	0.002402	0.879677	0.008562	0.022463	0.040906	-0.013909	0.003495	0.017915
1763642243.088365	0.579899	0.002118	0.879587	0.008969	0.022690	0.041492	-0.006117	-0.006473	0.019166
1763642243.111530	0.579349	0.001534	0.879745	0.010279	0.023374	0.040895	-0.020266	-0.020412	0.005013
1763642243.150541	0.579099	0.001175	0.879872	0.011068	0.023941	0.041034	-0.019068	-0.008954	0.010667
1763642243.173534	0.578310	0.000177	0.880397	0.008181	0.025611	0.040928	-0.008178	-0.009271	0.022488
1763642243.206223	0.578054	-0.000114	0.880577	0.008369	0.026118	0.041025	-0.022223	-0.013514	0.009385
1763642243.234000	0.577522	-0.000598	0.880919	0.007624	0.026383	0.040782	-0.008514	0.001253	0.021483
1763642243.269358	0.577228	-0.000938	0.881065	0.007355	0.026669	0.039988	-0.014986	-0.012041	-0.004445
1763642243.291089	0.576758	-0.001902	0.881205	0.009361	0.025607	0.039457	0.002847	0.001826	0.006013
1763642243.323695	0.576602	-0.002184	0.881064	0.007286	0.026047	0.039787	-0.002197	-0.008225	-0.003282
1763642243.347861	0.576390	-0.002716	0.880843	0.005624	0.025665	0.040165	0.001422	0.001326	0.001196
1763642243.378377	0.576274	-0.002939	0.880673	0.004846	0.025144	0.040169	0.004458	0.001263	0.008313
1763642243.409543	0.576038	-0.003457	0.880370	0.002536	0.023638	0.040561	-0.005151	-0.014542	-0.008608
1763642243.439078	0.575947	-0.004045	0.880181	0.004022	0.023321	0.039409	-0.009960	0.003082	0.013145
1763642243.473136	0.575792	-0.004627	0.880271	0.005132	0.021656	0.038624	-0.001632	-0.012004	0.017796
1763642243.499282	0.575660	-0.005098	0.880577	0.006152	0.020852	0.037962	-0.011860	-0.005177	0.014464
1763642243.532079	0.575624	-0.005261	0.880700	0.005336	0.021050	0.037701	0.001222	0.006543	0.023356
1763642243.554400	0.575545	-0.005997	0.881073	0.005712	0.021960	0.037390	-0.005693	-0.005247	-0.000492
1763642243.584263	0.575512	-0.006205	0.881066	0.007121	0.022344	0.037009	-0.010258	-0.000999	0.004083
1763642243.608875	0.575445	-0.006419	0.881062	0.008189	0.023071	0.036759	-0.002094	-0.016028	-0.005614
1763642243.639125	0.575414	-0.006931	0.880948	0.010395	0.022500	0.036663	-0.010979	0.004256	0.002541
1763642243.661879	0.575339	-0.007457	0.880854	0.010894	0.021849	0.035909	0.003693	-0.008033	-0.003040
1763642243.694706	0.575306	-0.007731	0.880770	0.010092	0.022444	0.035374	0.004719	-0.011288	-0.004161
1763642243.716014	0.575279	-0.008248	0.880551	0.007811	0.021469	0.033453	0.014237	0.002707	0.014963
1763642243.749681	0.575211	-0.008783	0.880347	0.006952	0.021097	0.032978	-0.004004	-0.009790	-0.002960
1763642243.775142	0.575253	-0.009202	0.880109	0.001223	0.020131	0.031239	-0.006108	0.002397	0.012260
1763642243.797549	0.575181	-0.009461	0.880137	0.000900	0.019492	0.030741	0.010045	0.006426	0.018076
1763642243.822179	0.575083	-0.009727	0.880158	0.001746	0.018801	0.030940	0.001625	-0.005702	0.003668
1763642243.850730	0.574954	-0.010076	0.880210	0.001283	0.018530	0.030860	0.002636	0.006585	0.014335
1763642243.880934	0.574801	-0.010452	0.880138	0.002073	0.018425	0.029966	0.002824	0.002104	0.012504
1763642243.912621	0.574710	-0.010660	0.880098	0.003041	0.017536	0.029529	-0.002619	0.008276	0.010049
1763642243.940622	0.574500	-0.011112	0.879967	0.005153	0.016834	0.028462	-0.001771	-0.003170	0.005466
1763642243.969692	0.574171	-0.011434	0.879720	0.005981	0.016774	0.027247	-0.008808	0.008830	0.005371
1763642244.002631	0.573931	-0.011663	0.879572	0.007267	0.016857	0.026479	0.011087	-0.002659	0.005303
1763642244.027459	0.573479	-0.011936	0.879371	0.006553	0.018083	0.024558	-0.006781	-0.000860	-0.004317
1763642244.061093	0.573379	-0.012064	0.879245	0.006969	0.018375	0.024156	0.003377	0.001279	-0.001286
1763642244.088592	0.573051	-0.012444	0.878992	0.007829	0.019139	0.022745	-0.016318	-0.003848	-0.017710
1763642244.119430	0.572537	-0.012900	0.878616	0.006774	0.019086	0.021879	-0.004055	0.003691	0.010541
1763642244.141227	0.572001	-0.013249	0.878328	0.006864	0.018107	0.021577	-0.023645	-0.004581	-0.007163
1763642244.177839	0.571737	-0.013398	0.878271	0.006696	0.017838	0.021185	-0.012569	-0.004674	-0.004985
1763642244.219429	0.571319	-0.013670	0.878139	0.006225	0.018911	0.019819	-0.017127	-0.005792	-0.014182
1763642244.246605	0.570585	-0.014344	0.877756	0.006785	0.021151	0.017958	-0.006736	0.003263	0.007072
1763642244.277477	0.570019	-0.014662	0.877673	0.006171	0.021583	0.016662	-0.021457	-0.005165	-0.007438
1763642244.306390	0.569716	-0.014832	0.877660	0.006178	0.021727	0.015872	-0.000690	0.009176	0.014656
1763642244.339519	0.569303	-0.015094	0.877657	0.005186	0.022210	0.015284	-0.014353	-0.008515	-0.014522
1763642244.365675	0.568880	-0.015225	0.877668	0.004452	0.022561	0.014242	-0.006983	0.004058	0.003518
1763642244.394369	0.568250	-0.015481	0.877606	0.005662	0.022219	0.013089	-0.010449	-0.004142	-0.009325
1763642244.425768	0.567981	-0.015653	0.877484	0.004660	0.022047	0.012465	-0.011256	0.007630	0.000722
1763642244.453831	0.567524	-0.015894	0.877464	0.004114	0.021407	0.011983	-0.022086	-0.003527	-0.011459
1763642244.483394	0.567018	-0.016145	0.877298	0.002816	0.023434	0.010305	-0.006971	0.016244	0.005371
1763642244.520320	0.566773	-0.016222	0.877248	0.002152	0.023362	0.009885	-0.000266	-0.004794	-0.004009
1763642244.579672	0.565928	-0.016287	0.877083	0.001359	0.025076	0.008547	-0.015835	-0.004934	-0.008753
1763642244.609149	0.565521	-0.016300	0.877062	0.000007	0.025707	0.007723	-0.016617	0.016080	0.001151
1763642244.642839	0.565048	-0.016174	0.877130	0.000572	0.025724	0.007143	-0.004044	0.004806	-0.005612
1763642244.667151	0.564665	-0.016116	0.877152	0.002308	0.025236	0.006157	0.002697	0.019733	0.008689
1763642244.696924	0.564301	-0.015955	0.877138	0.001294	0.025283	0.005447	0.005212	0.007589	-0.006615
1763642244.725279	0.564033	-0.015717	0.876994	0.002470	0.025027	0.004275	-0.013532	0.017938	-0.010061
1763642244.755297	0.563930	-0.015575	0.876917	0.002607	0.024676	0.003774	0.004069	0.022840	0.002296
1763642244.786754	0.563609	-0.015256	0.876711	0.001892	0.023600	0.002416	-0.012386	0.020436	-0.003799
1763642244.808349	0.563411	-0.014868	0.876560	0.001569	0.023580	0.001572	0.003671	0.029956	0.009754
1763642244.842635	0.563253	-0.014678	0.876482	0.001914	0.023417	0.001756	-0.009815	0.010265	-0.008983
1763642244.863042	0.563083	-0.014259	0.876577	0.003008	0.023647	0.000880	0.005887	0.023939	0.010147
1763642244.898473	0.563013	-0.014040	0.876694	0.004816	0.024153	0.000670	-0.002077	0.016817	-0.003340
1763642244.919918	0.562799	-0.013304	0.876843	0.006659	0.024115	-0.001099	0.009325	0.029083	0.016585
1763642244.944408	0.562708	-0.013081	0.876921	0.007701	0.024548	-0.001753	-0.000504	0.015626	-0.003778
1763642244.969322	0.562662	-0.012782	0.876985	0.007547	0.024298	-0.002087	-0.006208	0.018780	-0.008462
1763642244.993594	0.562639	-0.012324	0.877027	0.006930	0.024411	-0.002320	0.003827	0.025701	0.005496
1763642245.024752	0.562657	-0.012043	0.876993	0.007339	0.024014	-0.002386	-0.001300	0.015423	-0.018711
1763642245.053263	0.562690	-0.011545	0.877061	0.006720	0.024339	-0.002298	0.016254	0.027178	0.011803
1763642245.076241	0.562784	-0.011124	0.877124	0.008516	0.024255	-0.002808	-0.007959	0.015834	-0.008042
1763642245.103873	0.562829	-0.010929	0.877103	0.009590	0.024311	-0.002892	0.007988	0.031875	0.015166
1763642245.137141	0.562825	-0.010558	0.877108	0.009663	0.024215	-0.003666	0.011920	0.016255	0.002211
1763642245.170197	0.562925	-0.010192	0.877173	0.008523	0.023435	-0.003726	0.015662	0.025781	0.009050
1763642245.195865	0.563036	-0.009779	0.877291	0.007826	0.023298	-0.004042	0.015714	0.020521	0.004744
1763642245.232550	0.563119	-0.009582	0.877409	0.007591	0.022890	-0.003948	-0.000386	0.022814	0.001070
1763642245.253457	0.563301	-0.009125	0.877487	0.006903	0.022699	-0.004870	0.003438	0.016892	-0.007812
1763642245.278831	0.563351	-0.008917	0.877493	0.006215	0.022793	-0.004810	0.004707	0.018267	-0.003735
1763642245.305037	0.563543	-0.008584	0.877466	0.005083	0.022489	-0.004612	0.018799	0.011901	-0.004681
1763642245.334780	0.563774	-0.008243	0.877414	0.005838	0.022363	-0.004814	0.001289	0.019862	-0.012213
1763642245.361148	0.563854	-0.008081	0.877394	0.006143	0.022061	-0.005759	0.023058	0.017684	-0.004254
1763642245.395459	0.564051	-0.007679	0.877206	0.007918	0.021258	-0.005987	0.006415	0.015181	-0.023667
1763642245.420567	0.564350	-0.007258	0.877041	0.007755	0.020662	-0.005562	0.024718	0.025779	0.001821
1763642245.449718	0.564536	-0.006922	0.876872	0.007120	0.020263	-0.005935	0.003531	0.012136	-0.014088
1763642245.480750	0.564936	-0.006511	0.876658	0.006035	0.019947	-0.005914	0.019986	0.032222	0.015580
1763642245.510007	0.565198	-0.006090	0.876603	0.006020	0.020310	-0.006426	0.013675	0.015311	-0.003943
1763642245.535288	0.565304	-0.005934	0.876644	0.006360	0.020418	-0.006830	0.017235	0.028749	0.011414
1763642245.566199	0.565407	-0.005809	0.876678	0.006760	0.020008	-0.006632	0.020592	0.016468	0.006246
1763642245.586647	0.565679	-0.005585	0.876723	0.005680	0.019570	-0.006837	0.007040	0.028718	0.015147
1763642245.623609	0.566052	-0.005200	0.876765	0.006745	0.019342	-0.007078	0.014659	0.014931	0.009504
1763642245.648685	0.566464	-0.004869	0.876984	0.005940	0.019113	-0.008402	0.018456	0.025837	0.012908
1763642245.673144	0.566763	-0.004622	0.877180	0.005201	0.018585	-0.008379	0.002508	0.008233	-0.010291
1763642245.706054	0.566924	-0.004549	0.877267	0.005954	0.018310	-0.008443	0.006049	0.010679	-0.004416
1763642245.725988	0.567219	-0.004341	0.877476	0.006490	0.017713	-0.008026	0.011882	0.009601	-0.001187
1763642245.756942	0.567399	-0.004241	0.877476	0.007646	0.017677	-0.008130	0.008052	0.010999	-0.009557
1763642245.781541	0.567679	-0.004066	0.877487	0.008352	0.017191	-0.008270	0.014441	0.009445	0.003430
1763642245.805430	0.567902	-0.003941	0.877478	0.006959	0.017426	-0.008326	-0.005021	0.020067	-0.000182
1763642245.831273	0.568141	-0.003775	0.877474	0.006414	0.017659	-0.008290	0.012092	0.019945	0.011489
1763642245.863086	0.568229	-0.003742	0.877474	0.006022	0.017882	-0.008588	0.002094	0.009015	-0.009327
1763642245.886840	0.568418	-0.003573	0.877514	0.006046	0.018113	-0.009414	0.018927	0.022133	0.008036
1763642245.914621	0.568761	-0.003403	0.877531	0.006521	0.019004	-0.009870	0.002042	0.011472	-0.010899
1763642245.941743	0.568884	-0.003327	0.877473	0.006462	0.019240	-0.010044	0.021421	0.019346	-0.000798
1763642245.968367	0.569180	-0.003217	0.877256	0.004853	0.021071	-0.010711	0.001492	0.006788	-0.025113
1763642245.990890	0.569377	-0.003093	0.876937	0.006450	0.022284	-0.011886	0.015509	0.024625	0.002560
1763642246.013766	0.569492	-0.003015	0.876765	0.006423	0.022486	-0.012815	0.015470	0.008449	-0.014346
1763642246.078949	0.569590	-0.002970	0.876524	0.005998	0.022792	-0.013307	0.009564	0.025574	0.000179
